<?xml version="1.0" encoding="UTF-8"?>
<!-- This file was autogenerated by openCONFIGURATOR-2.2.1_release on 21-May-2024 15:51:09 -->
<!-- Project: ASTREOS-1_OpenPOWERLINK -->
<!-- Application process for OBC_MN(240) -->
<ApplicationProcess xmlns="http://ethernet-powerlink.org/POWERLINK/PI">
	<ProcessImage type="output" size="550">
		<Channel Name="CN1.EC.In.AI16.EC1" dataType="Integer16" dataSize="16" PIOffset="0x0000"/>
		<Channel Name="CN1.VALVE.In.AI16.VALVE1" dataType="Integer16" dataSize="16" PIOffset="0x0002"/>
		<Channel Name="CN1.VALVE.In.AI16.VALVE2" dataType="Integer16" dataSize="16" PIOffset="0x0004"/>
		<Channel Name="CN1.VALVE.In.AI16.VALVE3" dataType="Integer16" dataSize="16" PIOffset="0x0006"/>
		<Channel Name="CN1.VALVE.In.AI16.VALVE4" dataType="Integer16" dataSize="16" PIOffset="0x0008"/>
		<Channel Name="CN1.VALVE.In.AI16.VALVE5" dataType="Integer16" dataSize="16" PIOffset="0x000A"/>
		<Channel Name="CN1.VALVE.In.AI16.VALVE6" dataType="Integer16" dataSize="16" PIOffset="0x000C"/>
		<Channel Name="CN1.VALVE.In.AI16.VALVE7" dataType="Integer16" dataSize="16" PIOffset="0x000E"/>
		<Channel Name="CN1.VALVE.In.AI16.VALVE8" dataType="Integer16" dataSize="16" PIOffset="0x0010"/>
		<Channel Name="CN1.VALVE.In.AI16.VALVE9" dataType="Integer16" dataSize="16" PIOffset="0x0012"/>
		<Channel Name="CN1.VALVE.In.AI16.VALVE10" dataType="Integer16" dataSize="16" PIOffset="0x0014"/>
		<Channel Name="CN1.VALVE.In.AI16.VALVE11" dataType="Integer16" dataSize="16" PIOffset="0x0016"/>
		<Channel Name="CN1.VALVE.In.AI16.VALVE12" dataType="Integer16" dataSize="16" PIOffset="0x0018"/>
		<Channel Name="CN1.SENSOR.In.AI16.SENSOR1" dataType="Integer16" dataSize="16" PIOffset="0x001A"/>
		<Channel Name="CN1.SENSOR.In.AI16.SENSOR2" dataType="Integer16" dataSize="16" PIOffset="0x001C"/>
		<Channel Name="CN1.SENSOR.In.AI16.SENSOR3" dataType="Integer16" dataSize="16" PIOffset="0x001E"/>
		<Channel Name="CN1.SENSOR.In.AI16.SENSOR4" dataType="Integer16" dataSize="16" PIOffset="0x0020"/>
		<Channel Name="CN1.SENSOR.In.AI16.SENSOR5" dataType="Integer16" dataSize="16" PIOffset="0x0022"/>
		<Channel Name="CN1.SENSOR.In.AI16.SENSOR6" dataType="Integer16" dataSize="16" PIOffset="0x0024"/>
		<Channel Name="CN1.SENSOR.In.AI16.SENSOR7" dataType="Integer16" dataSize="16" PIOffset="0x0026"/>
		<Channel Name="CN1.SENSOR.In.AI16.SENSOR8" dataType="Integer16" dataSize="16" PIOffset="0x0028"/>
		<Channel Name="CN1.SENSOR.In.AI16.SENSOR9" dataType="Integer16" dataSize="16" PIOffset="0x002A"/>
		<Channel Name="CN1.SENSOR.In.AI16.SENSOR10" dataType="Integer16" dataSize="16" PIOffset="0x002C"/>
		<Channel Name="CN1.SENSOR.In.AI16.SENSOR11" dataType="Integer16" dataSize="16" PIOffset="0x002E"/>
		<Channel Name="CN1.SENSOR.In.AI16.SENSOR12" dataType="Integer16" dataSize="16" PIOffset="0x0030"/>
		<Channel Name="CN2.EC.In.AI16.EC2" dataType="Integer16" dataSize="16" PIOffset="0x0032"/>
		<Channel Name="CN2.VALVE.In.AI16.VALVE1" dataType="Integer16" dataSize="16" PIOffset="0x0034"/>
		<Channel Name="CN2.VALVE.In.AI16.VALVE2" dataType="Integer16" dataSize="16" PIOffset="0x0036"/>
		<Channel Name="CN2.VALVE.In.AI16.VALVE3" dataType="Integer16" dataSize="16" PIOffset="0x0038"/>
		<Channel Name="CN2.VALVE.In.AI16.VALVE4" dataType="Integer16" dataSize="16" PIOffset="0x003A"/>
		<Channel Name="CN2.VALVE.In.AI16.VALVE5" dataType="Integer16" dataSize="16" PIOffset="0x003C"/>
		<Channel Name="CN2.VALVE.In.AI16.VALVE6" dataType="Integer16" dataSize="16" PIOffset="0x003E"/>
		<Channel Name="CN2.VALVE.In.AI16.VALVE7" dataType="Integer16" dataSize="16" PIOffset="0x0040"/>
		<Channel Name="CN2.VALVE.In.AI16.VALVE8" dataType="Integer16" dataSize="16" PIOffset="0x0042"/>
		<Channel Name="CN2.VALVE.In.AI16.VALVE9" dataType="Integer16" dataSize="16" PIOffset="0x0044"/>
		<Channel Name="CN2.VALVE.In.AI16.VALVE10" dataType="Integer16" dataSize="16" PIOffset="0x0046"/>
		<Channel Name="CN2.VALVE.In.AI16.VALVE11" dataType="Integer16" dataSize="16" PIOffset="0x0048"/>
		<Channel Name="CN2.VALVE.In.AI16.VALVE12" dataType="Integer16" dataSize="16" PIOffset="0x004A"/>
		<Channel Name="CN2.SENSOR.In.AI16.SENSOR1" dataType="Integer16" dataSize="16" PIOffset="0x004C"/>
		<Channel Name="CN2.SENSOR.In.AI16.SENSOR2" dataType="Integer16" dataSize="16" PIOffset="0x004E"/>
		<Channel Name="CN2.SENSOR.In.AI16.SENSOR3" dataType="Integer16" dataSize="16" PIOffset="0x0050"/>
		<Channel Name="CN2.SENSOR.In.AI16.SENSOR4" dataType="Integer16" dataSize="16" PIOffset="0x0052"/>
		<Channel Name="CN2.SENSOR.In.AI16.SENSOR5" dataType="Integer16" dataSize="16" PIOffset="0x0054"/>
		<Channel Name="CN2.SENSOR.In.AI16.SENSOR6" dataType="Integer16" dataSize="16" PIOffset="0x0056"/>
		<Channel Name="CN2.SENSOR.In.AI16.SENSOR7" dataType="Integer16" dataSize="16" PIOffset="0x0058"/>
		<Channel Name="CN2.SENSOR.In.AI16.SENSOR8" dataType="Integer16" dataSize="16" PIOffset="0x005A"/>
		<Channel Name="CN2.SENSOR.In.AI16.SENSOR9" dataType="Integer16" dataSize="16" PIOffset="0x005C"/>
		<Channel Name="CN2.SENSOR.In.AI16.SENSOR10" dataType="Integer16" dataSize="16" PIOffset="0x005E"/>
		<Channel Name="CN2.SENSOR.In.AI16.SENSOR11" dataType="Integer16" dataSize="16" PIOffset="0x0060"/>
		<Channel Name="CN2.SENSOR.In.AI16.SENSOR12" dataType="Integer16" dataSize="16" PIOffset="0x0062"/>
		<Channel Name="CN3.EC.In.AI16.EC3" dataType="Integer16" dataSize="16" PIOffset="0x0064"/>
		<Channel Name="CN3.VALVE.In.AI16.VALVE1" dataType="Integer16" dataSize="16" PIOffset="0x0066"/>
		<Channel Name="CN3.VALVE.In.AI16.VALVE2" dataType="Integer16" dataSize="16" PIOffset="0x0068"/>
		<Channel Name="CN3.VALVE.In.AI16.VALVE3" dataType="Integer16" dataSize="16" PIOffset="0x006A"/>
		<Channel Name="CN3.VALVE.In.AI16.VALVE4" dataType="Integer16" dataSize="16" PIOffset="0x006C"/>
		<Channel Name="CN3.VALVE.In.AI16.VALVE5" dataType="Integer16" dataSize="16" PIOffset="0x006E"/>
		<Channel Name="CN3.VALVE.In.AI16.VALVE6" dataType="Integer16" dataSize="16" PIOffset="0x0070"/>
		<Channel Name="CN3.VALVE.In.AI16.VALVE7" dataType="Integer16" dataSize="16" PIOffset="0x0072"/>
		<Channel Name="CN3.VALVE.In.AI16.VALVE8" dataType="Integer16" dataSize="16" PIOffset="0x0074"/>
		<Channel Name="CN3.VALVE.In.AI16.VALVE9" dataType="Integer16" dataSize="16" PIOffset="0x0076"/>
		<Channel Name="CN3.VALVE.In.AI16.VALVE10" dataType="Integer16" dataSize="16" PIOffset="0x0078"/>
		<Channel Name="CN3.VALVE.In.AI16.VALVE11" dataType="Integer16" dataSize="16" PIOffset="0x007A"/>
		<Channel Name="CN3.VALVE.In.AI16.VALVE12" dataType="Integer16" dataSize="16" PIOffset="0x007C"/>
		<Channel Name="CN3.SENSOR.In.AI16.SENSOR1" dataType="Integer16" dataSize="16" PIOffset="0x007E"/>
		<Channel Name="CN3.SENSOR.In.AI16.SENSOR2" dataType="Integer16" dataSize="16" PIOffset="0x0080"/>
		<Channel Name="CN3.SENSOR.In.AI16.SENSOR3" dataType="Integer16" dataSize="16" PIOffset="0x0082"/>
		<Channel Name="CN3.SENSOR.In.AI16.SENSOR4" dataType="Integer16" dataSize="16" PIOffset="0x0084"/>
		<Channel Name="CN3.SENSOR.In.AI16.SENSOR5" dataType="Integer16" dataSize="16" PIOffset="0x0086"/>
		<Channel Name="CN3.SENSOR.In.AI16.SENSOR6" dataType="Integer16" dataSize="16" PIOffset="0x0088"/>
		<Channel Name="CN3.SENSOR.In.AI16.SENSOR7" dataType="Integer16" dataSize="16" PIOffset="0x008A"/>
		<Channel Name="CN3.SENSOR.In.AI16.SENSOR8" dataType="Integer16" dataSize="16" PIOffset="0x008C"/>
		<Channel Name="CN3.SENSOR.In.AI16.SENSOR9" dataType="Integer16" dataSize="16" PIOffset="0x008E"/>
		<Channel Name="CN3.SENSOR.In.AI16.SENSOR10" dataType="Integer16" dataSize="16" PIOffset="0x0090"/>
		<Channel Name="CN3.SENSOR.In.AI16.SENSOR11" dataType="Integer16" dataSize="16" PIOffset="0x0092"/>
		<Channel Name="CN3.SENSOR.In.AI16.SENSOR12" dataType="Integer16" dataSize="16" PIOffset="0x0094"/>
		<Channel Name="CN4.EC.In.AI16.EC4" dataType="Integer16" dataSize="16" PIOffset="0x0096"/>
		<Channel Name="CN4.VALVE.In.AI16.VALVE1" dataType="Integer16" dataSize="16" PIOffset="0x0098"/>
		<Channel Name="CN4.VALVE.In.AI16.VALVE2" dataType="Integer16" dataSize="16" PIOffset="0x009A"/>
		<Channel Name="CN4.VALVE.In.AI16.VALVE3" dataType="Integer16" dataSize="16" PIOffset="0x009C"/>
		<Channel Name="CN4.VALVE.In.AI16.VALVE4" dataType="Integer16" dataSize="16" PIOffset="0x009E"/>
		<Channel Name="CN4.VALVE.In.AI16.VALVE5" dataType="Integer16" dataSize="16" PIOffset="0x00A0"/>
		<Channel Name="CN4.VALVE.In.AI16.VALVE6" dataType="Integer16" dataSize="16" PIOffset="0x00A2"/>
		<Channel Name="CN4.VALVE.In.AI16.VALVE7" dataType="Integer16" dataSize="16" PIOffset="0x00A4"/>
		<Channel Name="CN4.VALVE.In.AI16.VALVE8" dataType="Integer16" dataSize="16" PIOffset="0x00A6"/>
		<Channel Name="CN4.VALVE.In.AI16.VALVE9" dataType="Integer16" dataSize="16" PIOffset="0x00A8"/>
		<Channel Name="CN4.VALVE.In.AI16.VALVE10" dataType="Integer16" dataSize="16" PIOffset="0x00AA"/>
		<Channel Name="CN4.VALVE.In.AI16.VALVE11" dataType="Integer16" dataSize="16" PIOffset="0x00AC"/>
		<Channel Name="CN4.VALVE.In.AI16.VALVE12" dataType="Integer16" dataSize="16" PIOffset="0x00AE"/>
		<Channel Name="CN4.SENSOR.In.AI16.SENSOR1" dataType="Integer16" dataSize="16" PIOffset="0x00B0"/>
		<Channel Name="CN4.SENSOR.In.AI16.SENSOR2" dataType="Integer16" dataSize="16" PIOffset="0x00B2"/>
		<Channel Name="CN4.SENSOR.In.AI16.SENSOR3" dataType="Integer16" dataSize="16" PIOffset="0x00B4"/>
		<Channel Name="CN4.SENSOR.In.AI16.SENSOR4" dataType="Integer16" dataSize="16" PIOffset="0x00B6"/>
		<Channel Name="CN4.SENSOR.In.AI16.SENSOR5" dataType="Integer16" dataSize="16" PIOffset="0x00B8"/>
		<Channel Name="CN4.SENSOR.In.AI16.SENSOR6" dataType="Integer16" dataSize="16" PIOffset="0x00BA"/>
		<Channel Name="CN4.SENSOR.In.AI16.SENSOR7" dataType="Integer16" dataSize="16" PIOffset="0x00BC"/>
		<Channel Name="CN4.SENSOR.In.AI16.SENSOR8" dataType="Integer16" dataSize="16" PIOffset="0x00BE"/>
		<Channel Name="CN4.SENSOR.In.AI16.SENSOR9" dataType="Integer16" dataSize="16" PIOffset="0x00C0"/>
		<Channel Name="CN4.SENSOR.In.AI16.SENSOR10" dataType="Integer16" dataSize="16" PIOffset="0x00C2"/>
		<Channel Name="CN4.SENSOR.In.AI16.SENSOR11" dataType="Integer16" dataSize="16" PIOffset="0x00C4"/>
		<Channel Name="CN4.SENSOR.In.AI16.SENSOR12" dataType="Integer16" dataSize="16" PIOffset="0x00C6"/>
		<Channel Name="CN5.EC.In.AI16.EC5" dataType="Integer16" dataSize="16" PIOffset="0x00C8"/>
		<Channel Name="CN5.VALVE.In.AI16.VALVE1" dataType="Integer16" dataSize="16" PIOffset="0x00CA"/>
		<Channel Name="CN5.VALVE.In.AI16.VALVE2" dataType="Integer16" dataSize="16" PIOffset="0x00CC"/>
		<Channel Name="CN5.VALVE.In.AI16.VALVE3" dataType="Integer16" dataSize="16" PIOffset="0x00CE"/>
		<Channel Name="CN5.VALVE.In.AI16.VALVE4" dataType="Integer16" dataSize="16" PIOffset="0x00D0"/>
		<Channel Name="CN5.VALVE.In.AI16.VALVE5" dataType="Integer16" dataSize="16" PIOffset="0x00D2"/>
		<Channel Name="CN5.VALVE.In.AI16.VALVE6" dataType="Integer16" dataSize="16" PIOffset="0x00D4"/>
		<Channel Name="CN5.VALVE.In.AI16.VALVE7" dataType="Integer16" dataSize="16" PIOffset="0x00D6"/>
		<Channel Name="CN5.VALVE.In.AI16.VALVE8" dataType="Integer16" dataSize="16" PIOffset="0x00D8"/>
		<Channel Name="CN5.VALVE.In.AI16.VALVE9" dataType="Integer16" dataSize="16" PIOffset="0x00DA"/>
		<Channel Name="CN5.VALVE.In.AI16.VALVE10" dataType="Integer16" dataSize="16" PIOffset="0x00DC"/>
		<Channel Name="CN5.VALVE.In.AI16.VALVE11" dataType="Integer16" dataSize="16" PIOffset="0x00DE"/>
		<Channel Name="CN5.VALVE.In.AI16.VALVE12" dataType="Integer16" dataSize="16" PIOffset="0x00E0"/>
		<Channel Name="CN5.SENSOR.In.AI16.SENSOR1" dataType="Integer16" dataSize="16" PIOffset="0x00E2"/>
		<Channel Name="CN5.SENSOR.In.AI16.SENSOR2" dataType="Integer16" dataSize="16" PIOffset="0x00E4"/>
		<Channel Name="CN5.SENSOR.In.AI16.SENSOR3" dataType="Integer16" dataSize="16" PIOffset="0x00E6"/>
		<Channel Name="CN5.SENSOR.In.AI16.SENSOR4" dataType="Integer16" dataSize="16" PIOffset="0x00E8"/>
		<Channel Name="CN5.SENSOR.In.AI16.SENSOR5" dataType="Integer16" dataSize="16" PIOffset="0x00EA"/>
		<Channel Name="CN5.SENSOR.In.AI16.SENSOR6" dataType="Integer16" dataSize="16" PIOffset="0x00EC"/>
		<Channel Name="CN5.SENSOR.In.AI16.SENSOR7" dataType="Integer16" dataSize="16" PIOffset="0x00EE"/>
		<Channel Name="CN5.SENSOR.In.AI16.SENSOR8" dataType="Integer16" dataSize="16" PIOffset="0x00F0"/>
		<Channel Name="CN5.SENSOR.In.AI16.SENSOR9" dataType="Integer16" dataSize="16" PIOffset="0x00F2"/>
		<Channel Name="CN5.SENSOR.In.AI16.SENSOR10" dataType="Integer16" dataSize="16" PIOffset="0x00F4"/>
		<Channel Name="CN5.SENSOR.In.AI16.SENSOR11" dataType="Integer16" dataSize="16" PIOffset="0x00F6"/>
		<Channel Name="CN5.SENSOR.In.AI16.SENSOR12" dataType="Integer16" dataSize="16" PIOffset="0x00F8"/>
		<Channel Name="CN6.EC.In.AI16.EC6" dataType="Integer16" dataSize="16" PIOffset="0x00FA"/>
		<Channel Name="CN6.VALVE.In.AI16.VALVE1" dataType="Integer16" dataSize="16" PIOffset="0x00FC"/>
		<Channel Name="CN6.VALVE.In.AI16.VALVE2" dataType="Integer16" dataSize="16" PIOffset="0x00FE"/>
		<Channel Name="CN6.VALVE.In.AI16.VALVE3" dataType="Integer16" dataSize="16" PIOffset="0x0100"/>
		<Channel Name="CN6.VALVE.In.AI16.VALVE4" dataType="Integer16" dataSize="16" PIOffset="0x0102"/>
		<Channel Name="CN6.VALVE.In.AI16.VALVE5" dataType="Integer16" dataSize="16" PIOffset="0x0104"/>
		<Channel Name="CN6.VALVE.In.AI16.VALVE6" dataType="Integer16" dataSize="16" PIOffset="0x0106"/>
		<Channel Name="CN6.VALVE.In.AI16.VALVE7" dataType="Integer16" dataSize="16" PIOffset="0x0108"/>
		<Channel Name="CN6.VALVE.In.AI16.VALVE8" dataType="Integer16" dataSize="16" PIOffset="0x010A"/>
		<Channel Name="CN6.VALVE.In.AI16.VALVE9" dataType="Integer16" dataSize="16" PIOffset="0x010C"/>
		<Channel Name="CN6.VALVE.In.AI16.VALVE10" dataType="Integer16" dataSize="16" PIOffset="0x010E"/>
		<Channel Name="CN6.VALVE.In.AI16.VALVE11" dataType="Integer16" dataSize="16" PIOffset="0x0110"/>
		<Channel Name="CN6.VALVE.In.AI16.VALVE12" dataType="Integer16" dataSize="16" PIOffset="0x0112"/>
		<Channel Name="CN6.SENSOR.In.AI16.SENSOR1" dataType="Integer16" dataSize="16" PIOffset="0x0114"/>
		<Channel Name="CN6.SENSOR.In.AI16.SENSOR2" dataType="Integer16" dataSize="16" PIOffset="0x0116"/>
		<Channel Name="CN6.SENSOR.In.AI16.SENSOR3" dataType="Integer16" dataSize="16" PIOffset="0x0118"/>
		<Channel Name="CN6.SENSOR.In.AI16.SENSOR4" dataType="Integer16" dataSize="16" PIOffset="0x011A"/>
		<Channel Name="CN6.SENSOR.In.AI16.SENSOR5" dataType="Integer16" dataSize="16" PIOffset="0x011C"/>
		<Channel Name="CN6.SENSOR.In.AI16.SENSOR6" dataType="Integer16" dataSize="16" PIOffset="0x011E"/>
		<Channel Name="CN6.SENSOR.In.AI16.SENSOR7" dataType="Integer16" dataSize="16" PIOffset="0x0120"/>
		<Channel Name="CN6.SENSOR.In.AI16.SENSOR8" dataType="Integer16" dataSize="16" PIOffset="0x0122"/>
		<Channel Name="CN6.SENSOR.In.AI16.SENSOR9" dataType="Integer16" dataSize="16" PIOffset="0x0124"/>
		<Channel Name="CN6.SENSOR.In.AI16.SENSOR10" dataType="Integer16" dataSize="16" PIOffset="0x0126"/>
		<Channel Name="CN6.SENSOR.In.AI16.SENSOR11" dataType="Integer16" dataSize="16" PIOffset="0x0128"/>
		<Channel Name="CN6.SENSOR.In.AI16.SENSOR12" dataType="Integer16" dataSize="16" PIOffset="0x012A"/>
		<Channel Name="CN7.EC.In.AI16.EC7" dataType="Integer16" dataSize="16" PIOffset="0x012C"/>
		<Channel Name="CN7.VALVE.In.AI16.VALVE1" dataType="Integer16" dataSize="16" PIOffset="0x012E"/>
		<Channel Name="CN7.VALVE.In.AI16.VALVE2" dataType="Integer16" dataSize="16" PIOffset="0x0130"/>
		<Channel Name="CN7.VALVE.In.AI16.VALVE3" dataType="Integer16" dataSize="16" PIOffset="0x0132"/>
		<Channel Name="CN7.VALVE.In.AI16.VALVE4" dataType="Integer16" dataSize="16" PIOffset="0x0134"/>
		<Channel Name="CN7.VALVE.In.AI16.VALVE5" dataType="Integer16" dataSize="16" PIOffset="0x0136"/>
		<Channel Name="CN7.VALVE.In.AI16.VALVE6" dataType="Integer16" dataSize="16" PIOffset="0x0138"/>
		<Channel Name="CN7.VALVE.In.AI16.VALVE7" dataType="Integer16" dataSize="16" PIOffset="0x013A"/>
		<Channel Name="CN7.VALVE.In.AI16.VALVE8" dataType="Integer16" dataSize="16" PIOffset="0x013C"/>
		<Channel Name="CN7.VALVE.In.AI16.VALVE9" dataType="Integer16" dataSize="16" PIOffset="0x013E"/>
		<Channel Name="CN7.VALVE.In.AI16.VALVE10" dataType="Integer16" dataSize="16" PIOffset="0x0140"/>
		<Channel Name="CN7.VALVE.In.AI16.VALVE11" dataType="Integer16" dataSize="16" PIOffset="0x0142"/>
		<Channel Name="CN7.VALVE.In.AI16.VALVE12" dataType="Integer16" dataSize="16" PIOffset="0x0144"/>
		<Channel Name="CN7.SENSOR.In.AI16.SENSOR1" dataType="Integer16" dataSize="16" PIOffset="0x0146"/>
		<Channel Name="CN7.SENSOR.In.AI16.SENSOR2" dataType="Integer16" dataSize="16" PIOffset="0x0148"/>
		<Channel Name="CN7.SENSOR.In.AI16.SENSOR3" dataType="Integer16" dataSize="16" PIOffset="0x014A"/>
		<Channel Name="CN7.SENSOR.In.AI16.SENSOR4" dataType="Integer16" dataSize="16" PIOffset="0x014C"/>
		<Channel Name="CN7.SENSOR.In.AI16.SENSOR5" dataType="Integer16" dataSize="16" PIOffset="0x014E"/>
		<Channel Name="CN7.SENSOR.In.AI16.SENSOR6" dataType="Integer16" dataSize="16" PIOffset="0x0150"/>
		<Channel Name="CN7.SENSOR.In.AI16.SENSOR7" dataType="Integer16" dataSize="16" PIOffset="0x0152"/>
		<Channel Name="CN7.SENSOR.In.AI16.SENSOR8" dataType="Integer16" dataSize="16" PIOffset="0x0154"/>
		<Channel Name="CN7.SENSOR.In.AI16.SENSOR9" dataType="Integer16" dataSize="16" PIOffset="0x0156"/>
		<Channel Name="CN7.SENSOR.In.AI16.SENSOR10" dataType="Integer16" dataSize="16" PIOffset="0x0158"/>
		<Channel Name="CN7.SENSOR.In.AI16.SENSOR11" dataType="Integer16" dataSize="16" PIOffset="0x015A"/>
		<Channel Name="CN7.SENSOR.In.AI16.SENSOR12" dataType="Integer16" dataSize="16" PIOffset="0x015C"/>
		<Channel Name="CN8.EC.In.AI16.EC8" dataType="Integer16" dataSize="16" PIOffset="0x015E"/>
		<Channel Name="CN8.VALVE.In.AI16.VALVE1" dataType="Integer16" dataSize="16" PIOffset="0x0160"/>
		<Channel Name="CN8.VALVE.In.AI16.VALVE2" dataType="Integer16" dataSize="16" PIOffset="0x0162"/>
		<Channel Name="CN8.VALVE.In.AI16.VALVE3" dataType="Integer16" dataSize="16" PIOffset="0x0164"/>
		<Channel Name="CN8.VALVE.In.AI16.VALVE4" dataType="Integer16" dataSize="16" PIOffset="0x0166"/>
		<Channel Name="CN8.VALVE.In.AI16.VALVE5" dataType="Integer16" dataSize="16" PIOffset="0x0168"/>
		<Channel Name="CN8.VALVE.In.AI16.VALVE6" dataType="Integer16" dataSize="16" PIOffset="0x016A"/>
		<Channel Name="CN8.VALVE.In.AI16.VALVE7" dataType="Integer16" dataSize="16" PIOffset="0x016C"/>
		<Channel Name="CN8.VALVE.In.AI16.VALVE8" dataType="Integer16" dataSize="16" PIOffset="0x016E"/>
		<Channel Name="CN8.VALVE.In.AI16.VALVE9" dataType="Integer16" dataSize="16" PIOffset="0x0170"/>
		<Channel Name="CN8.VALVE.In.AI16.VALVE10" dataType="Integer16" dataSize="16" PIOffset="0x0172"/>
		<Channel Name="CN8.VALVE.In.AI16.VALVE11" dataType="Integer16" dataSize="16" PIOffset="0x0174"/>
		<Channel Name="CN8.VALVE.In.AI16.VALVE12" dataType="Integer16" dataSize="16" PIOffset="0x0176"/>
		<Channel Name="CN8.SENSOR.In.AI16.SENSOR1" dataType="Integer16" dataSize="16" PIOffset="0x0178"/>
		<Channel Name="CN8.SENSOR.In.AI16.SENSOR2" dataType="Integer16" dataSize="16" PIOffset="0x017A"/>
		<Channel Name="CN8.SENSOR.In.AI16.SENSOR3" dataType="Integer16" dataSize="16" PIOffset="0x017C"/>
		<Channel Name="CN8.SENSOR.In.AI16.SENSOR4" dataType="Integer16" dataSize="16" PIOffset="0x017E"/>
		<Channel Name="CN8.SENSOR.In.AI16.SENSOR5" dataType="Integer16" dataSize="16" PIOffset="0x0180"/>
		<Channel Name="CN8.SENSOR.In.AI16.SENSOR6" dataType="Integer16" dataSize="16" PIOffset="0x0182"/>
		<Channel Name="CN8.SENSOR.In.AI16.SENSOR7" dataType="Integer16" dataSize="16" PIOffset="0x0184"/>
		<Channel Name="CN8.SENSOR.In.AI16.SENSOR8" dataType="Integer16" dataSize="16" PIOffset="0x0186"/>
		<Channel Name="CN8.SENSOR.In.AI16.SENSOR9" dataType="Integer16" dataSize="16" PIOffset="0x0188"/>
		<Channel Name="CN8.SENSOR.In.AI16.SENSOR10" dataType="Integer16" dataSize="16" PIOffset="0x018A"/>
		<Channel Name="CN8.SENSOR.In.AI16.SENSOR11" dataType="Integer16" dataSize="16" PIOffset="0x018C"/>
		<Channel Name="CN8.SENSOR.In.AI16.SENSOR12" dataType="Integer16" dataSize="16" PIOffset="0x018E"/>
		<Channel Name="CN9.EC.In.AI16.EC9" dataType="Integer16" dataSize="16" PIOffset="0x0190"/>
		<Channel Name="CN9.VALVE.In.AI16.VALVE1" dataType="Integer16" dataSize="16" PIOffset="0x0192"/>
		<Channel Name="CN9.VALVE.In.AI16.VALVE2" dataType="Integer16" dataSize="16" PIOffset="0x0194"/>
		<Channel Name="CN9.VALVE.In.AI16.VALVE3" dataType="Integer16" dataSize="16" PIOffset="0x0196"/>
		<Channel Name="CN9.VALVE.In.AI16.VALVE4" dataType="Integer16" dataSize="16" PIOffset="0x0198"/>
		<Channel Name="CN9.VALVE.In.AI16.VALVE5" dataType="Integer16" dataSize="16" PIOffset="0x019A"/>
		<Channel Name="CN9.VALVE.In.AI16.VALVE6" dataType="Integer16" dataSize="16" PIOffset="0x019C"/>
		<Channel Name="CN9.VALVE.In.AI16.VALVE7" dataType="Integer16" dataSize="16" PIOffset="0x019E"/>
		<Channel Name="CN9.VALVE.In.AI16.VALVE8" dataType="Integer16" dataSize="16" PIOffset="0x01A0"/>
		<Channel Name="CN9.VALVE.In.AI16.VALVE9" dataType="Integer16" dataSize="16" PIOffset="0x01A2"/>
		<Channel Name="CN9.VALVE.In.AI16.VALVE10" dataType="Integer16" dataSize="16" PIOffset="0x01A4"/>
		<Channel Name="CN9.VALVE.In.AI16.VALVE11" dataType="Integer16" dataSize="16" PIOffset="0x01A6"/>
		<Channel Name="CN9.VALVE.In.AI16.VALVE12" dataType="Integer16" dataSize="16" PIOffset="0x01A8"/>
		<Channel Name="CN9.SENSOR.In.AI16.SENSOR1" dataType="Integer16" dataSize="16" PIOffset="0x01AA"/>
		<Channel Name="CN9.SENSOR.In.AI16.SENSOR2" dataType="Integer16" dataSize="16" PIOffset="0x01AC"/>
		<Channel Name="CN9.SENSOR.In.AI16.SENSOR3" dataType="Integer16" dataSize="16" PIOffset="0x01AE"/>
		<Channel Name="CN9.SENSOR.In.AI16.SENSOR4" dataType="Integer16" dataSize="16" PIOffset="0x01B0"/>
		<Channel Name="CN9.SENSOR.In.AI16.SENSOR5" dataType="Integer16" dataSize="16" PIOffset="0x01B2"/>
		<Channel Name="CN9.SENSOR.In.AI16.SENSOR6" dataType="Integer16" dataSize="16" PIOffset="0x01B4"/>
		<Channel Name="CN9.SENSOR.In.AI16.SENSOR7" dataType="Integer16" dataSize="16" PIOffset="0x01B6"/>
		<Channel Name="CN9.SENSOR.In.AI16.SENSOR8" dataType="Integer16" dataSize="16" PIOffset="0x01B8"/>
		<Channel Name="CN9.SENSOR.In.AI16.SENSOR9" dataType="Integer16" dataSize="16" PIOffset="0x01BA"/>
		<Channel Name="CN9.SENSOR.In.AI16.SENSOR10" dataType="Integer16" dataSize="16" PIOffset="0x01BC"/>
		<Channel Name="CN9.SENSOR.In.AI16.SENSOR11" dataType="Integer16" dataSize="16" PIOffset="0x01BE"/>
		<Channel Name="CN9.SENSOR.In.AI16.SENSOR12" dataType="Integer16" dataSize="16" PIOffset="0x01C0"/>
		<Channel Name="CN10.EC.In.AI16.EC10" dataType="Integer16" dataSize="16" PIOffset="0x01C2"/>
		<Channel Name="CN10.VALVE.In.AI16.VALVE1" dataType="Integer16" dataSize="16" PIOffset="0x01C4"/>
		<Channel Name="CN10.VALVE.In.AI16.VALVE2" dataType="Integer16" dataSize="16" PIOffset="0x01C6"/>
		<Channel Name="CN10.VALVE.In.AI16.VALVE3" dataType="Integer16" dataSize="16" PIOffset="0x01C8"/>
		<Channel Name="CN10.VALVE.In.AI16.VALVE4" dataType="Integer16" dataSize="16" PIOffset="0x01CA"/>
		<Channel Name="CN10.VALVE.In.AI16.VALVE5" dataType="Integer16" dataSize="16" PIOffset="0x01CC"/>
		<Channel Name="CN10.VALVE.In.AI16.VALVE6" dataType="Integer16" dataSize="16" PIOffset="0x01CE"/>
		<Channel Name="CN10.VALVE.In.AI16.VALVE7" dataType="Integer16" dataSize="16" PIOffset="0x01D0"/>
		<Channel Name="CN10.VALVE.In.AI16.VALVE8" dataType="Integer16" dataSize="16" PIOffset="0x01D2"/>
		<Channel Name="CN10.VALVE.In.AI16.VALVE9" dataType="Integer16" dataSize="16" PIOffset="0x01D4"/>
		<Channel Name="CN10.VALVE.In.AI16.VALVE10" dataType="Integer16" dataSize="16" PIOffset="0x01D6"/>
		<Channel Name="CN10.VALVE.In.AI16.VALVE11" dataType="Integer16" dataSize="16" PIOffset="0x01D8"/>
		<Channel Name="CN10.VALVE.In.AI16.VALVE12" dataType="Integer16" dataSize="16" PIOffset="0x01DA"/>
		<Channel Name="CN10.SENSOR.In.AI16.SENSOR1" dataType="Integer16" dataSize="16" PIOffset="0x01DC"/>
		<Channel Name="CN10.SENSOR.In.AI16.SENSOR2" dataType="Integer16" dataSize="16" PIOffset="0x01DE"/>
		<Channel Name="CN10.SENSOR.In.AI16.SENSOR3" dataType="Integer16" dataSize="16" PIOffset="0x01E0"/>
		<Channel Name="CN10.SENSOR.In.AI16.SENSOR4" dataType="Integer16" dataSize="16" PIOffset="0x01E2"/>
		<Channel Name="CN10.SENSOR.In.AI16.SENSOR5" dataType="Integer16" dataSize="16" PIOffset="0x01E4"/>
		<Channel Name="CN10.SENSOR.In.AI16.SENSOR6" dataType="Integer16" dataSize="16" PIOffset="0x01E6"/>
		<Channel Name="CN10.SENSOR.In.AI16.SENSOR7" dataType="Integer16" dataSize="16" PIOffset="0x01E8"/>
		<Channel Name="CN10.SENSOR.In.AI16.SENSOR8" dataType="Integer16" dataSize="16" PIOffset="0x01EA"/>
		<Channel Name="CN10.SENSOR.In.AI16.SENSOR9" dataType="Integer16" dataSize="16" PIOffset="0x01EC"/>
		<Channel Name="CN10.SENSOR.In.AI16.SENSOR10" dataType="Integer16" dataSize="16" PIOffset="0x01EE"/>
		<Channel Name="CN10.SENSOR.In.AI16.SENSOR11" dataType="Integer16" dataSize="16" PIOffset="0x01F0"/>
		<Channel Name="CN10.SENSOR.In.AI16.SENSOR12" dataType="Integer16" dataSize="16" PIOffset="0x01F2"/>
		<Channel Name="CN11.EC.In.AI16.EC11" dataType="Integer16" dataSize="16" PIOffset="0x01F4"/>
		<Channel Name="CN11.VALVE.In.AI16.VALVE1" dataType="Integer16" dataSize="16" PIOffset="0x01F6"/>
		<Channel Name="CN11.VALVE.In.AI16.VALVE2" dataType="Integer16" dataSize="16" PIOffset="0x01F8"/>
		<Channel Name="CN11.VALVE.In.AI16.VALVE3" dataType="Integer16" dataSize="16" PIOffset="0x01FA"/>
		<Channel Name="CN11.VALVE.In.AI16.VALVE4" dataType="Integer16" dataSize="16" PIOffset="0x01FC"/>
		<Channel Name="CN11.VALVE.In.AI16.VALVE5" dataType="Integer16" dataSize="16" PIOffset="0x01FE"/>
		<Channel Name="CN11.VALVE.In.AI16.VALVE6" dataType="Integer16" dataSize="16" PIOffset="0x0200"/>
		<Channel Name="CN11.VALVE.In.AI16.VALVE7" dataType="Integer16" dataSize="16" PIOffset="0x0202"/>
		<Channel Name="CN11.VALVE.In.AI16.VALVE8" dataType="Integer16" dataSize="16" PIOffset="0x0204"/>
		<Channel Name="CN11.VALVE.In.AI16.VALVE9" dataType="Integer16" dataSize="16" PIOffset="0x0206"/>
		<Channel Name="CN11.VALVE.In.AI16.VALVE10" dataType="Integer16" dataSize="16" PIOffset="0x0208"/>
		<Channel Name="CN11.VALVE.In.AI16.VALVE11" dataType="Integer16" dataSize="16" PIOffset="0x020A"/>
		<Channel Name="CN11.VALVE.In.AI16.VALVE12" dataType="Integer16" dataSize="16" PIOffset="0x020C"/>
		<Channel Name="CN11.SENSOR.In.AI16.SENSOR1" dataType="Integer16" dataSize="16" PIOffset="0x020E"/>
		<Channel Name="CN11.SENSOR.In.AI16.SENSOR2" dataType="Integer16" dataSize="16" PIOffset="0x0210"/>
		<Channel Name="CN11.SENSOR.In.AI16.SENSOR3" dataType="Integer16" dataSize="16" PIOffset="0x0212"/>
		<Channel Name="CN11.SENSOR.In.AI16.SENSOR4" dataType="Integer16" dataSize="16" PIOffset="0x0214"/>
		<Channel Name="CN11.SENSOR.In.AI16.SENSOR5" dataType="Integer16" dataSize="16" PIOffset="0x0216"/>
		<Channel Name="CN11.SENSOR.In.AI16.SENSOR6" dataType="Integer16" dataSize="16" PIOffset="0x0218"/>
		<Channel Name="CN11.SENSOR.In.AI16.SENSOR7" dataType="Integer16" dataSize="16" PIOffset="0x021A"/>
		<Channel Name="CN11.SENSOR.In.AI16.SENSOR8" dataType="Integer16" dataSize="16" PIOffset="0x021C"/>
		<Channel Name="CN11.SENSOR.In.AI16.SENSOR9" dataType="Integer16" dataSize="16" PIOffset="0x021E"/>
		<Channel Name="CN11.SENSOR.In.AI16.SENSOR10" dataType="Integer16" dataSize="16" PIOffset="0x0220"/>
		<Channel Name="CN11.SENSOR.In.AI16.SENSOR11" dataType="Integer16" dataSize="16" PIOffset="0x0222"/>
		<Channel Name="CN11.SENSOR.In.AI16.SENSOR12" dataType="Integer16" dataSize="16" PIOffset="0x0224"/>
	</ProcessImage>
	<ProcessImage type="input" size="286">
		<Channel Name="CN1.EC.Out.AI16.EG" dataType="Integer16" dataSize="16" PIOffset="0x0000"/>
		<Channel Name="CN1.VALVE.Out.AI16.VALVE1" dataType="Integer16" dataSize="16" PIOffset="0x0002"/>
		<Channel Name="CN1.VALVE.Out.AI16.VALVE2" dataType="Integer16" dataSize="16" PIOffset="0x0004"/>
		<Channel Name="CN1.VALVE.Out.AI16.VALVE3" dataType="Integer16" dataSize="16" PIOffset="0x0006"/>
		<Channel Name="CN1.VALVE.Out.AI16.VALVE4" dataType="Integer16" dataSize="16" PIOffset="0x0008"/>
		<Channel Name="CN1.VALVE.Out.AI16.VALVE5" dataType="Integer16" dataSize="16" PIOffset="0x000A"/>
		<Channel Name="CN1.VALVE.Out.AI16.VALVE6" dataType="Integer16" dataSize="16" PIOffset="0x000C"/>
		<Channel Name="CN1.VALVE.Out.AI16.VALVE7" dataType="Integer16" dataSize="16" PIOffset="0x000E"/>
		<Channel Name="CN1.VALVE.Out.AI16.VALVE8" dataType="Integer16" dataSize="16" PIOffset="0x0010"/>
		<Channel Name="CN1.VALVE.Out.AI16.VALVE9" dataType="Integer16" dataSize="16" PIOffset="0x0012"/>
		<Channel Name="CN1.VALVE.Out.AI16.VALVE10" dataType="Integer16" dataSize="16" PIOffset="0x0014"/>
		<Channel Name="CN1.VALVE.Out.AI16.VALVE11" dataType="Integer16" dataSize="16" PIOffset="0x0016"/>
		<Channel Name="CN1.VALVE.Out.AI16.VALVE12" dataType="Integer16" dataSize="16" PIOffset="0x0018"/>
		<Channel Name="CN2.EC.Out.AI16.EG" dataType="Integer16" dataSize="16" PIOffset="0x001A"/>
		<Channel Name="CN2.VALVE.Out.AI16.VALVE1" dataType="Integer16" dataSize="16" PIOffset="0x001C"/>
		<Channel Name="CN2.VALVE.Out.AI16.VALVE2" dataType="Integer16" dataSize="16" PIOffset="0x001E"/>
		<Channel Name="CN2.VALVE.Out.AI16.VALVE3" dataType="Integer16" dataSize="16" PIOffset="0x0020"/>
		<Channel Name="CN2.VALVE.Out.AI16.VALVE4" dataType="Integer16" dataSize="16" PIOffset="0x0022"/>
		<Channel Name="CN2.VALVE.Out.AI16.VALVE5" dataType="Integer16" dataSize="16" PIOffset="0x0024"/>
		<Channel Name="CN2.VALVE.Out.AI16.VALVE6" dataType="Integer16" dataSize="16" PIOffset="0x0026"/>
		<Channel Name="CN2.VALVE.Out.AI16.VALVE7" dataType="Integer16" dataSize="16" PIOffset="0x0028"/>
		<Channel Name="CN2.VALVE.Out.AI16.VALVE8" dataType="Integer16" dataSize="16" PIOffset="0x002A"/>
		<Channel Name="CN2.VALVE.Out.AI16.VALVE9" dataType="Integer16" dataSize="16" PIOffset="0x002C"/>
		<Channel Name="CN2.VALVE.Out.AI16.VALVE10" dataType="Integer16" dataSize="16" PIOffset="0x002E"/>
		<Channel Name="CN2.VALVE.Out.AI16.VALVE11" dataType="Integer16" dataSize="16" PIOffset="0x0030"/>
		<Channel Name="CN2.VALVE.Out.AI16.VALVE12" dataType="Integer16" dataSize="16" PIOffset="0x0032"/>
		<Channel Name="CN3.EC.Out.AI16.EG" dataType="Integer16" dataSize="16" PIOffset="0x0034"/>
		<Channel Name="CN3.VALVE.Out.AI16.VALVE1" dataType="Integer16" dataSize="16" PIOffset="0x0036"/>
		<Channel Name="CN3.VALVE.Out.AI16.VALVE2" dataType="Integer16" dataSize="16" PIOffset="0x0038"/>
		<Channel Name="CN3.VALVE.Out.AI16.VALVE3" dataType="Integer16" dataSize="16" PIOffset="0x003A"/>
		<Channel Name="CN3.VALVE.Out.AI16.VALVE4" dataType="Integer16" dataSize="16" PIOffset="0x003C"/>
		<Channel Name="CN3.VALVE.Out.AI16.VALVE5" dataType="Integer16" dataSize="16" PIOffset="0x003E"/>
		<Channel Name="CN3.VALVE.Out.AI16.VALVE6" dataType="Integer16" dataSize="16" PIOffset="0x0040"/>
		<Channel Name="CN3.VALVE.Out.AI16.VALVE7" dataType="Integer16" dataSize="16" PIOffset="0x0042"/>
		<Channel Name="CN3.VALVE.Out.AI16.VALVE8" dataType="Integer16" dataSize="16" PIOffset="0x0044"/>
		<Channel Name="CN3.VALVE.Out.AI16.VALVE9" dataType="Integer16" dataSize="16" PIOffset="0x0046"/>
		<Channel Name="CN3.VALVE.Out.AI16.VALVE10" dataType="Integer16" dataSize="16" PIOffset="0x0048"/>
		<Channel Name="CN3.VALVE.Out.AI16.VALVE11" dataType="Integer16" dataSize="16" PIOffset="0x004A"/>
		<Channel Name="CN3.VALVE.Out.AI16.VALVE12" dataType="Integer16" dataSize="16" PIOffset="0x004C"/>
		<Channel Name="CN4.EC.Out.AI16.EG" dataType="Integer16" dataSize="16" PIOffset="0x004E"/>
		<Channel Name="CN4.VALVE.Out.AI16.VALVE1" dataType="Integer16" dataSize="16" PIOffset="0x0050"/>
		<Channel Name="CN4.VALVE.Out.AI16.VALVE2" dataType="Integer16" dataSize="16" PIOffset="0x0052"/>
		<Channel Name="CN4.VALVE.Out.AI16.VALVE3" dataType="Integer16" dataSize="16" PIOffset="0x0054"/>
		<Channel Name="CN4.VALVE.Out.AI16.VALVE4" dataType="Integer16" dataSize="16" PIOffset="0x0056"/>
		<Channel Name="CN4.VALVE.Out.AI16.VALVE5" dataType="Integer16" dataSize="16" PIOffset="0x0058"/>
		<Channel Name="CN4.VALVE.Out.AI16.VALVE6" dataType="Integer16" dataSize="16" PIOffset="0x005A"/>
		<Channel Name="CN4.VALVE.Out.AI16.VALVE7" dataType="Integer16" dataSize="16" PIOffset="0x005C"/>
		<Channel Name="CN4.VALVE.Out.AI16.VALVE8" dataType="Integer16" dataSize="16" PIOffset="0x005E"/>
		<Channel Name="CN4.VALVE.Out.AI16.VALVE9" dataType="Integer16" dataSize="16" PIOffset="0x0060"/>
		<Channel Name="CN4.VALVE.Out.AI16.VALVE10" dataType="Integer16" dataSize="16" PIOffset="0x0062"/>
		<Channel Name="CN4.VALVE.Out.AI16.VALVE11" dataType="Integer16" dataSize="16" PIOffset="0x0064"/>
		<Channel Name="CN4.VALVE.Out.AI16.VALVE12" dataType="Integer16" dataSize="16" PIOffset="0x0066"/>
		<Channel Name="CN5.EC.Out.AI16.EG" dataType="Integer16" dataSize="16" PIOffset="0x0068"/>
		<Channel Name="CN5.VALVE.Out.AI16.VALVE1" dataType="Integer16" dataSize="16" PIOffset="0x006A"/>
		<Channel Name="CN5.VALVE.Out.AI16.VALVE2" dataType="Integer16" dataSize="16" PIOffset="0x006C"/>
		<Channel Name="CN5.VALVE.Out.AI16.VALVE3" dataType="Integer16" dataSize="16" PIOffset="0x006E"/>
		<Channel Name="CN5.VALVE.Out.AI16.VALVE4" dataType="Integer16" dataSize="16" PIOffset="0x0070"/>
		<Channel Name="CN5.VALVE.Out.AI16.VALVE5" dataType="Integer16" dataSize="16" PIOffset="0x0072"/>
		<Channel Name="CN5.VALVE.Out.AI16.VALVE6" dataType="Integer16" dataSize="16" PIOffset="0x0074"/>
		<Channel Name="CN5.VALVE.Out.AI16.VALVE7" dataType="Integer16" dataSize="16" PIOffset="0x0076"/>
		<Channel Name="CN5.VALVE.Out.AI16.VALVE8" dataType="Integer16" dataSize="16" PIOffset="0x0078"/>
		<Channel Name="CN5.VALVE.Out.AI16.VALVE9" dataType="Integer16" dataSize="16" PIOffset="0x007A"/>
		<Channel Name="CN5.VALVE.Out.AI16.VALVE10" dataType="Integer16" dataSize="16" PIOffset="0x007C"/>
		<Channel Name="CN5.VALVE.Out.AI16.VALVE11" dataType="Integer16" dataSize="16" PIOffset="0x007E"/>
		<Channel Name="CN5.VALVE.Out.AI16.VALVE12" dataType="Integer16" dataSize="16" PIOffset="0x0080"/>
		<Channel Name="CN6.EC.Out.AI16.EG" dataType="Integer16" dataSize="16" PIOffset="0x0082"/>
		<Channel Name="CN6.VALVE.Out.AI16.VALVE1" dataType="Integer16" dataSize="16" PIOffset="0x0084"/>
		<Channel Name="CN6.VALVE.Out.AI16.VALVE2" dataType="Integer16" dataSize="16" PIOffset="0x0086"/>
		<Channel Name="CN6.VALVE.Out.AI16.VALVE3" dataType="Integer16" dataSize="16" PIOffset="0x0088"/>
		<Channel Name="CN6.VALVE.Out.AI16.VALVE4" dataType="Integer16" dataSize="16" PIOffset="0x008A"/>
		<Channel Name="CN6.VALVE.Out.AI16.VALVE5" dataType="Integer16" dataSize="16" PIOffset="0x008C"/>
		<Channel Name="CN6.VALVE.Out.AI16.VALVE6" dataType="Integer16" dataSize="16" PIOffset="0x008E"/>
		<Channel Name="CN6.VALVE.Out.AI16.VALVE7" dataType="Integer16" dataSize="16" PIOffset="0x0090"/>
		<Channel Name="CN6.VALVE.Out.AI16.VALVE8" dataType="Integer16" dataSize="16" PIOffset="0x0092"/>
		<Channel Name="CN6.VALVE.Out.AI16.VALVE9" dataType="Integer16" dataSize="16" PIOffset="0x0094"/>
		<Channel Name="CN6.VALVE.Out.AI16.VALVE10" dataType="Integer16" dataSize="16" PIOffset="0x0096"/>
		<Channel Name="CN6.VALVE.Out.AI16.VALVE11" dataType="Integer16" dataSize="16" PIOffset="0x0098"/>
		<Channel Name="CN6.VALVE.Out.AI16.VALVE12" dataType="Integer16" dataSize="16" PIOffset="0x009A"/>
		<Channel Name="CN7.EC.Out.AI16.EG" dataType="Integer16" dataSize="16" PIOffset="0x009C"/>
		<Channel Name="CN7.VALVE.Out.AI16.VALVE1" dataType="Integer16" dataSize="16" PIOffset="0x009E"/>
		<Channel Name="CN7.VALVE.Out.AI16.VALVE2" dataType="Integer16" dataSize="16" PIOffset="0x00A0"/>
		<Channel Name="CN7.VALVE.Out.AI16.VALVE3" dataType="Integer16" dataSize="16" PIOffset="0x00A2"/>
		<Channel Name="CN7.VALVE.Out.AI16.VALVE4" dataType="Integer16" dataSize="16" PIOffset="0x00A4"/>
		<Channel Name="CN7.VALVE.Out.AI16.VALVE5" dataType="Integer16" dataSize="16" PIOffset="0x00A6"/>
		<Channel Name="CN7.VALVE.Out.AI16.VALVE6" dataType="Integer16" dataSize="16" PIOffset="0x00A8"/>
		<Channel Name="CN7.VALVE.Out.AI16.VALVE7" dataType="Integer16" dataSize="16" PIOffset="0x00AA"/>
		<Channel Name="CN7.VALVE.Out.AI16.VALVE8" dataType="Integer16" dataSize="16" PIOffset="0x00AC"/>
		<Channel Name="CN7.VALVE.Out.AI16.VALVE9" dataType="Integer16" dataSize="16" PIOffset="0x00AE"/>
		<Channel Name="CN7.VALVE.Out.AI16.VALVE10" dataType="Integer16" dataSize="16" PIOffset="0x00B0"/>
		<Channel Name="CN7.VALVE.Out.AI16.VALVE11" dataType="Integer16" dataSize="16" PIOffset="0x00B2"/>
		<Channel Name="CN7.VALVE.Out.AI16.VALVE12" dataType="Integer16" dataSize="16" PIOffset="0x00B4"/>
		<Channel Name="CN8.EC.Out.AI16.EG" dataType="Integer16" dataSize="16" PIOffset="0x00B6"/>
		<Channel Name="CN8.VALVE.Out.AI16.VALVE1" dataType="Integer16" dataSize="16" PIOffset="0x00B8"/>
		<Channel Name="CN8.VALVE.Out.AI16.VALVE2" dataType="Integer16" dataSize="16" PIOffset="0x00BA"/>
		<Channel Name="CN8.VALVE.Out.AI16.VALVE3" dataType="Integer16" dataSize="16" PIOffset="0x00BC"/>
		<Channel Name="CN8.VALVE.Out.AI16.VALVE4" dataType="Integer16" dataSize="16" PIOffset="0x00BE"/>
		<Channel Name="CN8.VALVE.Out.AI16.VALVE5" dataType="Integer16" dataSize="16" PIOffset="0x00C0"/>
		<Channel Name="CN8.VALVE.Out.AI16.VALVE6" dataType="Integer16" dataSize="16" PIOffset="0x00C2"/>
		<Channel Name="CN8.VALVE.Out.AI16.VALVE7" dataType="Integer16" dataSize="16" PIOffset="0x00C4"/>
		<Channel Name="CN8.VALVE.Out.AI16.VALVE8" dataType="Integer16" dataSize="16" PIOffset="0x00C6"/>
		<Channel Name="CN8.VALVE.Out.AI16.VALVE9" dataType="Integer16" dataSize="16" PIOffset="0x00C8"/>
		<Channel Name="CN8.VALVE.Out.AI16.VALVE10" dataType="Integer16" dataSize="16" PIOffset="0x00CA"/>
		<Channel Name="CN8.VALVE.Out.AI16.VALVE11" dataType="Integer16" dataSize="16" PIOffset="0x00CC"/>
		<Channel Name="CN8.VALVE.Out.AI16.VALVE12" dataType="Integer16" dataSize="16" PIOffset="0x00CE"/>
		<Channel Name="CN9.EC.Out.AI16.EG" dataType="Integer16" dataSize="16" PIOffset="0x00D0"/>
		<Channel Name="CN9.VALVE.Out.AI16.VALVE1" dataType="Integer16" dataSize="16" PIOffset="0x00D2"/>
		<Channel Name="CN9.VALVE.Out.AI16.VALVE2" dataType="Integer16" dataSize="16" PIOffset="0x00D4"/>
		<Channel Name="CN9.VALVE.Out.AI16.VALVE3" dataType="Integer16" dataSize="16" PIOffset="0x00D6"/>
		<Channel Name="CN9.VALVE.Out.AI16.VALVE4" dataType="Integer16" dataSize="16" PIOffset="0x00D8"/>
		<Channel Name="CN9.VALVE.Out.AI16.VALVE5" dataType="Integer16" dataSize="16" PIOffset="0x00DA"/>
		<Channel Name="CN9.VALVE.Out.AI16.VALVE6" dataType="Integer16" dataSize="16" PIOffset="0x00DC"/>
		<Channel Name="CN9.VALVE.Out.AI16.VALVE7" dataType="Integer16" dataSize="16" PIOffset="0x00DE"/>
		<Channel Name="CN9.VALVE.Out.AI16.VALVE8" dataType="Integer16" dataSize="16" PIOffset="0x00E0"/>
		<Channel Name="CN9.VALVE.Out.AI16.VALVE9" dataType="Integer16" dataSize="16" PIOffset="0x00E2"/>
		<Channel Name="CN9.VALVE.Out.AI16.VALVE10" dataType="Integer16" dataSize="16" PIOffset="0x00E4"/>
		<Channel Name="CN9.VALVE.Out.AI16.VALVE11" dataType="Integer16" dataSize="16" PIOffset="0x00E6"/>
		<Channel Name="CN9.VALVE.Out.AI16.VALVE12" dataType="Integer16" dataSize="16" PIOffset="0x00E8"/>
		<Channel Name="CN10.EC.Out.AI16.EG" dataType="Integer16" dataSize="16" PIOffset="0x00EA"/>
		<Channel Name="CN10.VALVE.Out.AI16.VALVE1" dataType="Integer16" dataSize="16" PIOffset="0x00EC"/>
		<Channel Name="CN10.VALVE.Out.AI16.VALVE2" dataType="Integer16" dataSize="16" PIOffset="0x00EE"/>
		<Channel Name="CN10.VALVE.Out.AI16.VALVE3" dataType="Integer16" dataSize="16" PIOffset="0x00F0"/>
		<Channel Name="CN10.VALVE.Out.AI16.VALVE4" dataType="Integer16" dataSize="16" PIOffset="0x00F2"/>
		<Channel Name="CN10.VALVE.Out.AI16.VALVE5" dataType="Integer16" dataSize="16" PIOffset="0x00F4"/>
		<Channel Name="CN10.VALVE.Out.AI16.VALVE6" dataType="Integer16" dataSize="16" PIOffset="0x00F6"/>
		<Channel Name="CN10.VALVE.Out.AI16.VALVE7" dataType="Integer16" dataSize="16" PIOffset="0x00F8"/>
		<Channel Name="CN10.VALVE.Out.AI16.VALVE8" dataType="Integer16" dataSize="16" PIOffset="0x00FA"/>
		<Channel Name="CN10.VALVE.Out.AI16.VALVE9" dataType="Integer16" dataSize="16" PIOffset="0x00FC"/>
		<Channel Name="CN10.VALVE.Out.AI16.VALVE10" dataType="Integer16" dataSize="16" PIOffset="0x00FE"/>
		<Channel Name="CN10.VALVE.Out.AI16.VALVE11" dataType="Integer16" dataSize="16" PIOffset="0x0100"/>
		<Channel Name="CN10.VALVE.Out.AI16.VALVE12" dataType="Integer16" dataSize="16" PIOffset="0x0102"/>
		<Channel Name="CN11.EC.Out.AI16.EG" dataType="Integer16" dataSize="16" PIOffset="0x0104"/>
		<Channel Name="CN11.VALVE.Out.AI16.VALVE1" dataType="Integer16" dataSize="16" PIOffset="0x0106"/>
		<Channel Name="CN11.VALVE.Out.AI16.VALVE2" dataType="Integer16" dataSize="16" PIOffset="0x0108"/>
		<Channel Name="CN11.VALVE.Out.AI16.VALVE3" dataType="Integer16" dataSize="16" PIOffset="0x010A"/>
		<Channel Name="CN11.VALVE.Out.AI16.VALVE4" dataType="Integer16" dataSize="16" PIOffset="0x010C"/>
		<Channel Name="CN11.VALVE.Out.AI16.VALVE5" dataType="Integer16" dataSize="16" PIOffset="0x010E"/>
		<Channel Name="CN11.VALVE.Out.AI16.VALVE6" dataType="Integer16" dataSize="16" PIOffset="0x0110"/>
		<Channel Name="CN11.VALVE.Out.AI16.VALVE7" dataType="Integer16" dataSize="16" PIOffset="0x0112"/>
		<Channel Name="CN11.VALVE.Out.AI16.VALVE8" dataType="Integer16" dataSize="16" PIOffset="0x0114"/>
		<Channel Name="CN11.VALVE.Out.AI16.VALVE9" dataType="Integer16" dataSize="16" PIOffset="0x0116"/>
		<Channel Name="CN11.VALVE.Out.AI16.VALVE10" dataType="Integer16" dataSize="16" PIOffset="0x0118"/>
		<Channel Name="CN11.VALVE.Out.AI16.VALVE11" dataType="Integer16" dataSize="16" PIOffset="0x011A"/>
		<Channel Name="CN11.VALVE.Out.AI16.VALVE12" dataType="Integer16" dataSize="16" PIOffset="0x011C"/>
	</ProcessImage>
</ApplicationProcess>
