﻿Carte;Vannes/Etat;Valeur;Timer dépendance;Dépendance vannes
OBC;EG;4;#;#
CACMO;VCE;0;#;#
CACMO;VBCE;0;#;#
CACMO;VCO;0;#;#
CACMO;VBCO;1;2.5;1|2|3
CACMO;#;#;#;#
CACMO;#;#;#;#
CACMO;#;#;#;#
CACMO;#;#;#;#
CACMO;#;#;#;#
CACMO;#;#;#;#
CACMO;#;#;#;#
CACMO;#;#;#;#
OFFSET;EG;#;#;#
CACOE;VPrO;0;#;#
CACOE;VMAO;1;2.5;14
CACOE;;#;#;#
CACOE;;#;#;#
CACOE;;#;#;#
CACOE;;#;#;#
CACOE;;#;#;#
CACOE;;#;#;#
CACOE;;#;#;#
CACOE;;#;#;#
CACOE;;#;#;#
CACOE;;#;#;#
OFFSET;EG;#;#;#
CACEHP;VMAPr;0;#;#
CACEHP;VMAE;0;#;#
CACEHP;VPrG;0;#;#
CACEHP;VPrE;1;2.5;29
CACEHP;;#;#;#
CACEHP;;#;#;#
CACEHP;;#;#;#
CACEHP;;#;#;#
CACEHP;;#;#;#
CACEHP;;#;#;#
CACEHP;;#;#;#
CACEHP;;#;#;#
