<?xml version="1.0" encoding="UTF-8"?>
<!--This file was autogenerated by openCONFIGURATOR-1.4.1 on 14-Jun-2017 14:35:37-->
<ApplicationProcess>
  <ProcessImage type="output" size="3">
    <Channel Name="CN1.M00.DigitalInput_00h_AU8.DigitalInput" dataType="Unsigned8" dataSize="8" PIOffset="0x0000"/>
    <Channel Name="CN32.M00.DigitalInput_00h_AU8.DigitalInput" dataType="Unsigned8" dataSize="8" PIOffset="0x0001"/>
    <Channel Name="CN110.M00.DigitalInput_00h_AU8.DigitalInput" dataType="Unsigned8" dataSize="8" PIOffset="0x0002"/>
  </ProcessImage>
  <ProcessImage type="input" size="3">
    <Channel Name="CN1.M00.DigitalOutput_00h_AU8.DigitalOutput" dataType="Unsigned8" dataSize="8" PIOffset="0x0000"/>
    <Channel Name="CN32.M00.DigitalOutput_00h_AU8.DigitalOutput" dataType="Unsigned8" dataSize="8" PIOffset="0x0001"/>
    <Channel Name="CN110.M00.DigitalOutput_00h_AU8.DigitalOutput" dataType="Unsigned8" dataSize="8" PIOffset="0x0002"/>
  </ProcessImage>
</ApplicationProcess>
