<?xml version="1.0" encoding="UTF-8"?>
<!-- This file was autogenerated by openCONFIGURATOR-2.2.1_release on 21-May-2024 11:38:05 -->
<!-- Project: ASTREOS-1_OpenPOWERLINK -->
<!-- Application process for OBC_MN(240) -->
<ApplicationProcess xmlns="http://ethernet-powerlink.org/POWERLINK/PI">
	<ProcessImage type="output" size="200">
		<Channel Name="CN1.EC.In.AI16.EC1" dataType="Integer16" dataSize="16" PIOffset="0x0000"/>
		<Channel Name="CN1.VALVE.In.AI16.VALVE1" dataType="Integer16" dataSize="16" PIOffset="0x0002"/>
		<Channel Name="CN1.VALVE.In.AI16.VALVE2" dataType="Integer16" dataSize="16" PIOffset="0x0004"/>
		<Channel Name="CN1.VALVE.In.AI16.VALVE3" dataType="Integer16" dataSize="16" PIOffset="0x0006"/>
		<Channel Name="CN1.VALVE.In.AI16.VALVE4" dataType="Integer16" dataSize="16" PIOffset="0x0008"/>
		<Channel Name="CN1.VALVE.In.AI16.VALVE5" dataType="Integer16" dataSize="16" PIOffset="0x000A"/>
		<Channel Name="CN1.VALVE.In.AI16.VALVE6" dataType="Integer16" dataSize="16" PIOffset="0x000C"/>
		<Channel Name="CN1.VALVE.In.AI16.VALVE7" dataType="Integer16" dataSize="16" PIOffset="0x000E"/>
		<Channel Name="CN1.VALVE.In.AI16.VALVE8" dataType="Integer16" dataSize="16" PIOffset="0x0010"/>
		<Channel Name="CN1.VALVE.In.AI16.VALVE9" dataType="Integer16" dataSize="16" PIOffset="0x0012"/>
		<Channel Name="CN1.VALVE.In.AI16.VALVE10" dataType="Integer16" dataSize="16" PIOffset="0x0014"/>
		<Channel Name="CN1.VALVE.In.AI16.VALVE11" dataType="Integer16" dataSize="16" PIOffset="0x0016"/>
		<Channel Name="CN1.VALVE.In.AI16.VALVE12" dataType="Integer16" dataSize="16" PIOffset="0x0018"/>
		<Channel Name="CN1.SENSOR.In.AI16.SENSOR1" dataType="Integer16" dataSize="16" PIOffset="0x001A"/>
		<Channel Name="CN1.SENSOR.In.AI16.SENSOR2" dataType="Integer16" dataSize="16" PIOffset="0x001C"/>
		<Channel Name="CN1.SENSOR.In.AI16.SENSOR3" dataType="Integer16" dataSize="16" PIOffset="0x001E"/>
		<Channel Name="CN1.SENSOR.In.AI16.SENSOR4" dataType="Integer16" dataSize="16" PIOffset="0x0020"/>
		<Channel Name="CN1.SENSOR.In.AI16.SENSOR5" dataType="Integer16" dataSize="16" PIOffset="0x0022"/>
		<Channel Name="CN1.SENSOR.In.AI16.SENSOR6" dataType="Integer16" dataSize="16" PIOffset="0x0024"/>
		<Channel Name="CN1.SENSOR.In.AI16.SENSOR7" dataType="Integer16" dataSize="16" PIOffset="0x0026"/>
		<Channel Name="CN1.SENSOR.In.AI16.SENSOR8" dataType="Integer16" dataSize="16" PIOffset="0x0028"/>
		<Channel Name="CN1.SENSOR.In.AI16.SENSOR9" dataType="Integer16" dataSize="16" PIOffset="0x002A"/>
		<Channel Name="CN1.SENSOR.In.AI16.SENSOR10" dataType="Integer16" dataSize="16" PIOffset="0x002C"/>
		<Channel Name="CN1.SENSOR.In.AI16.SENSOR11" dataType="Integer16" dataSize="16" PIOffset="0x002E"/>
		<Channel Name="CN1.SENSOR.In.AI16.SENSOR12" dataType="Integer16" dataSize="16" PIOffset="0x0030"/>
		<Channel Name="CN2.EC.In.AI16.EC2" dataType="Integer16" dataSize="16" PIOffset="0x0032"/>
		<Channel Name="CN2.VALVE.In.AI16.VALVE1" dataType="Integer16" dataSize="16" PIOffset="0x0034"/>
		<Channel Name="CN2.VALVE.In.AI16.VALVE2" dataType="Integer16" dataSize="16" PIOffset="0x0036"/>
		<Channel Name="CN2.VALVE.In.AI16.VALVE3" dataType="Integer16" dataSize="16" PIOffset="0x0038"/>
		<Channel Name="CN2.VALVE.In.AI16.VALVE4" dataType="Integer16" dataSize="16" PIOffset="0x003A"/>
		<Channel Name="CN2.VALVE.In.AI16.VALVE5" dataType="Integer16" dataSize="16" PIOffset="0x003C"/>
		<Channel Name="CN2.VALVE.In.AI16.VALVE6" dataType="Integer16" dataSize="16" PIOffset="0x003E"/>
		<Channel Name="CN2.VALVE.In.AI16.VALVE7" dataType="Integer16" dataSize="16" PIOffset="0x0040"/>
		<Channel Name="CN2.VALVE.In.AI16.VALVE8" dataType="Integer16" dataSize="16" PIOffset="0x0042"/>
		<Channel Name="CN2.VALVE.In.AI16.VALVE9" dataType="Integer16" dataSize="16" PIOffset="0x0044"/>
		<Channel Name="CN2.VALVE.In.AI16.VALVE10" dataType="Integer16" dataSize="16" PIOffset="0x0046"/>
		<Channel Name="CN2.VALVE.In.AI16.VALVE11" dataType="Integer16" dataSize="16" PIOffset="0x0048"/>
		<Channel Name="CN2.VALVE.In.AI16.VALVE12" dataType="Integer16" dataSize="16" PIOffset="0x004A"/>
		<Channel Name="CN2.SENSOR.In.AI16.SENSOR1" dataType="Integer16" dataSize="16" PIOffset="0x004C"/>
		<Channel Name="CN2.SENSOR.In.AI16.SENSOR2" dataType="Integer16" dataSize="16" PIOffset="0x004E"/>
		<Channel Name="CN2.SENSOR.In.AI16.SENSOR3" dataType="Integer16" dataSize="16" PIOffset="0x0050"/>
		<Channel Name="CN2.SENSOR.In.AI16.SENSOR4" dataType="Integer16" dataSize="16" PIOffset="0x0052"/>
		<Channel Name="CN2.SENSOR.In.AI16.SENSOR5" dataType="Integer16" dataSize="16" PIOffset="0x0054"/>
		<Channel Name="CN2.SENSOR.In.AI16.SENSOR6" dataType="Integer16" dataSize="16" PIOffset="0x0056"/>
		<Channel Name="CN2.SENSOR.In.AI16.SENSOR7" dataType="Integer16" dataSize="16" PIOffset="0x0058"/>
		<Channel Name="CN2.SENSOR.In.AI16.SENSOR8" dataType="Integer16" dataSize="16" PIOffset="0x005A"/>
		<Channel Name="CN2.SENSOR.In.AI16.SENSOR9" dataType="Integer16" dataSize="16" PIOffset="0x005C"/>
		<Channel Name="CN2.SENSOR.In.AI16.SENSOR10" dataType="Integer16" dataSize="16" PIOffset="0x005E"/>
		<Channel Name="CN2.SENSOR.In.AI16.SENSOR11" dataType="Integer16" dataSize="16" PIOffset="0x0060"/>
		<Channel Name="CN2.SENSOR.In.AI16.SENSOR12" dataType="Integer16" dataSize="16" PIOffset="0x0062"/>
		<Channel Name="CN3.EC.In.AI16.EC3" dataType="Integer16" dataSize="16" PIOffset="0x0064"/>
		<Channel Name="CN3.VALVE.In.AI16.VALVE1" dataType="Integer16" dataSize="16" PIOffset="0x0066"/>
		<Channel Name="CN3.VALVE.In.AI16.VALVE2" dataType="Integer16" dataSize="16" PIOffset="0x0068"/>
		<Channel Name="CN3.VALVE.In.AI16.VALVE3" dataType="Integer16" dataSize="16" PIOffset="0x006A"/>
		<Channel Name="CN3.VALVE.In.AI16.VALVE4" dataType="Integer16" dataSize="16" PIOffset="0x006C"/>
		<Channel Name="CN3.VALVE.In.AI16.VALVE5" dataType="Integer16" dataSize="16" PIOffset="0x006E"/>
		<Channel Name="CN3.VALVE.In.AI16.VALVE6" dataType="Integer16" dataSize="16" PIOffset="0x0070"/>
		<Channel Name="CN3.VALVE.In.AI16.VALVE7" dataType="Integer16" dataSize="16" PIOffset="0x0072"/>
		<Channel Name="CN3.VALVE.In.AI16.VALVE8" dataType="Integer16" dataSize="16" PIOffset="0x0074"/>
		<Channel Name="CN3.VALVE.In.AI16.VALVE9" dataType="Integer16" dataSize="16" PIOffset="0x0076"/>
		<Channel Name="CN3.VALVE.In.AI16.VALVE10" dataType="Integer16" dataSize="16" PIOffset="0x0078"/>
		<Channel Name="CN3.VALVE.In.AI16.VALVE11" dataType="Integer16" dataSize="16" PIOffset="0x007A"/>
		<Channel Name="CN3.VALVE.In.AI16.VALVE12" dataType="Integer16" dataSize="16" PIOffset="0x007C"/>
		<Channel Name="CN3.SENSOR.In.AI16.SENSOR1" dataType="Integer16" dataSize="16" PIOffset="0x007E"/>
		<Channel Name="CN3.SENSOR.In.AI16.SENSOR2" dataType="Integer16" dataSize="16" PIOffset="0x0080"/>
		<Channel Name="CN3.SENSOR.In.AI16.SENSOR3" dataType="Integer16" dataSize="16" PIOffset="0x0082"/>
		<Channel Name="CN3.SENSOR.In.AI16.SENSOR4" dataType="Integer16" dataSize="16" PIOffset="0x0084"/>
		<Channel Name="CN3.SENSOR.In.AI16.SENSOR5" dataType="Integer16" dataSize="16" PIOffset="0x0086"/>
		<Channel Name="CN3.SENSOR.In.AI16.SENSOR6" dataType="Integer16" dataSize="16" PIOffset="0x0088"/>
		<Channel Name="CN3.SENSOR.In.AI16.SENSOR7" dataType="Integer16" dataSize="16" PIOffset="0x008A"/>
		<Channel Name="CN3.SENSOR.In.AI16.SENSOR8" dataType="Integer16" dataSize="16" PIOffset="0x008C"/>
		<Channel Name="CN3.SENSOR.In.AI16.SENSOR9" dataType="Integer16" dataSize="16" PIOffset="0x008E"/>
		<Channel Name="CN3.SENSOR.In.AI16.SENSOR10" dataType="Integer16" dataSize="16" PIOffset="0x0090"/>
		<Channel Name="CN3.SENSOR.In.AI16.SENSOR11" dataType="Integer16" dataSize="16" PIOffset="0x0092"/>
		<Channel Name="CN3.SENSOR.In.AI16.SENSOR12" dataType="Integer16" dataSize="16" PIOffset="0x0094"/>
		<Channel Name="CN4.EC.In.AI16.EC4" dataType="Integer16" dataSize="16" PIOffset="0x0096"/>
		<Channel Name="CN4.VALVE.In.AI16.VALVE1" dataType="Integer16" dataSize="16" PIOffset="0x0098"/>
		<Channel Name="CN4.VALVE.In.AI16.VALVE2" dataType="Integer16" dataSize="16" PIOffset="0x009A"/>
		<Channel Name="CN4.VALVE.In.AI16.VALVE3" dataType="Integer16" dataSize="16" PIOffset="0x009C"/>
		<Channel Name="CN4.VALVE.In.AI16.VALVE4" dataType="Integer16" dataSize="16" PIOffset="0x009E"/>
		<Channel Name="CN4.VALVE.In.AI16.VALVE5" dataType="Integer16" dataSize="16" PIOffset="0x00A0"/>
		<Channel Name="CN4.VALVE.In.AI16.VALVE6" dataType="Integer16" dataSize="16" PIOffset="0x00A2"/>
		<Channel Name="CN4.VALVE.In.AI16.VALVE7" dataType="Integer16" dataSize="16" PIOffset="0x00A4"/>
		<Channel Name="CN4.VALVE.In.AI16.VALVE8" dataType="Integer16" dataSize="16" PIOffset="0x00A6"/>
		<Channel Name="CN4.VALVE.In.AI16.VALVE9" dataType="Integer16" dataSize="16" PIOffset="0x00A8"/>
		<Channel Name="CN4.VALVE.In.AI16.VALVE10" dataType="Integer16" dataSize="16" PIOffset="0x00AA"/>
		<Channel Name="CN4.VALVE.In.AI16.VALVE11" dataType="Integer16" dataSize="16" PIOffset="0x00AC"/>
		<Channel Name="CN4.VALVE.In.AI16.VALVE12" dataType="Integer16" dataSize="16" PIOffset="0x00AE"/>
		<Channel Name="CN4.SENSOR.In.AI16.SENSOR1" dataType="Integer16" dataSize="16" PIOffset="0x00B0"/>
		<Channel Name="CN4.SENSOR.In.AI16.SENSOR2" dataType="Integer16" dataSize="16" PIOffset="0x00B2"/>
		<Channel Name="CN4.SENSOR.In.AI16.SENSOR3" dataType="Integer16" dataSize="16" PIOffset="0x00B4"/>
		<Channel Name="CN4.SENSOR.In.AI16.SENSOR4" dataType="Integer16" dataSize="16" PIOffset="0x00B6"/>
		<Channel Name="CN4.SENSOR.In.AI16.SENSOR5" dataType="Integer16" dataSize="16" PIOffset="0x00B8"/>
		<Channel Name="CN4.SENSOR.In.AI16.SENSOR6" dataType="Integer16" dataSize="16" PIOffset="0x00BA"/>
		<Channel Name="CN4.SENSOR.In.AI16.SENSOR7" dataType="Integer16" dataSize="16" PIOffset="0x00BC"/>
		<Channel Name="CN4.SENSOR.In.AI16.SENSOR8" dataType="Integer16" dataSize="16" PIOffset="0x00BE"/>
		<Channel Name="CN4.SENSOR.In.AI16.SENSOR9" dataType="Integer16" dataSize="16" PIOffset="0x00C0"/>
		<Channel Name="CN4.SENSOR.In.AI16.SENSOR10" dataType="Integer16" dataSize="16" PIOffset="0x00C2"/>
		<Channel Name="CN4.SENSOR.In.AI16.SENSOR11" dataType="Integer16" dataSize="16" PIOffset="0x00C4"/>
		<Channel Name="CN4.SENSOR.In.AI16.SENSOR12" dataType="Integer16" dataSize="16" PIOffset="0x00C6"/>
	</ProcessImage>
	<ProcessImage type="input" size="104">
		<Channel Name="CN1.EC.Out.AI16.EG" dataType="Integer16" dataSize="16" PIOffset="0x0000"/>
		<Channel Name="CN1.VALVE.Out.AI16.VALVE1" dataType="Integer16" dataSize="16" PIOffset="0x0002"/>
		<Channel Name="CN1.VALVE.Out.AI16.VALVE2" dataType="Integer16" dataSize="16" PIOffset="0x0004"/>
		<Channel Name="CN1.VALVE.Out.AI16.VALVE3" dataType="Integer16" dataSize="16" PIOffset="0x0006"/>
		<Channel Name="CN1.VALVE.Out.AI16.VALVE4" dataType="Integer16" dataSize="16" PIOffset="0x0008"/>
		<Channel Name="CN1.VALVE.Out.AI16.VALVE5" dataType="Integer16" dataSize="16" PIOffset="0x000A"/>
		<Channel Name="CN1.VALVE.Out.AI16.VALVE6" dataType="Integer16" dataSize="16" PIOffset="0x000C"/>
		<Channel Name="CN1.VALVE.Out.AI16.VALVE7" dataType="Integer16" dataSize="16" PIOffset="0x000E"/>
		<Channel Name="CN1.VALVE.Out.AI16.VALVE8" dataType="Integer16" dataSize="16" PIOffset="0x0010"/>
		<Channel Name="CN1.VALVE.Out.AI16.VALVE9" dataType="Integer16" dataSize="16" PIOffset="0x0012"/>
		<Channel Name="CN1.VALVE.Out.AI16.VALVE10" dataType="Integer16" dataSize="16" PIOffset="0x0014"/>
		<Channel Name="CN1.VALVE.Out.AI16.VALVE11" dataType="Integer16" dataSize="16" PIOffset="0x0016"/>
		<Channel Name="CN1.VALVE.Out.AI16.VALVE12" dataType="Integer16" dataSize="16" PIOffset="0x0018"/>
		<Channel Name="CN2.EC.Out.AI16.EG" dataType="Integer16" dataSize="16" PIOffset="0x001A"/>
		<Channel Name="CN2.VALVE.Out.AI16.VALVE1" dataType="Integer16" dataSize="16" PIOffset="0x001C"/>
		<Channel Name="CN2.VALVE.Out.AI16.VALVE2" dataType="Integer16" dataSize="16" PIOffset="0x001E"/>
		<Channel Name="CN2.VALVE.Out.AI16.VALVE3" dataType="Integer16" dataSize="16" PIOffset="0x0020"/>
		<Channel Name="CN2.VALVE.Out.AI16.VALVE4" dataType="Integer16" dataSize="16" PIOffset="0x0022"/>
		<Channel Name="CN2.VALVE.Out.AI16.VALVE5" dataType="Integer16" dataSize="16" PIOffset="0x0024"/>
		<Channel Name="CN2.VALVE.Out.AI16.VALVE6" dataType="Integer16" dataSize="16" PIOffset="0x0026"/>
		<Channel Name="CN2.VALVE.Out.AI16.VALVE7" dataType="Integer16" dataSize="16" PIOffset="0x0028"/>
		<Channel Name="CN2.VALVE.Out.AI16.VALVE8" dataType="Integer16" dataSize="16" PIOffset="0x002A"/>
		<Channel Name="CN2.VALVE.Out.AI16.VALVE9" dataType="Integer16" dataSize="16" PIOffset="0x002C"/>
		<Channel Name="CN2.VALVE.Out.AI16.VALVE10" dataType="Integer16" dataSize="16" PIOffset="0x002E"/>
		<Channel Name="CN2.VALVE.Out.AI16.VALVE11" dataType="Integer16" dataSize="16" PIOffset="0x0030"/>
		<Channel Name="CN2.VALVE.Out.AI16.VALVE12" dataType="Integer16" dataSize="16" PIOffset="0x0032"/>
		<Channel Name="CN3.EC.Out.AI16.EG" dataType="Integer16" dataSize="16" PIOffset="0x0034"/>
		<Channel Name="CN3.VALVE.Out.AI16.VALVE1" dataType="Integer16" dataSize="16" PIOffset="0x0036"/>
		<Channel Name="CN3.VALVE.Out.AI16.VALVE2" dataType="Integer16" dataSize="16" PIOffset="0x0038"/>
		<Channel Name="CN3.VALVE.Out.AI16.VALVE3" dataType="Integer16" dataSize="16" PIOffset="0x003A"/>
		<Channel Name="CN3.VALVE.Out.AI16.VALVE4" dataType="Integer16" dataSize="16" PIOffset="0x003C"/>
		<Channel Name="CN3.VALVE.Out.AI16.VALVE5" dataType="Integer16" dataSize="16" PIOffset="0x003E"/>
		<Channel Name="CN3.VALVE.Out.AI16.VALVE6" dataType="Integer16" dataSize="16" PIOffset="0x0040"/>
		<Channel Name="CN3.VALVE.Out.AI16.VALVE7" dataType="Integer16" dataSize="16" PIOffset="0x0042"/>
		<Channel Name="CN3.VALVE.Out.AI16.VALVE8" dataType="Integer16" dataSize="16" PIOffset="0x0044"/>
		<Channel Name="CN3.VALVE.Out.AI16.VALVE9" dataType="Integer16" dataSize="16" PIOffset="0x0046"/>
		<Channel Name="CN3.VALVE.Out.AI16.VALVE10" dataType="Integer16" dataSize="16" PIOffset="0x0048"/>
		<Channel Name="CN3.VALVE.Out.AI16.VALVE11" dataType="Integer16" dataSize="16" PIOffset="0x004A"/>
		<Channel Name="CN3.VALVE.Out.AI16.VALVE12" dataType="Integer16" dataSize="16" PIOffset="0x004C"/>
		<Channel Name="CN4.EC.Out.AI16.EG" dataType="Integer16" dataSize="16" PIOffset="0x004E"/>
		<Channel Name="CN4.VALVE.Out.AI16.VALVE1" dataType="Integer16" dataSize="16" PIOffset="0x0050"/>
		<Channel Name="CN4.VALVE.Out.AI16.VALVE2" dataType="Integer16" dataSize="16" PIOffset="0x0052"/>
		<Channel Name="CN4.VALVE.Out.AI16.VALVE3" dataType="Integer16" dataSize="16" PIOffset="0x0054"/>
		<Channel Name="CN4.VALVE.Out.AI16.VALVE4" dataType="Integer16" dataSize="16" PIOffset="0x0056"/>
		<Channel Name="CN4.VALVE.Out.AI16.VALVE5" dataType="Integer16" dataSize="16" PIOffset="0x0058"/>
		<Channel Name="CN4.VALVE.Out.AI16.VALVE6" dataType="Integer16" dataSize="16" PIOffset="0x005A"/>
		<Channel Name="CN4.VALVE.Out.AI16.VALVE7" dataType="Integer16" dataSize="16" PIOffset="0x005C"/>
		<Channel Name="CN4.VALVE.Out.AI16.VALVE8" dataType="Integer16" dataSize="16" PIOffset="0x005E"/>
		<Channel Name="CN4.VALVE.Out.AI16.VALVE9" dataType="Integer16" dataSize="16" PIOffset="0x0060"/>
		<Channel Name="CN4.VALVE.Out.AI16.VALVE10" dataType="Integer16" dataSize="16" PIOffset="0x0062"/>
		<Channel Name="CN4.VALVE.Out.AI16.VALVE11" dataType="Integer16" dataSize="16" PIOffset="0x0064"/>
		<Channel Name="CN4.VALVE.Out.AI16.VALVE12" dataType="Integer16" dataSize="16" PIOffset="0x0066"/>
	</ProcessImage>
</ApplicationProcess>
