<?xml version='1.0' encoding='UTF-8' standalone='no'?>
<doxygen xmlns:xsi="http://www.w3.org/2001/XMLSchema-instance" xsi:noNamespaceSchemaLocation="compound.xsd" version="1.10.0" xml:lang="en-US">
  <compounddef id="file_8cpp" kind="file" language="C++">
    <compoundname>file.cpp</compoundname>
    <includes refid="file_8h" local="yes">file.h</includes>
    <incdepgraph>
      <node id="9">
        <label>configDefine.h</label>
        <link refid="config_define_8h"/>
        <childnode refid="10" relation="include">
        </childnode>
      </node>
      <node id="3">
        <label>eventOpl.h</label>
        <link refid="event_opl_8h"/>
        <childnode refid="4" relation="include">
        </childnode>
        <childnode refid="5" relation="include">
        </childnode>
        <childnode refid="6" relation="include">
        </childnode>
        <childnode refid="7" relation="include">
        </childnode>
        <childnode refid="8" relation="include">
        </childnode>
      </node>
      <node id="2">
        <label>file.h</label>
        <link refid="file_8h"/>
        <childnode refid="3" relation="include">
        </childnode>
        <childnode refid="9" relation="include">
        </childnode>
        <childnode refid="11" relation="include">
        </childnode>
        <childnode refid="12" relation="include">
        </childnode>
        <childnode refid="13" relation="include">
        </childnode>
        <childnode refid="14" relation="include">
        </childnode>
        <childnode refid="15" relation="include">
        </childnode>
      </node>
      <node id="10">
        <label>nbNodes.h</label>
        <link refid="nb_nodes_8h"/>
      </node>
      <node id="11">
        <label>statusErrorDefine.h</label>
        <link refid="status_error_define_8h"/>
      </node>
      <node id="1">
        <label>C:/Users/Squaria/Documents/openPOWERLINK_V2_CAC/apps/OBC_MN/src/file.cpp</label>
        <link refid="file_8cpp"/>
        <childnode refid="2" relation="include">
        </childnode>
      </node>
      <node id="6">
        <label>console/console.h</label>
      </node>
      <node id="14">
        <label>ctime</label>
      </node>
      <node id="7">
        <label>eventlog/eventlog.h</label>
      </node>
      <node id="13">
        <label>fstream</label>
      </node>
      <node id="12">
        <label>iostream</label>
      </node>
      <node id="5">
        <label>oplk/debugstr.h</label>
      </node>
      <node id="4">
        <label>oplk/oplk.h</label>
      </node>
      <node id="8">
        <label>stdio.h</label>
      </node>
      <node id="15">
        <label>string</label>
      </node>
    </incdepgraph>
    <briefdescription>
<para>Module to write telemetry into a file. </para>
    </briefdescription>
    <detaileddescription>
<para><simplesect kind="author"><para>Mael Parot, Julien Mindze </para>
</simplesect>
<simplesect kind="version"><para>1.2 </para>
</simplesect>
<simplesect kind="date"><para>11/04/2024</para>
</simplesect>
Contains all functions related to writing the telemetry into a file named after the current date and time. </para>
    </detaileddescription>
    <programlisting>
<codeline lineno="1"></codeline>
<codeline lineno="12"><highlight class="normal"></highlight><highlight class="preprocessor">#include<sp/>&quot;<ref refid="file_8h" kindref="compound">file.h</ref>&quot;</highlight><highlight class="normal"></highlight></codeline>
<codeline lineno="13"><highlight class="normal"></highlight></codeline>
<codeline lineno="14" refid="classfile_1a22090815b0614f552f2cb2cc8f170572" refkind="member"><highlight class="normal"><ref refid="classfile_1a22090815b0614f552f2cb2cc8f170572" kindref="member">file::file</ref>()</highlight></codeline>
<codeline lineno="15"><highlight class="normal"><sp/><sp/><sp/><sp/>:<sp/>pathFile(</highlight><highlight class="stringliteral">&quot;&quot;</highlight><highlight class="normal">),</highlight></codeline>
<codeline lineno="16"><highlight class="normal"><sp/><sp/><sp/><sp/><sp/><sp/>dataFile(),</highlight></codeline>
<codeline lineno="17"><highlight class="normal"><sp/><sp/><sp/><sp/><sp/><sp/>nameFiles(</highlight><highlight class="stringliteral">&quot;&quot;</highlight><highlight class="normal">),</highlight></codeline>
<codeline lineno="18"><highlight class="normal"><sp/><sp/><sp/><sp/><sp/><sp/>year_month_day(</highlight><highlight class="stringliteral">&quot;&quot;</highlight><highlight class="normal">),</highlight></codeline>
<codeline lineno="19"><highlight class="normal"><sp/><sp/><sp/><sp/><sp/><sp/>hour_minute_second(</highlight><highlight class="stringliteral">&quot;&quot;</highlight><highlight class="normal">)</highlight></codeline>
<codeline lineno="20"><highlight class="normal">{</highlight></codeline>
<codeline lineno="21"><highlight class="normal"><sp/><sp/><sp/><sp/></highlight><highlight class="comment">//constructor</highlight><highlight class="normal"></highlight></codeline>
<codeline lineno="22"><highlight class="normal">}</highlight></codeline>
<codeline lineno="23"><highlight class="normal"></highlight></codeline>
<codeline lineno="24" refid="classfile_1a7174566303bcda6dc7d47cc0997c8c42" refkind="member"><highlight class="normal"><ref refid="classfile_1a7174566303bcda6dc7d47cc0997c8c42" kindref="member">file::~file</ref>()</highlight></codeline>
<codeline lineno="25"><highlight class="normal">{</highlight></codeline>
<codeline lineno="26"><highlight class="normal"><sp/><sp/><sp/><sp/></highlight><highlight class="comment">//destructor</highlight><highlight class="normal"></highlight></codeline>
<codeline lineno="27"><highlight class="normal">}</highlight></codeline>
<codeline lineno="28"><highlight class="normal"></highlight></codeline>
<codeline lineno="37" refid="classfile_1ac0354d5b8c38714c335bed66f1a5368c" refkind="member"><highlight class="normal"><ref refid="status_error_define_8h_1adf0c44f8de9b8e78b0e56caacfa1ac94" kindref="member">statusErrDef</ref><sp/><ref refid="classfile_1ac0354d5b8c38714c335bed66f1a5368c" kindref="member">file::initFile</ref>()</highlight></codeline>
<codeline lineno="38"><highlight class="normal">{</highlight></codeline>
<codeline lineno="39"><highlight class="normal"><sp/><sp/><sp/><sp/><ref refid="status_error_define_8h_1adf0c44f8de9b8e78b0e56caacfa1ac94" kindref="member">statusErrDef</ref><sp/>res<sp/>=<sp/><ref refid="status_error_define_8h_1adf0c44f8de9b8e78b0e56caacfa1ac94ab22416d928134d1c6c7b2e8d2c31f20b" kindref="member">noError</ref>;</highlight></codeline>
<codeline lineno="40"><highlight class="normal"><sp/><sp/><sp/><sp/></highlight><highlight class="comment">//<sp/>we<sp/>get<sp/>the<sp/>current<sp/>system<sp/>time</highlight><highlight class="normal"></highlight></codeline>
<codeline lineno="41"><highlight class="normal"><sp/><sp/><sp/><sp/>time_t<sp/>now<sp/>=<sp/>time(0);</highlight></codeline>
<codeline lineno="42"><highlight class="normal"><sp/><sp/><sp/><sp/></highlight><highlight class="comment">//<sp/>transform<sp/>the<sp/>system<sp/>time<sp/>into<sp/>year,<sp/>month,<sp/>day,<sp/>hour,<sp/>minute<sp/>and<sp/>second</highlight><highlight class="normal"></highlight></codeline>
<codeline lineno="43"><highlight class="normal"><sp/><sp/><sp/><sp/>tm*<sp/>tm_NOW<sp/>=<sp/>localtime(&amp;now);</highlight></codeline>
<codeline lineno="44"><highlight class="normal"></highlight></codeline>
<codeline lineno="45"><highlight class="normal"><sp/><sp/><sp/><sp/></highlight><highlight class="keywordtype">int</highlight><highlight class="normal"><sp/><sp/>year<sp/>=<sp/>1900<sp/>+<sp/>tm_NOW-&gt;tm_year;</highlight></codeline>
<codeline lineno="46"><highlight class="normal"><sp/><sp/><sp/><sp/></highlight><highlight class="keywordtype">int</highlight><highlight class="normal"><sp/><sp/>month<sp/>=<sp/>1<sp/>+<sp/>tm_NOW-&gt;tm_mon;</highlight></codeline>
<codeline lineno="47"><highlight class="normal"><sp/><sp/><sp/><sp/></highlight><highlight class="keywordtype">int</highlight><highlight class="normal"><sp/><sp/>day<sp/>=<sp/>tm_NOW-&gt;tm_mday;</highlight></codeline>
<codeline lineno="48"><highlight class="normal"></highlight></codeline>
<codeline lineno="49"><highlight class="normal"><sp/><sp/><sp/><sp/></highlight><highlight class="keywordtype">int</highlight><highlight class="normal"><sp/><sp/>hour<sp/>=<sp/>tm_NOW-&gt;tm_hour;</highlight></codeline>
<codeline lineno="50"><highlight class="normal"><sp/><sp/><sp/><sp/></highlight><highlight class="keywordtype">int</highlight><highlight class="normal"><sp/><sp/>minute<sp/>=<sp/>tm_NOW-&gt;tm_min;</highlight></codeline>
<codeline lineno="51"><highlight class="normal"><sp/><sp/><sp/><sp/></highlight><highlight class="keywordtype">int</highlight><highlight class="normal"><sp/><sp/>second<sp/>=<sp/>tm_NOW-&gt;tm_sec;</highlight></codeline>
<codeline lineno="52"><highlight class="normal"></highlight></codeline>
<codeline lineno="53"><highlight class="normal"><sp/><sp/><sp/><sp/></highlight><highlight class="comment">//<sp/>initialisation<sp/>of<sp/>the<sp/>year,<sp/>month<sp/>and<sp/>day</highlight><highlight class="normal"></highlight></codeline>
<codeline lineno="54"><highlight class="normal"><sp/><sp/><sp/><sp/><ref refid="classfile_1a3bca228e2cfb8cd254e4770f8d1f058b" kindref="member">year_month_day</ref><sp/>=<sp/><ref refid="classfile_1a3bca228e2cfb8cd254e4770f8d1f058b" kindref="member">year_month_day</ref><sp/>+<sp/>to_string(year);</highlight></codeline>
<codeline lineno="55"><highlight class="normal"><sp/><sp/><sp/><sp/><ref refid="classfile_1a3bca228e2cfb8cd254e4770f8d1f058b" kindref="member">year_month_day</ref><sp/>=<sp/><ref refid="classfile_1a3bca228e2cfb8cd254e4770f8d1f058b" kindref="member">year_month_day</ref><sp/>+<sp/></highlight><highlight class="stringliteral">&quot;-&quot;</highlight><highlight class="normal">;</highlight></codeline>
<codeline lineno="56"><highlight class="normal"><sp/><sp/><sp/><sp/><ref refid="classfile_1a3bca228e2cfb8cd254e4770f8d1f058b" kindref="member">year_month_day</ref><sp/>=<sp/><ref refid="classfile_1a3bca228e2cfb8cd254e4770f8d1f058b" kindref="member">year_month_day</ref><sp/>+<sp/>to_string(month);</highlight></codeline>
<codeline lineno="57"><highlight class="normal"><sp/><sp/><sp/><sp/><ref refid="classfile_1a3bca228e2cfb8cd254e4770f8d1f058b" kindref="member">year_month_day</ref><sp/>=<sp/><ref refid="classfile_1a3bca228e2cfb8cd254e4770f8d1f058b" kindref="member">year_month_day</ref><sp/>+<sp/></highlight><highlight class="stringliteral">&quot;-&quot;</highlight><highlight class="normal">;</highlight></codeline>
<codeline lineno="58"><highlight class="normal"><sp/><sp/><sp/><sp/><ref refid="classfile_1a3bca228e2cfb8cd254e4770f8d1f058b" kindref="member">year_month_day</ref><sp/>=<sp/><ref refid="classfile_1a3bca228e2cfb8cd254e4770f8d1f058b" kindref="member">year_month_day</ref><sp/>+<sp/>to_string(day);</highlight></codeline>
<codeline lineno="59"><highlight class="normal"></highlight></codeline>
<codeline lineno="60"><highlight class="normal"><sp/><sp/><sp/><sp/></highlight><highlight class="comment">//<sp/>initialisation<sp/>of<sp/>the<sp/>hour,<sp/>minute<sp/>and<sp/>second</highlight><highlight class="normal"></highlight></codeline>
<codeline lineno="61"><highlight class="normal"><sp/><sp/><sp/><sp/><ref refid="classfile_1abcaf2953711c9b12908a0858523b1265" kindref="member">hour_minute_second</ref><sp/>=<sp/><ref refid="classfile_1abcaf2953711c9b12908a0858523b1265" kindref="member">hour_minute_second</ref><sp/>+<sp/>to_string(hour);</highlight></codeline>
<codeline lineno="62"><highlight class="normal"><sp/><sp/><sp/><sp/><ref refid="classfile_1abcaf2953711c9b12908a0858523b1265" kindref="member">hour_minute_second</ref><sp/>=<sp/><ref refid="classfile_1abcaf2953711c9b12908a0858523b1265" kindref="member">hour_minute_second</ref><sp/>+<sp/></highlight><highlight class="stringliteral">&quot;-&quot;</highlight><highlight class="normal">;</highlight></codeline>
<codeline lineno="63"><highlight class="normal"><sp/><sp/><sp/><sp/><ref refid="classfile_1abcaf2953711c9b12908a0858523b1265" kindref="member">hour_minute_second</ref><sp/>=<sp/><ref refid="classfile_1abcaf2953711c9b12908a0858523b1265" kindref="member">hour_minute_second</ref><sp/>+<sp/>to_string(minute);</highlight></codeline>
<codeline lineno="64"><highlight class="normal"><sp/><sp/><sp/><sp/><ref refid="classfile_1abcaf2953711c9b12908a0858523b1265" kindref="member">hour_minute_second</ref><sp/>=<sp/><ref refid="classfile_1abcaf2953711c9b12908a0858523b1265" kindref="member">hour_minute_second</ref><sp/>+<sp/></highlight><highlight class="stringliteral">&quot;-&quot;</highlight><highlight class="normal">;</highlight></codeline>
<codeline lineno="65"><highlight class="normal"><sp/><sp/><sp/><sp/><ref refid="classfile_1abcaf2953711c9b12908a0858523b1265" kindref="member">hour_minute_second</ref><sp/>=<sp/><ref refid="classfile_1abcaf2953711c9b12908a0858523b1265" kindref="member">hour_minute_second</ref><sp/>+<sp/>to_string(second);</highlight></codeline>
<codeline lineno="66"><highlight class="normal"></highlight></codeline>
<codeline lineno="67"><highlight class="normal"><sp/><sp/><sp/><sp/></highlight><highlight class="comment">//we<sp/>store<sp/>the<sp/>telemetry<sp/>file<sp/>path</highlight><highlight class="normal"></highlight></codeline>
<codeline lineno="68"><highlight class="normal"><sp/><sp/><sp/><sp/><ref refid="classfile_1a32d4e3f75b05cec4881a282bf92617cd" kindref="member">nameFiles</ref><sp/>=<sp/><ref refid="classfile_1a3bca228e2cfb8cd254e4770f8d1f058b" kindref="member">year_month_day</ref><sp/>+<sp/></highlight><highlight class="stringliteral">&quot;__&quot;</highlight><highlight class="normal"><sp/>+<sp/><ref refid="classfile_1abcaf2953711c9b12908a0858523b1265" kindref="member">hour_minute_second</ref><sp/>+<sp/></highlight><highlight class="stringliteral">&quot;.txt&quot;</highlight><highlight class="normal">;</highlight></codeline>
<codeline lineno="69"><highlight class="normal"><sp/><sp/><sp/><sp/>cout<sp/>&lt;&lt;<sp/><ref refid="classfile_1a32d4e3f75b05cec4881a282bf92617cd" kindref="member">nameFiles</ref><sp/>&lt;&lt;<sp/>endl;</highlight></codeline>
<codeline lineno="70"><highlight class="normal"><sp/><sp/><sp/><sp/>std::string<sp/>path<sp/>=<sp/><ref refid="config_define_8h_1aeead33868b09a953457fd5235525bd39" kindref="member">TELEMFILES_DIRECTORY</ref>;</highlight></codeline>
<codeline lineno="71"><highlight class="normal"><sp/><sp/><sp/><sp/>path.append(<ref refid="classfile_1a32d4e3f75b05cec4881a282bf92617cd" kindref="member">nameFiles</ref>);</highlight></codeline>
<codeline lineno="72"><highlight class="normal"></highlight></codeline>
<codeline lineno="73"><highlight class="normal"><sp/><sp/><sp/><sp/><ref refid="classfile_1a483afd9f96538c51735fb686edd2cc25" kindref="member">file::pathFile</ref><sp/>=<sp/>path;</highlight></codeline>
<codeline lineno="74"><highlight class="normal"></highlight></codeline>
<codeline lineno="75"><highlight class="normal"><sp/><sp/><sp/><sp/>res<sp/>=<sp/><ref refid="classfile_1a5eabb45d2518c4ad1391be6d5205cfdf" kindref="member">file::openFile</ref>();</highlight></codeline>
<codeline lineno="76"><highlight class="normal"></highlight></codeline>
<codeline lineno="77"><highlight class="normal"><sp/><sp/><sp/><sp/></highlight><highlight class="keywordflow">return</highlight><highlight class="normal"><sp/>res;</highlight></codeline>
<codeline lineno="78"><highlight class="normal">}</highlight></codeline>
<codeline lineno="79"><highlight class="normal"></highlight></codeline>
<codeline lineno="87" refid="classfile_1af0da4dcb7aa1111b0858eca8efc1ec30" refkind="member"><highlight class="normal"><ref refid="status_error_define_8h_1adf0c44f8de9b8e78b0e56caacfa1ac94" kindref="member">statusErrDef</ref><sp/><ref refid="classfile_1af0da4dcb7aa1111b0858eca8efc1ec30" kindref="member">file::testWriteFile</ref>()</highlight></codeline>
<codeline lineno="88"><highlight class="normal">{</highlight></codeline>
<codeline lineno="89"><highlight class="normal"><sp/><sp/><sp/><sp/><ref refid="status_error_define_8h_1adf0c44f8de9b8e78b0e56caacfa1ac94" kindref="member">statusErrDef</ref><sp/>res<sp/>=<sp/><ref refid="status_error_define_8h_1adf0c44f8de9b8e78b0e56caacfa1ac94ab22416d928134d1c6c7b2e8d2c31f20b" kindref="member">noError</ref>;</highlight></codeline>
<codeline lineno="90"><highlight class="normal"><sp/><sp/><sp/><sp/></highlight><highlight class="keywordflow">try</highlight><highlight class="normal"></highlight></codeline>
<codeline lineno="91"><highlight class="normal"><sp/><sp/><sp/><sp/>{</highlight></codeline>
<codeline lineno="92"><highlight class="normal"><sp/><sp/><sp/><sp/><sp/><sp/><sp/><sp/><ref refid="classfile_1a60c20221b3650d600b0e10c300a66faa" kindref="member">file::dataFile</ref><sp/>&lt;&lt;<sp/></highlight><highlight class="stringliteral">&quot;File<sp/>write<sp/>successful&quot;</highlight><highlight class="normal"><sp/>&lt;&lt;<sp/>endl;</highlight></codeline>
<codeline lineno="93"><highlight class="normal"><sp/><sp/><sp/><sp/><sp/><sp/><sp/><sp/></highlight><highlight class="keywordflow">return</highlight><highlight class="normal"><sp/>res;</highlight></codeline>
<codeline lineno="94"><highlight class="normal"><sp/><sp/><sp/><sp/>}</highlight></codeline>
<codeline lineno="95"><highlight class="normal"><sp/><sp/><sp/><sp/></highlight><highlight class="keywordflow">catch</highlight><highlight class="normal"><sp/>(</highlight><highlight class="keyword">const</highlight><highlight class="normal"><sp/>std::exception&amp;<sp/>e)</highlight></codeline>
<codeline lineno="96"><highlight class="normal"><sp/><sp/><sp/><sp/>{</highlight></codeline>
<codeline lineno="97"><highlight class="normal"><sp/><sp/><sp/><sp/><sp/><sp/><sp/><sp/></highlight><highlight class="keywordflow">return</highlight><highlight class="normal"><sp/><ref refid="status_error_define_8h_1adf0c44f8de9b8e78b0e56caacfa1ac94ad8e0328b57f4daa9a6a29519f1d8558a" kindref="member">errTestWriteFile</ref>;</highlight></codeline>
<codeline lineno="98"><highlight class="normal"><sp/><sp/><sp/><sp/>}</highlight></codeline>
<codeline lineno="99"><highlight class="normal">}</highlight></codeline>
<codeline lineno="100"><highlight class="normal"></highlight></codeline>
<codeline lineno="108" refid="classfile_1a873fcc71c11302b9e65f54f165cc1236" refkind="member"><highlight class="normal"></highlight><highlight class="keywordtype">void</highlight><highlight class="normal"><sp/><ref refid="classfile_1a873fcc71c11302b9e65f54f165cc1236" kindref="member">file::writeTelem</ref>(</highlight><highlight class="keyword">const</highlight><highlight class="normal"><sp/></highlight><highlight class="keywordtype">char</highlight><highlight class="normal">*<sp/>fmt_p,<sp/>...)</highlight></codeline>
<codeline lineno="109"><highlight class="normal">{</highlight></codeline>
<codeline lineno="110"><highlight class="normal"></highlight></codeline>
<codeline lineno="111"><highlight class="normal"><sp/><sp/><sp/><sp/></highlight><highlight class="keywordtype">char</highlight><highlight class="normal"><sp/>logMsg[<ref refid="config_define_8h_1a33e0ce62bb48bae39a3086aa66f18abf" kindref="member">EVENTLOG_MAX_LENGTH</ref>];</highlight></codeline>
<codeline lineno="112"><highlight class="normal"><sp/><sp/><sp/><sp/></highlight><highlight class="keywordtype">char</highlight><highlight class="normal"><sp/>msg[<ref refid="config_define_8h_1a33e0ce62bb48bae39a3086aa66f18abf" kindref="member">EVENTLOG_MAX_LENGTH</ref>];</highlight></codeline>
<codeline lineno="113"><highlight class="normal"></highlight></codeline>
<codeline lineno="114"><highlight class="normal"><sp/><sp/><sp/><sp/></highlight><highlight class="comment">//we<sp/>copy<sp/>the<sp/>message<sp/>from<sp/>the<sp/>&quot;...&quot;<sp/>parameter<sp/>and<sp/>transform<sp/>it<sp/>to<sp/>show<sp/>the<sp/>status<sp/>code<sp/>at<sp/>the<sp/>end</highlight><highlight class="normal"></highlight></codeline>
<codeline lineno="115"><highlight class="normal"><sp/><sp/><sp/><sp/>strncpy(msg,<sp/>fmt_p,<sp/><ref refid="config_define_8h_1a33e0ce62bb48bae39a3086aa66f18abf" kindref="member">EVENTLOG_MAX_LENGTH</ref><sp/>-<sp/>1);</highlight></codeline>
<codeline lineno="116"><highlight class="normal"><sp/><sp/><sp/><sp/>msg[<ref refid="config_define_8h_1a33e0ce62bb48bae39a3086aa66f18abf" kindref="member">EVENTLOG_MAX_LENGTH</ref><sp/>-<sp/>1]<sp/>=<sp/></highlight><highlight class="charliteral">&apos;\0&apos;</highlight><highlight class="normal">;</highlight></codeline>
<codeline lineno="117"><highlight class="normal"><sp/><sp/><sp/><sp/>strncat(msg,<sp/></highlight><highlight class="stringliteral">&quot;<sp/>|<sp/>code_success:0x%04X&quot;</highlight><highlight class="normal">,<sp/><ref refid="config_define_8h_1a33e0ce62bb48bae39a3086aa66f18abf" kindref="member">EVENTLOG_MAX_LENGTH</ref><sp/>-<sp/>strlen(msg)<sp/>-<sp/>1);</highlight></codeline>
<codeline lineno="118"><highlight class="normal"></highlight></codeline>
<codeline lineno="119"><highlight class="normal"><sp/><sp/><sp/><sp/></highlight><highlight class="comment">//we<sp/>take<sp/>advantage<sp/>of<sp/>the<sp/>OpenPOWERLINK<sp/>event<sp/>module<sp/>to<sp/>have<sp/>a<sp/>good<sp/>log<sp/>syntax</highlight><highlight class="normal"></highlight></codeline>
<codeline lineno="120"><highlight class="normal"><sp/><sp/><sp/><sp/>va_list<sp/>arglist;</highlight></codeline>
<codeline lineno="121"><highlight class="normal"><sp/><sp/><sp/><sp/>va_start(arglist,<sp/>fmt_p);</highlight></codeline>
<codeline lineno="122"><highlight class="normal"><sp/><sp/><sp/><sp/>eventlog_createMessageString(logMsg,</highlight></codeline>
<codeline lineno="123"><highlight class="normal"><sp/><sp/><sp/><sp/><sp/><sp/><sp/><sp/><ref refid="config_define_8h_1a33e0ce62bb48bae39a3086aa66f18abf" kindref="member">EVENTLOG_MAX_LENGTH</ref>,</highlight></codeline>
<codeline lineno="124"><highlight class="normal"><sp/><sp/><sp/><sp/><sp/><sp/><sp/><sp/>kEventlogLevelInfo,</highlight></codeline>
<codeline lineno="125"><highlight class="normal"><sp/><sp/><sp/><sp/><sp/><sp/><sp/><sp/>kEventlogCategoryGeneric,</highlight></codeline>
<codeline lineno="126"><highlight class="normal"><sp/><sp/><sp/><sp/><sp/><sp/><sp/><sp/>msg,</highlight></codeline>
<codeline lineno="127"><highlight class="normal"><sp/><sp/><sp/><sp/><sp/><sp/><sp/><sp/>arglist);</highlight></codeline>
<codeline lineno="128"><highlight class="normal"><sp/><sp/><sp/><sp/>va_end(arglist);</highlight></codeline>
<codeline lineno="129"><highlight class="normal"></highlight></codeline>
<codeline lineno="130"><highlight class="normal"><sp/><sp/><sp/><sp/></highlight><highlight class="keywordflow">try</highlight><highlight class="normal"></highlight></codeline>
<codeline lineno="131"><highlight class="normal"><sp/><sp/><sp/><sp/>{</highlight></codeline>
<codeline lineno="132"><highlight class="normal"><sp/><sp/><sp/><sp/><sp/><sp/><sp/><sp/><ref refid="classfile_1a60c20221b3650d600b0e10c300a66faa" kindref="member">file::dataFile</ref><sp/>&lt;&lt;<sp/>string(logMsg)<sp/>&lt;&lt;<sp/>endl;</highlight></codeline>
<codeline lineno="133"><highlight class="normal"><sp/><sp/><sp/><sp/>}</highlight></codeline>
<codeline lineno="134"><highlight class="normal"><sp/><sp/><sp/><sp/></highlight><highlight class="keywordflow">catch</highlight><highlight class="normal"><sp/>(</highlight><highlight class="keyword">const</highlight><highlight class="normal"><sp/>std::exception&amp;<sp/>e)</highlight></codeline>
<codeline lineno="135"><highlight class="normal"><sp/><sp/><sp/><sp/>{</highlight></codeline>
<codeline lineno="136"><highlight class="normal"><sp/><sp/><sp/><sp/><sp/><sp/><sp/><sp/>perror(</highlight><highlight class="stringliteral">&quot;telemFiles<sp/>writeTelem<sp/>failed&quot;</highlight><highlight class="normal">);</highlight></codeline>
<codeline lineno="137"><highlight class="normal"><sp/><sp/><sp/><sp/>}</highlight></codeline>
<codeline lineno="138"><highlight class="normal">}</highlight></codeline>
<codeline lineno="139"><highlight class="normal"></highlight></codeline>
<codeline lineno="147" refid="classfile_1af8c8b22309c8efd3fb87a567a74c16b5" refkind="member"><highlight class="normal"></highlight><highlight class="keywordtype">void</highlight><highlight class="normal"><sp/><ref refid="classfile_1af8c8b22309c8efd3fb87a567a74c16b5" kindref="member">file::writeError</ref>(</highlight><highlight class="keyword">const</highlight><highlight class="normal"><sp/></highlight><highlight class="keywordtype">char</highlight><highlight class="normal">*<sp/>fmt_p,<sp/>...)</highlight></codeline>
<codeline lineno="148"><highlight class="normal">{</highlight></codeline>
<codeline lineno="149"><highlight class="normal"><sp/><sp/><sp/><sp/></highlight><highlight class="keywordtype">char</highlight><highlight class="normal"><sp/>logMsg[<ref refid="config_define_8h_1a33e0ce62bb48bae39a3086aa66f18abf" kindref="member">EVENTLOG_MAX_LENGTH</ref>];</highlight></codeline>
<codeline lineno="150"><highlight class="normal"><sp/><sp/><sp/><sp/></highlight><highlight class="keywordtype">char</highlight><highlight class="normal"><sp/>msg[<ref refid="config_define_8h_1a33e0ce62bb48bae39a3086aa66f18abf" kindref="member">EVENTLOG_MAX_LENGTH</ref>];</highlight></codeline>
<codeline lineno="151"><highlight class="normal"></highlight></codeline>
<codeline lineno="152"><highlight class="normal"><sp/><sp/><sp/><sp/></highlight><highlight class="comment">//we<sp/>copy<sp/>the<sp/>message<sp/>from<sp/>the<sp/>&quot;...&quot;<sp/>parameter<sp/>and<sp/>transform<sp/>it<sp/>to<sp/>show<sp/>the<sp/>error<sp/>code<sp/>at<sp/>the<sp/>end</highlight><highlight class="normal"></highlight></codeline>
<codeline lineno="153"><highlight class="normal"><sp/><sp/><sp/><sp/>strncpy(msg,<sp/>fmt_p,<sp/><ref refid="config_define_8h_1a33e0ce62bb48bae39a3086aa66f18abf" kindref="member">EVENTLOG_MAX_LENGTH</ref><sp/>-<sp/>1);</highlight></codeline>
<codeline lineno="154"><highlight class="normal"><sp/><sp/><sp/><sp/>msg[<ref refid="config_define_8h_1a33e0ce62bb48bae39a3086aa66f18abf" kindref="member">EVENTLOG_MAX_LENGTH</ref><sp/>-<sp/>1]<sp/>=<sp/></highlight><highlight class="charliteral">&apos;\0&apos;</highlight><highlight class="normal">;</highlight></codeline>
<codeline lineno="155"><highlight class="normal"><sp/><sp/><sp/><sp/>strncat(msg,<sp/></highlight><highlight class="stringliteral">&quot;<sp/>|<sp/>code_error:0x%04X&quot;</highlight><highlight class="normal">,<sp/><ref refid="config_define_8h_1a33e0ce62bb48bae39a3086aa66f18abf" kindref="member">EVENTLOG_MAX_LENGTH</ref><sp/>-<sp/>strlen(msg)<sp/>-<sp/>1);</highlight></codeline>
<codeline lineno="156"><highlight class="normal"></highlight></codeline>
<codeline lineno="157"><highlight class="normal"><sp/><sp/><sp/><sp/></highlight><highlight class="comment">//we<sp/>take<sp/>advantage<sp/>of<sp/>the<sp/>OpenPOWERLINK<sp/>event<sp/>module<sp/>to<sp/>have<sp/>a<sp/>good<sp/>log<sp/>syntax</highlight><highlight class="normal"></highlight></codeline>
<codeline lineno="158"><highlight class="normal"><sp/><sp/><sp/><sp/>va_list<sp/>arglist;</highlight></codeline>
<codeline lineno="159"><highlight class="normal"><sp/><sp/><sp/><sp/>va_start(arglist,<sp/>fmt_p);</highlight></codeline>
<codeline lineno="160"><highlight class="normal"><sp/><sp/><sp/><sp/>eventlog_createMessageString(logMsg,</highlight></codeline>
<codeline lineno="161"><highlight class="normal"><sp/><sp/><sp/><sp/><sp/><sp/><sp/><sp/><ref refid="config_define_8h_1a33e0ce62bb48bae39a3086aa66f18abf" kindref="member">EVENTLOG_MAX_LENGTH</ref>,</highlight></codeline>
<codeline lineno="162"><highlight class="normal"><sp/><sp/><sp/><sp/><sp/><sp/><sp/><sp/>kEventlogLevelError,</highlight></codeline>
<codeline lineno="163"><highlight class="normal"><sp/><sp/><sp/><sp/><sp/><sp/><sp/><sp/>kEventlogCategoryGeneric,</highlight></codeline>
<codeline lineno="164"><highlight class="normal"><sp/><sp/><sp/><sp/><sp/><sp/><sp/><sp/>msg,</highlight></codeline>
<codeline lineno="165"><highlight class="normal"><sp/><sp/><sp/><sp/><sp/><sp/><sp/><sp/>arglist);</highlight></codeline>
<codeline lineno="166"><highlight class="normal"><sp/><sp/><sp/><sp/>va_end(arglist);</highlight></codeline>
<codeline lineno="167"><highlight class="normal"></highlight></codeline>
<codeline lineno="168"><highlight class="normal"><sp/><sp/><sp/><sp/></highlight><highlight class="keywordflow">try</highlight><highlight class="normal"></highlight></codeline>
<codeline lineno="169"><highlight class="normal"><sp/><sp/><sp/><sp/>{</highlight></codeline>
<codeline lineno="170"><highlight class="normal"><sp/><sp/><sp/><sp/><sp/><sp/><sp/><sp/><ref refid="classfile_1a60c20221b3650d600b0e10c300a66faa" kindref="member">file::dataFile</ref><sp/>&lt;&lt;<sp/>string(logMsg)<sp/>&lt;&lt;<sp/>endl;</highlight></codeline>
<codeline lineno="171"><highlight class="normal"><sp/><sp/><sp/><sp/>}</highlight></codeline>
<codeline lineno="172"><highlight class="normal"><sp/><sp/><sp/><sp/></highlight><highlight class="keywordflow">catch</highlight><highlight class="normal"><sp/>(</highlight><highlight class="keyword">const</highlight><highlight class="normal"><sp/>std::exception&amp;<sp/>e)</highlight></codeline>
<codeline lineno="173"><highlight class="normal"><sp/><sp/><sp/><sp/>{</highlight></codeline>
<codeline lineno="174"><highlight class="normal"><sp/><sp/><sp/><sp/><sp/><sp/><sp/><sp/>perror(</highlight><highlight class="stringliteral">&quot;telemFiles<sp/>writeError<sp/>failed&quot;</highlight><highlight class="normal">);</highlight></codeline>
<codeline lineno="175"><highlight class="normal"><sp/><sp/><sp/><sp/>}</highlight></codeline>
<codeline lineno="176"><highlight class="normal">}</highlight></codeline>
<codeline lineno="177"><highlight class="normal"></highlight></codeline>
<codeline lineno="185" refid="classfile_1a5eabb45d2518c4ad1391be6d5205cfdf" refkind="member"><highlight class="normal"><ref refid="status_error_define_8h_1adf0c44f8de9b8e78b0e56caacfa1ac94" kindref="member">statusErrDef</ref><sp/><ref refid="classfile_1a5eabb45d2518c4ad1391be6d5205cfdf" kindref="member">file::openFile</ref>()</highlight></codeline>
<codeline lineno="186"><highlight class="normal">{</highlight></codeline>
<codeline lineno="187"><highlight class="normal"><sp/><sp/><sp/><sp/><ref refid="status_error_define_8h_1adf0c44f8de9b8e78b0e56caacfa1ac94" kindref="member">statusErrDef</ref><sp/>res<sp/>=<sp/><ref refid="status_error_define_8h_1adf0c44f8de9b8e78b0e56caacfa1ac94ab22416d928134d1c6c7b2e8d2c31f20b" kindref="member">noError</ref>;</highlight></codeline>
<codeline lineno="188"><highlight class="normal"><sp/><sp/><sp/><sp/></highlight><highlight class="comment">//<sp/>file<sp/>open<sp/>with<sp/>write<sp/>permission<sp/>and<sp/>position<sp/>the<sp/>file<sp/>cursor<sp/>at<sp/>the<sp/>end<sp/>of<sp/>the<sp/>file</highlight><highlight class="normal"></highlight></codeline>
<codeline lineno="189"><highlight class="normal"><sp/><sp/><sp/><sp/></highlight><highlight class="keywordflow">try</highlight><highlight class="normal"></highlight></codeline>
<codeline lineno="190"><highlight class="normal"><sp/><sp/><sp/><sp/>{</highlight></codeline>
<codeline lineno="191"><highlight class="normal"><sp/><sp/><sp/><sp/><sp/><sp/><sp/><sp/><ref refid="classfile_1a60c20221b3650d600b0e10c300a66faa" kindref="member">file::dataFile</ref>.open(<ref refid="classfile_1a483afd9f96538c51735fb686edd2cc25" kindref="member">file::pathFile</ref>,<sp/>ios::out<sp/>|<sp/>ios::app);</highlight></codeline>
<codeline lineno="192"><highlight class="normal"><sp/><sp/><sp/><sp/>}</highlight></codeline>
<codeline lineno="193"><highlight class="normal"><sp/><sp/><sp/><sp/></highlight><highlight class="keywordflow">catch</highlight><highlight class="normal"><sp/>(</highlight><highlight class="keyword">const</highlight><highlight class="normal"><sp/>std::exception&amp;<sp/>e)</highlight></codeline>
<codeline lineno="194"><highlight class="normal"><sp/><sp/><sp/><sp/>{</highlight></codeline>
<codeline lineno="195"><highlight class="normal"><sp/><sp/><sp/><sp/><sp/><sp/><sp/><sp/>perror(</highlight><highlight class="stringliteral">&quot;telemFiles<sp/>open<sp/>failed&quot;</highlight><highlight class="normal">);</highlight></codeline>
<codeline lineno="196"><highlight class="normal"><sp/><sp/><sp/><sp/><sp/><sp/><sp/><sp/></highlight><highlight class="keywordflow">return</highlight><highlight class="normal"><sp/><ref refid="status_error_define_8h_1adf0c44f8de9b8e78b0e56caacfa1ac94ae7bf9a86fbf981c6e4caf5912790bd4a" kindref="member">errOpenTelemFile</ref>;</highlight></codeline>
<codeline lineno="197"><highlight class="normal"><sp/><sp/><sp/><sp/>}</highlight></codeline>
<codeline lineno="198"><highlight class="normal"><sp/><sp/><sp/><sp/></highlight><highlight class="keywordflow">return</highlight><highlight class="normal"><sp/>res;</highlight></codeline>
<codeline lineno="199"><highlight class="normal">}</highlight></codeline>
<codeline lineno="200"><highlight class="normal"></highlight></codeline>
<codeline lineno="208" refid="classfile_1a86ce3c36d7e87f24600c8755d8601e7c" refkind="member"><highlight class="normal"><ref refid="status_error_define_8h_1adf0c44f8de9b8e78b0e56caacfa1ac94" kindref="member">statusErrDef</ref><sp/><ref refid="classfile_1a86ce3c36d7e87f24600c8755d8601e7c" kindref="member">file::closeFile</ref>()</highlight></codeline>
<codeline lineno="209"><highlight class="normal">{</highlight></codeline>
<codeline lineno="210"><highlight class="normal"><sp/><sp/><sp/><sp/><ref refid="status_error_define_8h_1adf0c44f8de9b8e78b0e56caacfa1ac94" kindref="member">statusErrDef</ref><sp/>res<sp/>=<sp/><ref refid="status_error_define_8h_1adf0c44f8de9b8e78b0e56caacfa1ac94ab22416d928134d1c6c7b2e8d2c31f20b" kindref="member">noError</ref>;</highlight></codeline>
<codeline lineno="211"><highlight class="normal"><sp/><sp/><sp/><sp/></highlight><highlight class="keywordflow">try</highlight><highlight class="normal"></highlight></codeline>
<codeline lineno="212"><highlight class="normal"><sp/><sp/><sp/><sp/>{</highlight></codeline>
<codeline lineno="213"><highlight class="normal"><sp/><sp/><sp/><sp/><sp/><sp/><sp/><sp/><ref refid="classfile_1a60c20221b3650d600b0e10c300a66faa" kindref="member">file::dataFile</ref>.close();</highlight></codeline>
<codeline lineno="214"><highlight class="normal"><sp/><sp/><sp/><sp/>}</highlight></codeline>
<codeline lineno="215"><highlight class="normal"><sp/><sp/><sp/><sp/></highlight><highlight class="keywordflow">catch</highlight><highlight class="normal"><sp/>(</highlight><highlight class="keyword">const</highlight><highlight class="normal"><sp/>std::exception&amp;<sp/>e)</highlight></codeline>
<codeline lineno="216"><highlight class="normal"><sp/><sp/><sp/><sp/>{</highlight></codeline>
<codeline lineno="217"><highlight class="normal"><sp/><sp/><sp/><sp/><sp/><sp/><sp/><sp/>perror(</highlight><highlight class="stringliteral">&quot;telemFiles<sp/>close<sp/>failed&quot;</highlight><highlight class="normal">);</highlight></codeline>
<codeline lineno="218"><highlight class="normal"><sp/><sp/><sp/><sp/><sp/><sp/><sp/><sp/></highlight><highlight class="keywordflow">return</highlight><highlight class="normal"><sp/><ref refid="status_error_define_8h_1adf0c44f8de9b8e78b0e56caacfa1ac94a2a9edd04aaa6fed4564c1a9018a287f5" kindref="member">errCloseTelemFile</ref>;</highlight></codeline>
<codeline lineno="219"><highlight class="normal"><sp/><sp/><sp/><sp/>}</highlight></codeline>
<codeline lineno="220"><highlight class="normal"><sp/><sp/><sp/><sp/></highlight><highlight class="keywordflow">return</highlight><highlight class="normal"><sp/>res;</highlight></codeline>
<codeline lineno="221"><highlight class="normal">}</highlight></codeline>
<codeline lineno="222"><highlight class="normal"></highlight></codeline>
    </programlisting>
    <location file="C:/Users/Squaria/Documents/openPOWERLINK_V2_CAC/apps/OBC_MN/src/file.cpp"/>
  </compounddef>
</doxygen>
