<?xml version='1.0' encoding='UTF-8' standalone='no'?>
<doxygen xmlns:xsi="http://www.w3.org/2001/XMLSchema-instance" xsi:noNamespaceSchemaLocation="compound.xsd" version="1.10.0" xml:lang="en-US">
  <compounddef id="file_8h" kind="file" language="C++">
    <compoundname>file.h</compoundname>
    <includes refid="event_opl_8h" local="yes">eventOpl.h</includes>
    <includes refid="config_define_8h" local="yes">configDefine.h</includes>
    <includes refid="status_error_define_8h" local="yes">statusErrorDefine.h</includes>
    <includes local="no">iostream</includes>
    <includes local="no">fstream</includes>
    <includes local="no">ctime</includes>
    <includes local="no">string</includes>
    <includedby refid="file_8cpp" local="yes">C:/Users/Squaria/Documents/openPOWERLINK_V2_CAC/apps/OBC_MN/src/file.cpp</includedby>
    <includedby refid="main_8cpp" local="yes">C:/Users/Squaria/Documents/openPOWERLINK_V2_CAC/apps/OBC_MN/src/main.cpp</includedby>
    <incdepgraph>
      <node id="8">
        <label>configDefine.h</label>
        <link refid="config_define_8h"/>
        <childnode refid="9" relation="include">
        </childnode>
      </node>
      <node id="2">
        <label>eventOpl.h</label>
        <link refid="event_opl_8h"/>
        <childnode refid="3" relation="include">
        </childnode>
        <childnode refid="4" relation="include">
        </childnode>
        <childnode refid="5" relation="include">
        </childnode>
        <childnode refid="6" relation="include">
        </childnode>
        <childnode refid="7" relation="include">
        </childnode>
      </node>
      <node id="1">
        <label>C:/Users/Squaria/Documents/openPOWERLINK_V2_CAC/apps/OBC_MN/include/file.h</label>
        <link refid="file_8h"/>
        <childnode refid="2" relation="include">
        </childnode>
        <childnode refid="8" relation="include">
        </childnode>
        <childnode refid="10" relation="include">
        </childnode>
        <childnode refid="11" relation="include">
        </childnode>
        <childnode refid="12" relation="include">
        </childnode>
        <childnode refid="13" relation="include">
        </childnode>
        <childnode refid="14" relation="include">
        </childnode>
      </node>
      <node id="9">
        <label>nbNodes.h</label>
        <link refid="nb_nodes_8h"/>
      </node>
      <node id="10">
        <label>statusErrorDefine.h</label>
        <link refid="status_error_define_8h"/>
      </node>
      <node id="5">
        <label>console/console.h</label>
      </node>
      <node id="13">
        <label>ctime</label>
      </node>
      <node id="6">
        <label>eventlog/eventlog.h</label>
      </node>
      <node id="12">
        <label>fstream</label>
      </node>
      <node id="11">
        <label>iostream</label>
      </node>
      <node id="4">
        <label>oplk/debugstr.h</label>
      </node>
      <node id="3">
        <label>oplk/oplk.h</label>
      </node>
      <node id="7">
        <label>stdio.h</label>
      </node>
      <node id="14">
        <label>string</label>
      </node>
    </incdepgraph>
    <invincdepgraph>
      <node id="1">
        <label>C:/Users/Squaria/Documents/openPOWERLINK_V2_CAC/apps/OBC_MN/include/file.h</label>
        <link refid="file_8h"/>
        <childnode refid="2" relation="include">
        </childnode>
        <childnode refid="3" relation="include">
        </childnode>
      </node>
      <node id="2">
        <label>C:/Users/Squaria/Documents/openPOWERLINK_V2_CAC/apps/OBC_MN/src/file.cpp</label>
        <link refid="file_8cpp"/>
      </node>
      <node id="3">
        <label>C:/Users/Squaria/Documents/openPOWERLINK_V2_CAC/apps/OBC_MN/src/main.cpp</label>
        <link refid="main_8cpp"/>
      </node>
    </invincdepgraph>
    <innerclass refid="classfile" prot="public">file</innerclass>
    <briefdescription>
<para>header file of the file module that writes telemetry into a file </para>
    </briefdescription>
    <detaileddescription>
<para><simplesect kind="author"><para>Mael Parot, Julien Mindze </para>
</simplesect>
<simplesect kind="version"><para>1.2 </para>
</simplesect>
<simplesect kind="date"><para>11/04/2024</para>
</simplesect>
Contains all functions definitions related to writing the telemetry into a file named after the current date and time. </para>
    </detaileddescription>
    <programlisting>
<codeline lineno="1"></codeline>
<codeline lineno="12"><highlight class="normal"></highlight><highlight class="preprocessor">#ifndef<sp/>FILE_H</highlight><highlight class="normal"></highlight></codeline>
<codeline lineno="13"><highlight class="normal"></highlight><highlight class="preprocessor">#define<sp/>FILE_H</highlight><highlight class="normal"></highlight></codeline>
<codeline lineno="14"><highlight class="normal"></highlight></codeline>
<codeline lineno="15"><highlight class="normal"></highlight><highlight class="comment">//------------------------------------------------------------------------------</highlight><highlight class="normal"></highlight></codeline>
<codeline lineno="16"><highlight class="normal"></highlight><highlight class="comment">//<sp/>includes</highlight><highlight class="normal"></highlight></codeline>
<codeline lineno="17"><highlight class="normal"></highlight><highlight class="comment">//------------------------------------------------------------------------------</highlight><highlight class="normal"></highlight></codeline>
<codeline lineno="18"><highlight class="normal"></highlight></codeline>
<codeline lineno="19"><highlight class="normal"></highlight><highlight class="preprocessor">#include<sp/>&quot;<ref refid="event_opl_8h" kindref="compound">eventOpl.h</ref>&quot;</highlight><highlight class="normal"></highlight></codeline>
<codeline lineno="20"><highlight class="normal"></highlight><highlight class="preprocessor">#include<sp/>&quot;<ref refid="config_define_8h" kindref="compound">configDefine.h</ref>&quot;</highlight><highlight class="normal"></highlight></codeline>
<codeline lineno="21"><highlight class="normal"></highlight><highlight class="preprocessor">#include<sp/>&quot;<ref refid="status_error_define_8h" kindref="compound">statusErrorDefine.h</ref>&quot;</highlight><highlight class="normal"></highlight></codeline>
<codeline lineno="22"><highlight class="normal"></highlight><highlight class="preprocessor">#include<sp/>&lt;iostream&gt;</highlight><highlight class="normal"></highlight></codeline>
<codeline lineno="23"><highlight class="normal"></highlight><highlight class="preprocessor">#include<sp/>&lt;fstream&gt;</highlight><highlight class="normal"></highlight></codeline>
<codeline lineno="24"><highlight class="normal"></highlight><highlight class="preprocessor">#include<sp/>&lt;ctime&gt;</highlight><highlight class="normal"></highlight></codeline>
<codeline lineno="25"><highlight class="normal"></highlight><highlight class="preprocessor">#include<sp/>&lt;string&gt;</highlight><highlight class="normal"></highlight></codeline>
<codeline lineno="26"><highlight class="normal"></highlight></codeline>
<codeline lineno="27"><highlight class="normal"></highlight><highlight class="keyword">using<sp/>namespace<sp/></highlight><highlight class="normal">std;</highlight></codeline>
<codeline lineno="28"><highlight class="normal"></highlight></codeline>
<codeline lineno="33" refid="classfile" refkind="compound"><highlight class="normal"></highlight><highlight class="keyword">class<sp/></highlight><highlight class="normal"><ref refid="classfile" kindref="compound">file</ref></highlight></codeline>
<codeline lineno="34"><highlight class="normal">{</highlight></codeline>
<codeline lineno="35"><highlight class="normal"></highlight><highlight class="keyword">public</highlight><highlight class="normal">:</highlight></codeline>
<codeline lineno="36"><highlight class="normal"><sp/><sp/><sp/><sp/><ref refid="classfile_1a22090815b0614f552f2cb2cc8f170572" kindref="member">file</ref>();</highlight></codeline>
<codeline lineno="37"><highlight class="normal"><sp/><sp/><sp/><sp/><ref refid="classfile_1a7174566303bcda6dc7d47cc0997c8c42" kindref="member">~file</ref>();</highlight></codeline>
<codeline lineno="38"><highlight class="normal"></highlight></codeline>
<codeline lineno="39"><highlight class="normal"><sp/><sp/><sp/><sp/><ref refid="status_error_define_8h_1adf0c44f8de9b8e78b0e56caacfa1ac94" kindref="member">statusErrDef</ref><sp/><ref refid="classfile_1ac0354d5b8c38714c335bed66f1a5368c" kindref="member">initFile</ref>();</highlight></codeline>
<codeline lineno="40"><highlight class="normal"><sp/><sp/><sp/><sp/><ref refid="status_error_define_8h_1adf0c44f8de9b8e78b0e56caacfa1ac94" kindref="member">statusErrDef</ref><sp/><ref refid="classfile_1af0da4dcb7aa1111b0858eca8efc1ec30" kindref="member">testWriteFile</ref>();</highlight></codeline>
<codeline lineno="41"><highlight class="normal"><sp/><sp/><sp/><sp/><ref refid="status_error_define_8h_1adf0c44f8de9b8e78b0e56caacfa1ac94" kindref="member">statusErrDef</ref><sp/><ref refid="classfile_1a5eabb45d2518c4ad1391be6d5205cfdf" kindref="member">openFile</ref>();</highlight></codeline>
<codeline lineno="42"><highlight class="normal"><sp/><sp/><sp/><sp/><ref refid="status_error_define_8h_1adf0c44f8de9b8e78b0e56caacfa1ac94" kindref="member">statusErrDef</ref><sp/><ref refid="classfile_1a86ce3c36d7e87f24600c8755d8601e7c" kindref="member">closeFile</ref>();</highlight></codeline>
<codeline lineno="43"><highlight class="normal"><sp/><sp/><sp/><sp/></highlight><highlight class="keywordtype">void</highlight><highlight class="normal"><sp/><ref refid="classfile_1a873fcc71c11302b9e65f54f165cc1236" kindref="member">writeTelem</ref>(</highlight><highlight class="keyword">const</highlight><highlight class="normal"><sp/></highlight><highlight class="keywordtype">char</highlight><highlight class="normal">*<sp/>fmt_p,<sp/>...);</highlight></codeline>
<codeline lineno="44"><highlight class="normal"><sp/><sp/><sp/><sp/></highlight><highlight class="keywordtype">void</highlight><highlight class="normal"><sp/><ref refid="classfile_1af8c8b22309c8efd3fb87a567a74c16b5" kindref="member">writeError</ref>(</highlight><highlight class="keyword">const</highlight><highlight class="normal"><sp/></highlight><highlight class="keywordtype">char</highlight><highlight class="normal">*<sp/>fmt_p<sp/>=<sp/></highlight><highlight class="stringliteral">&quot;code_Error:0x%08X&quot;</highlight><highlight class="normal">,<sp/>...);</highlight></codeline>
<codeline lineno="45"><highlight class="normal"></highlight></codeline>
<codeline lineno="46"><highlight class="normal"></highlight><highlight class="keyword">protected</highlight><highlight class="normal">:</highlight></codeline>
<codeline lineno="47"><highlight class="normal"></highlight></codeline>
<codeline lineno="48"><highlight class="normal"></highlight><highlight class="keyword">private</highlight><highlight class="normal">:</highlight></codeline>
<codeline lineno="52" refid="classfile_1a483afd9f96538c51735fb686edd2cc25" refkind="member"><highlight class="normal"><sp/><sp/><sp/><sp/></highlight><highlight class="keywordtype">string</highlight><highlight class="normal"><sp/><ref refid="classfile_1a483afd9f96538c51735fb686edd2cc25" kindref="member">pathFile</ref>;</highlight></codeline>
<codeline lineno="56" refid="classfile_1a60c20221b3650d600b0e10c300a66faa" refkind="member"><highlight class="normal"><sp/><sp/><sp/><sp/>ofstream<sp/><ref refid="classfile_1a60c20221b3650d600b0e10c300a66faa" kindref="member">dataFile</ref>;</highlight></codeline>
<codeline lineno="60" refid="classfile_1a32d4e3f75b05cec4881a282bf92617cd" refkind="member"><highlight class="normal"><sp/><sp/><sp/><sp/></highlight><highlight class="keywordtype">string</highlight><highlight class="normal"><sp/><ref refid="classfile_1a32d4e3f75b05cec4881a282bf92617cd" kindref="member">nameFiles</ref>;</highlight></codeline>
<codeline lineno="64" refid="classfile_1a3bca228e2cfb8cd254e4770f8d1f058b" refkind="member"><highlight class="normal"><sp/><sp/><sp/><sp/></highlight><highlight class="keywordtype">string</highlight><highlight class="normal"><sp/><ref refid="classfile_1a3bca228e2cfb8cd254e4770f8d1f058b" kindref="member">year_month_day</ref>;</highlight></codeline>
<codeline lineno="68" refid="classfile_1abcaf2953711c9b12908a0858523b1265" refkind="member"><highlight class="normal"><sp/><sp/><sp/><sp/></highlight><highlight class="keywordtype">string</highlight><highlight class="normal"><sp/><ref refid="classfile_1abcaf2953711c9b12908a0858523b1265" kindref="member">hour_minute_second</ref>;</highlight></codeline>
<codeline lineno="69"><highlight class="normal">};</highlight></codeline>
<codeline lineno="70"><highlight class="normal"></highlight></codeline>
<codeline lineno="71"><highlight class="normal"></highlight><highlight class="preprocessor">#endif<sp/></highlight><highlight class="comment">//<sp/>FILE_H</highlight></codeline>
    </programlisting>
    <location file="C:/Users/Squaria/Documents/openPOWERLINK_V2_CAC/apps/OBC_MN/include/file.h"/>
  </compounddef>
</doxygen>
