<?xml version='1.0' encoding='UTF-8' standalone='no'?>
<doxygen xmlns:xsi="http://www.w3.org/2001/XMLSchema-instance" xsi:noNamespaceSchemaLocation="compound.xsd" version="1.10.0" xml:lang="en-US">
  <compounddef id="xap_opl_8h" kind="file" language="C++">
    <compoundname>xapOpl.h</compoundname>
    <includes local="no">stdint.h</includes>
    <includes refid="config_define_8h" local="yes">configDefine.h</includes>
    <includedby refid="opl_8h" local="yes">C:/Users/Squaria/Documents/openPOWERLINK_V2_CAC/apps/OBC_MN/include/opl.h</includedby>
    <incdepgraph>
      <node id="3">
        <label>configDefine.h</label>
        <link refid="config_define_8h"/>
        <childnode refid="4" relation="include">
        </childnode>
      </node>
      <node id="4">
        <label>nbNodes.h</label>
        <link refid="nb_nodes_8h"/>
      </node>
      <node id="1">
        <label>C:/Users/Squaria/Documents/openPOWERLINK_V2_CAC/apps/OBC_MN/include/xapOpl.h</label>
        <link refid="xap_opl_8h"/>
        <childnode refid="2" relation="include">
        </childnode>
        <childnode refid="3" relation="include">
        </childnode>
      </node>
      <node id="2">
        <label>stdint.h</label>
      </node>
    </incdepgraph>
    <invincdepgraph>
      <node id="3">
        <label>C:/Users/Squaria/Documents/openPOWERLINK_V2_CAC/apps/OBC_MN/include/csv.h</label>
        <link refid="csv_8h"/>
        <childnode refid="2" relation="include">
        </childnode>
        <childnode refid="4" relation="include">
        </childnode>
        <childnode refid="5" relation="include">
        </childnode>
      </node>
      <node id="2">
        <label>C:/Users/Squaria/Documents/openPOWERLINK_V2_CAC/apps/OBC_MN/include/opl.h</label>
        <link refid="opl_8h"/>
        <childnode refid="3" relation="include">
        </childnode>
        <childnode refid="5" relation="include">
        </childnode>
        <childnode refid="6" relation="include">
        </childnode>
      </node>
      <node id="1">
        <label>C:/Users/Squaria/Documents/openPOWERLINK_V2_CAC/apps/OBC_MN/include/xapOpl.h</label>
        <link refid="xap_opl_8h"/>
        <childnode refid="2" relation="include">
        </childnode>
      </node>
      <node id="4">
        <label>C:/Users/Squaria/Documents/openPOWERLINK_V2_CAC/apps/OBC_MN/src/csv.cpp</label>
        <link refid="csv_8cpp"/>
      </node>
      <node id="5">
        <label>C:/Users/Squaria/Documents/openPOWERLINK_V2_CAC/apps/OBC_MN/src/main.cpp</label>
        <link refid="main_8cpp"/>
      </node>
      <node id="6">
        <label>C:/Users/Squaria/Documents/openPOWERLINK_V2_CAC/apps/OBC_MN/src/opl.cpp</label>
        <link refid="opl_8cpp"/>
      </node>
    </invincdepgraph>
    <innerclass refid="struct_p_i___o_u_t" prot="public">PI_OUT</innerclass>
    <innerclass refid="struct_p_i___i_n" prot="public">PI_IN</innerclass>
    <briefdescription>
<para>header file generated by openCONFIGURATOR and then modified </para>
    </briefdescription>
    <detaileddescription>
<para><simplesect kind="author"><para>Mael Parot </para>
</simplesect>
<simplesect kind="version"><para>1.2 </para>
</simplesect>
<simplesect kind="date"><para>11/04/2024</para>
</simplesect>
Contains the modified OpenPOWERLINK RPDOs (<ref refid="struct_p_i___i_n" kindref="compound">PI_IN</ref>) and TPDOs (<ref refid="struct_p_i___o_u_t" kindref="compound">PI_OUT</ref>) structures to process the OpenPOWERLINK object images.</para>
<para>The original autogenerated by openCONFIGURATOR structures contained hundreds of struct members only for 6 CNs. To allow iteration inside those structures and flexibility with the number of CNs, they have been replaced by two arrays switching all the previous struct members into array values. </para>
    </detaileddescription>
    <programlisting>
<codeline lineno="1"></codeline>
<codeline lineno="17"><highlight class="normal"></highlight><highlight class="comment">/*</highlight></codeline>
<codeline lineno="18"><highlight class="comment">*<sp/>This<sp/>file<sp/>was<sp/>autogenerated<sp/>by<sp/>openCONFIGURATOR-2.2.1_release<sp/>on<sp/>28-Jan-2024<sp/>17:34:27</highlight></codeline>
<codeline lineno="19"><highlight class="comment">*<sp/>Project:<sp/>ASTREOS-1_OpenPOWERLINK</highlight></codeline>
<codeline lineno="20"><highlight class="comment">*<sp/>Application<sp/>process<sp/>for<sp/>OBC_MN(240)</highlight></codeline>
<codeline lineno="21"><highlight class="comment">*/</highlight><highlight class="normal"></highlight></codeline>
<codeline lineno="22"><highlight class="normal"></highlight><highlight class="preprocessor">#ifndef<sp/>XAP_h</highlight><highlight class="normal"></highlight></codeline>
<codeline lineno="23"><highlight class="normal"></highlight><highlight class="preprocessor">#define<sp/>XAP_h</highlight><highlight class="normal"></highlight></codeline>
<codeline lineno="24"><highlight class="normal"></highlight></codeline>
<codeline lineno="25"><highlight class="normal"></highlight><highlight class="preprocessor">#include<sp/>&lt;stdint.h&gt;</highlight><highlight class="normal"></highlight></codeline>
<codeline lineno="26"><highlight class="normal"></highlight><highlight class="preprocessor">#include<sp/>&quot;<ref refid="config_define_8h" kindref="compound">configDefine.h</ref>&quot;</highlight><highlight class="normal"></highlight></codeline>
<codeline lineno="27"><highlight class="normal"></highlight></codeline>
<codeline lineno="32" refid="struct_p_i___o_u_t" refkind="compound"><highlight class="normal"></highlight><highlight class="keyword">typedef</highlight><highlight class="normal"><sp/></highlight><highlight class="keyword">struct</highlight><highlight class="normal"></highlight></codeline>
<codeline lineno="33"><highlight class="normal">{</highlight></codeline>
<codeline lineno="34" refid="struct_p_i___o_u_t_1a694b2a7f1ee5ed56e399348bb5c7649d" refkind="member"><highlight class="normal"><sp/><sp/><sp/><sp/>int16_t<sp/>out_MN_array[<ref refid="config_define_8h_1ab5cbebecab98e4234ae1b2e5ff94ccbc" kindref="member">SIZE_OUT</ref>];<sp/><sp/><sp/><sp/><sp/><sp/><sp/><sp/><sp/></highlight></codeline>
<codeline lineno="35"><highlight class="normal">}<sp/><ref refid="struct_p_i___o_u_t" kindref="compound">PI_OUT</ref>;</highlight></codeline>
<codeline lineno="36"><highlight class="normal"></highlight></codeline>
<codeline lineno="41" refid="struct_p_i___i_n" refkind="compound"><highlight class="normal"></highlight><highlight class="keyword">typedef</highlight><highlight class="normal"><sp/></highlight><highlight class="keyword">struct</highlight><highlight class="normal"></highlight></codeline>
<codeline lineno="42"><highlight class="normal">{</highlight></codeline>
<codeline lineno="43" refid="struct_p_i___i_n_1a1f35f6ce611fe3bb17297507b7c76428" refkind="member"><highlight class="normal"><sp/><sp/><sp/><sp/>int16_t<sp/>in_MN_array[<ref refid="config_define_8h_1ac072f7043a3fb31b4fc2d1bcb687c157" kindref="member">SIZE_IN</ref>];<sp/><sp/><sp/><sp/><sp/><sp/><sp/><sp/><sp/><sp/><sp/></highlight></codeline>
<codeline lineno="44"><highlight class="normal">}<sp/><ref refid="struct_p_i___i_n" kindref="compound">PI_IN</ref>;</highlight></codeline>
<codeline lineno="45"><highlight class="normal"></highlight></codeline>
<codeline lineno="46"><highlight class="normal"></highlight><highlight class="preprocessor">#endif</highlight></codeline>
    </programlisting>
    <location file="C:/Users/Squaria/Documents/openPOWERLINK_V2_CAC/apps/OBC_MN/include/xapOpl.h"/>
  </compounddef>
</doxygen>
