<?xml version="1.0" encoding="UTF-8"?>
<openCONFIGURATORProject xmlns="http://sourceforge.net/projects/openconf/configuration" xmlns:ns2="http://ethernet-powerlink.org/POWERLINK" xmlns:xsi="http://www.w3.org/2001/XMLSchema-instance" xsi:schemaLocation="http://sourceforge.net/projects/openconf/configuration openCONFIGURATOR.xsd">
  <Generator vendor="Kalycito Infotech Private Limited &amp; Bernecker + Rainer Industrie Elektronik Ges.m.b.H." toolName="Ethernet POWERLINK openCONFIGURATOR" toolVersion="2.2.1" createdBy="Squaria" createdOn="2023-12-15T22:37:54.979+01:00" modifiedBy="45818874" modifiedOn="2024-05-21T16:16:00.458+02:00" />
  <ProjectConfiguration activeAutoGenerationSetting="all" activePathSetting="default">
    <PathSettings id="default">
      <Path id="CONFIG_TEXT" path="output" />
      <Path id="CONFIG_BINARY" path="output" />
      <Path id="CONFIG_CHAR_ARRAY" path="output" />
      <Path id="XML_PROCESS_IMAGE" path="output" />
      <Path id="C_PROCESS_IMAGE" path="output" />
      <Path id="CSHARP_PROCESS_IMAGE" path="output" />
    </PathSettings>
    <AutoGenerationSettings id="all">
      <Setting name="GENERATE_MN_MAPPING_FOR_NODES" value="" enabled="true" />
    </AutoGenerationSettings>
    <AutoGenerationSettings id="none" />
    <AutoGenerationSettings id="custom" />
  </ProjectConfiguration>
  <NetworkConfiguration lossOfSocTolerance="100000">
    <NodeCollection>
      <MN name="OBC_MN" nodeID="240" pathToXDC="deviceConfiguration/00000000_POWERLINK_CiA302-4_MN.xdc" isAsyncOnly="false" isType1Router="false" isType2Router="false" transmitsPRes="false" />
      <CN nodeID="1" name="CACMO_CN1" pathToXDC="deviceConfiguration/00000000_POWERLINK_CiA401_CN_1.xdc" forcedMultiplexedCycle="0" isMultiplexed="false" isChained="false" isAsyncOnly="false" isType1Router="false" isType2Router="false" isMandatory="false" autostartNode="true" resetInOperational="false" verifyAppSwVersion="false" autoAppSwUpdateAllowed="false" verifyDeviceType="true" verifyVendorId="false" verifyRevisionNumber="false" verifyProductCode="false" verifySerialNumber="false" enabled="true" />
      <CN nodeID="2" name="CACOE_CN2" pathToXDC="deviceConfiguration/00000000_POWERLINK_CiA401_CN_2.xdc" forcedMultiplexedCycle="0" isMultiplexed="false" isChained="false" isAsyncOnly="false" isType1Router="false" isType2Router="false" isMandatory="false" autostartNode="true" resetInOperational="false" verifyAppSwVersion="false" autoAppSwUpdateAllowed="false" verifyDeviceType="true" verifyVendorId="false" verifyRevisionNumber="false" verifyProductCode="false" verifySerialNumber="false" enabled="true" />
      <CN nodeID="3" name="CACEHP_CN3" pathToXDC="deviceConfiguration/00000000_POWERLINK_CiA401_CN_3.xdc" forcedMultiplexedCycle="0" isMultiplexed="false" isChained="false" isAsyncOnly="false" isType1Router="false" isType2Router="false" isMandatory="false" autostartNode="true" resetInOperational="false" verifyAppSwVersion="false" autoAppSwUpdateAllowed="false" verifyDeviceType="true" verifyVendorId="false" verifyRevisionNumber="false" verifyProductCode="false" verifySerialNumber="false" enabled="true" />
      <CN nodeID="4" name="CAC4_CN4" pathToXDC="deviceConfiguration/00000000_POWERLINK_CiA401_CN_4.xdc" forcedMultiplexedCycle="0" isMultiplexed="false" isChained="false" isAsyncOnly="false" isType1Router="false" isType2Router="false" isMandatory="false" autostartNode="true" resetInOperational="false" verifyAppSwVersion="false" autoAppSwUpdateAllowed="false" verifyDeviceType="true" verifyVendorId="false" verifyRevisionNumber="false" verifyProductCode="false" verifySerialNumber="false" enabled="true" />
      <CN nodeID="5" name="CAC5-CN5" pathToXDC="deviceConfiguration/00000000_POWERLINK_CiA401_CN_5.xdc" forcedMultiplexedCycle="0" isMultiplexed="false" isChained="false" isAsyncOnly="false" isType1Router="false" isType2Router="false" isMandatory="false" autostartNode="true" resetInOperational="false" verifyAppSwVersion="false" autoAppSwUpdateAllowed="false" verifyDeviceType="true" verifyVendorId="false" verifyRevisionNumber="false" verifyProductCode="false" verifySerialNumber="false" enabled="true" />
      <CN nodeID="6" name="CAC6_CN6" pathToXDC="deviceConfiguration/00000000_POWERLINK_CiA401_CN_6.xdc" forcedMultiplexedCycle="0" isMultiplexed="false" isChained="false" isAsyncOnly="false" isType1Router="false" isType2Router="false" isMandatory="false" autostartNode="true" resetInOperational="false" verifyAppSwVersion="false" autoAppSwUpdateAllowed="false" verifyDeviceType="true" verifyVendorId="false" verifyRevisionNumber="false" verifyProductCode="false" verifySerialNumber="false" enabled="true" />
      <CN nodeID="7" name="CAC7_CN7" pathToXDC="deviceConfiguration/00000000_POWERLINK_CiA401_CN_7.xdc" forcedMultiplexedCycle="0" isMultiplexed="false" isChained="false" isAsyncOnly="false" isType1Router="false" isType2Router="false" isMandatory="false" autostartNode="true" resetInOperational="false" verifyAppSwVersion="false" autoAppSwUpdateAllowed="false" verifyDeviceType="true" verifyVendorId="false" verifyRevisionNumber="false" verifyProductCode="false" verifySerialNumber="false" enabled="true" />
      <CN nodeID="8" name="CAC8_CN8" pathToXDC="deviceConfiguration/00000000_POWERLINK_CiA401_CN_8.xdc" forcedMultiplexedCycle="0" isMultiplexed="false" isChained="false" isAsyncOnly="false" isType1Router="false" isType2Router="false" isMandatory="false" autostartNode="true" resetInOperational="false" verifyAppSwVersion="false" autoAppSwUpdateAllowed="false" verifyDeviceType="true" verifyVendorId="false" verifyRevisionNumber="false" verifyProductCode="false" verifySerialNumber="false" enabled="true" />
      <CN nodeID="9" name="CAC9_CN9" pathToXDC="deviceConfiguration/00000000_POWERLINK_CiA401_CN_9.xdc" forcedMultiplexedCycle="0" isMultiplexed="false" isChained="false" isAsyncOnly="false" isType1Router="false" isType2Router="false" isMandatory="false" autostartNode="true" resetInOperational="false" verifyAppSwVersion="false" autoAppSwUpdateAllowed="false" verifyDeviceType="true" verifyVendorId="false" verifyRevisionNumber="false" verifyProductCode="false" verifySerialNumber="false" enabled="true" />
      <CN nodeID="10" name="CAC10_CN10" pathToXDC="deviceConfiguration/00000000_POWERLINK_CiA401_CN_10.xdc" forcedMultiplexedCycle="0" isMultiplexed="false" isChained="false" isAsyncOnly="false" isType1Router="false" isType2Router="false" isMandatory="false" autostartNode="true" resetInOperational="false" verifyAppSwVersion="false" autoAppSwUpdateAllowed="false" verifyDeviceType="true" verifyVendorId="false" verifyRevisionNumber="false" verifyProductCode="false" verifySerialNumber="false" enabled="true" />
      <CN nodeID="11" name="CAC11_CN11" pathToXDC="deviceConfiguration/00000000_POWERLINK_CiA401_CN_11.xdc" forcedMultiplexedCycle="0" isMultiplexed="false" isChained="false" isAsyncOnly="false" isType1Router="false" isType2Router="false" isMandatory="false" autostartNode="true" resetInOperational="false" verifyAppSwVersion="false" autoAppSwUpdateAllowed="false" verifyDeviceType="true" verifyVendorId="false" verifyRevisionNumber="false" verifyProductCode="false" verifySerialNumber="false" enabled="true" />
      <CN nodeID="12" name="CAC12_CN12" pathToXDC="deviceConfiguration/00000000_POWERLINK_CiA401_CN_12.xdc" forcedMultiplexedCycle="0" isMultiplexed="false" isChained="false" isAsyncOnly="false" isType1Router="false" isType2Router="false" isMandatory="false" autostartNode="true" resetInOperational="false" verifyAppSwVersion="false" autoAppSwUpdateAllowed="false" verifyDeviceType="true" verifyVendorId="false" verifyRevisionNumber="false" verifyProductCode="false" verifySerialNumber="false" enabled="true" />
      <CN nodeID="13" name="CAC13_CN13" pathToXDC="deviceConfiguration/00000000_POWERLINK_CiA401_CN_13.xdc" forcedMultiplexedCycle="0" isMultiplexed="false" isChained="false" isAsyncOnly="false" isType1Router="false" isType2Router="false" isMandatory="false" autostartNode="true" resetInOperational="false" verifyAppSwVersion="false" autoAppSwUpdateAllowed="false" verifyDeviceType="true" verifyVendorId="false" verifyRevisionNumber="false" verifyProductCode="false" verifySerialNumber="false" enabled="true" />
      <CN nodeID="14" name="CAC14_CN14" pathToXDC="deviceConfiguration/00000000_POWERLINK_CiA401_CN_14.xdc" forcedMultiplexedCycle="0" isMultiplexed="false" isChained="false" isAsyncOnly="false" isType1Router="false" isType2Router="false" isMandatory="false" autostartNode="true" resetInOperational="false" verifyAppSwVersion="false" autoAppSwUpdateAllowed="false" verifyDeviceType="true" verifyVendorId="false" verifyRevisionNumber="false" verifyProductCode="false" verifySerialNumber="false" enabled="true" />
      <CN nodeID="15" name="CAC15_CN15" pathToXDC="deviceConfiguration/00000000_POWERLINK_CiA401_CN_15.xdc" forcedMultiplexedCycle="0" isMultiplexed="false" isChained="false" isAsyncOnly="false" isType1Router="false" isType2Router="false" isMandatory="false" autostartNode="true" resetInOperational="false" verifyAppSwVersion="false" autoAppSwUpdateAllowed="false" verifyDeviceType="true" verifyVendorId="false" verifyRevisionNumber="false" verifyProductCode="false" verifySerialNumber="false" enabled="true" />
    </NodeCollection>
  </NetworkConfiguration>
</openCONFIGURATORProject>
