<?xml version='1.0' encoding='UTF-8' standalone='no'?>
<doxygen xmlns:xsi="http://www.w3.org/2001/XMLSchema-instance" xsi:noNamespaceSchemaLocation="compound.xsd" version="1.10.0" xml:lang="en-US">
  <compounddef id="classvalve" kind="class" language="C++" prot="public">
    <compoundname>valve</compoundname>
    <includes refid="valve_8h" local="no">valve.h</includes>
    <sectiondef kind="public-func">
      <memberdef kind="function" id="classvalve_1af2362056385e00eb0477c7d57836572d" prot="public" static="no" const="no" explicit="no" inline="no" virt="non-virtual">
        <type></type>
        <definition>valve::valve</definition>
        <argsstring>()</argsstring>
        <name>valve</name>
        <qualifiedname>valve::valve</qualifiedname>
        <briefdescription>
        </briefdescription>
        <detaileddescription>
        </detaileddescription>
        <inbodydescription>
        </inbodydescription>
        <location file="C:/Users/Squaria/Documents/openPOWERLINK_V2_CAC/apps/CAC_CN/include/valve.h" line="47" column="1" bodyfile="C:/Users/Squaria/Documents/openPOWERLINK_V2_CAC/apps/CAC_CN/src/valve.cpp" bodystart="51" bodyend="54"/>
      </memberdef>
      <memberdef kind="function" id="classvalve_1ad13f3b2288a13ef68ff1b5bdb87077c2" prot="public" static="no" const="no" explicit="no" inline="no" virt="virtual">
        <type></type>
        <definition>valve::~valve</definition>
        <argsstring>()</argsstring>
        <name>~valve</name>
        <qualifiedname>valve::~valve</qualifiedname>
        <briefdescription>
        </briefdescription>
        <detaileddescription>
        </detaileddescription>
        <inbodydescription>
        </inbodydescription>
        <location file="C:/Users/Squaria/Documents/openPOWERLINK_V2_CAC/apps/CAC_CN/include/valve.h" line="48" column="9" bodyfile="C:/Users/Squaria/Documents/openPOWERLINK_V2_CAC/apps/CAC_CN/src/valve.cpp" bodystart="56" bodyend="59"/>
      </memberdef>
      <memberdef kind="function" id="classvalve_1a86e16a5cc95d9bec4ee8eec6722760fe" prot="public" static="no" const="no" explicit="no" inline="no" virt="non-virtual">
        <type><ref refid="status_error_define_8h_1adf0c44f8de9b8e78b0e56caacfa1ac94" kindref="member">statusErrDef</ref></type>
        <definition>statusErrDef valve::initValve</definition>
        <argsstring>()</argsstring>
        <name>initValve</name>
        <qualifiedname>valve::initValve</qualifiedname>
        <briefdescription>
<para>function to initialize to valve module </para>
        </briefdescription>
        <detaileddescription>
<para><simplesect kind="return"><para>statusErrDef that values errGPIOPathEmpty when the gpio chip path is not correctly set or errOpenGPIO when the gpio chip fails to open or errGPIOGetLine when the gpio lines are busy, line get fails or errGPIORequestOutput when the gpio lines can&apos;t be set to output mode or noError when the function exits successfully. </para>
</simplesect>
</para>
        </detaileddescription>
        <inbodydescription>
        </inbodydescription>
        <location file="C:/Users/Squaria/Documents/openPOWERLINK_V2_CAC/apps/CAC_CN/include/valve.h" line="49" column="14" bodyfile="C:/Users/Squaria/Documents/openPOWERLINK_V2_CAC/apps/CAC_CN/src/valve.cpp" bodystart="73" bodyend="124"/>
        <references refid="classvalve_1a82140bbfd1329eea0100b8359cc9ebc2" compoundref="valve_8cpp" startline="135" endline="164">actionnementValvesInit</references>
        <references refid="config_define_8h_1a9703a43ebf2d3b02efe3f13807bbd202" compoundref="config_define_8h" startline="86">CHIP_PATH</references>
        <references refid="status_error_define_8h_1adf0c44f8de9b8e78b0e56caacfa1ac94ad601b41162c91eaf13e62a938db42636" compoundref="status_error_define_8h" startline="94">errGPIOGetLine</references>
        <references refid="status_error_define_8h_1adf0c44f8de9b8e78b0e56caacfa1ac94aebbac86c9dfcf75f2812d9ef1e93693b" compoundref="status_error_define_8h" startline="92">errGPIOPathEmpty</references>
        <references refid="status_error_define_8h_1adf0c44f8de9b8e78b0e56caacfa1ac94a2485272769a6cfdbf6f91340bb741092" compoundref="status_error_define_8h" startline="95">errGPIORequestOutput</references>
        <references refid="status_error_define_8h_1adf0c44f8de9b8e78b0e56caacfa1ac94a19ac259774bb0891cc3bad74473984c5" compoundref="status_error_define_8h" startline="93">errOpenGPIO</references>
        <references refid="csv_8cpp_1a59b3cd375160ea778a774e62c7c64f7d" compoundref="csv_8cpp" startline="692" endline="695">getActivation</references>
        <references refid="csv_8cpp_1a06ba5d2bce46c751d895dbf5678036ae" compoundref="csv_8cpp" startline="584" endline="587">getEtatInitialVannes</references>
        <references refid="csv_8cpp_1a208a08d00b78203d1aa620f641f0b9c9" compoundref="csv_8cpp" startline="595" endline="598">getPortGPIO</references>
        <references refid="valve_8h_1ad4e5b817af0b9501d2a6e6deb0c89445" compoundref="valve_8cpp" startline="483" endline="499">getValvesInitValue</references>
        <references refid="sensor_8cpp_1acb559820d9ca11295b4500f179ef6392" compoundref="sensor_8cpp" startline="17">i</references>
        <references refid="config_define_8h_1abcc3ea803cac2ea690fac3f5ceb23211" compoundref="config_define_8h" startline="90">MAX_VALVES</references>
        <references refid="opl_8cpp_1afbb7865bc950120040f337a3631fc921" compoundref="opl_8cpp" startline="42">nbValuesCN_Out_ByCN</references>
        <references refid="status_error_define_8h_1adf0c44f8de9b8e78b0e56caacfa1ac94ab22416d928134d1c6c7b2e8d2c31f20b" compoundref="status_error_define_8h" startline="22">noError</references>
        <references refid="valve_8cpp_1a268ac3b63f0fabe69c23e62ca83cfb70" compoundref="valve_8cpp" startline="28">offsets</references>
        <references refid="valve_8cpp_1a96860d8272d2d5ef1b46f17e271042da" compoundref="valve_8cpp" startline="32">values</references>
        <referencedby refid="main_8cpp_1ae66f6b31b5ad750f1fe042a706a4e3d4" compoundref="main_8cpp" startline="25" endline="216">main</referencedby>
      </memberdef>
      <memberdef kind="function" id="classvalve_1a82140bbfd1329eea0100b8359cc9ebc2" prot="public" static="no" const="no" explicit="no" inline="no" virt="non-virtual">
        <type><ref refid="status_error_define_8h_1adf0c44f8de9b8e78b0e56caacfa1ac94" kindref="member">statusErrDef</ref></type>
        <definition>statusErrDef valve::actionnementValvesInit</definition>
        <argsstring>()</argsstring>
        <name>actionnementValvesInit</name>
        <qualifiedname>valve::actionnementValvesInit</qualifiedname>
        <briefdescription>
<para>function to set the valves values from the CSV module initial values. </para>
        </briefdescription>
        <detaileddescription>
<para><simplesect kind="return"><para>statusErrDef that values errValueInitIsNotBinary when a value is not 0 or 1. or errGPIOSetInitValue when the line doesn&apos;t set the value or noError when the function exits successfully. </para>
</simplesect>
</para>
        </detaileddescription>
        <inbodydescription>
        </inbodydescription>
        <location file="C:/Users/Squaria/Documents/openPOWERLINK_V2_CAC/apps/CAC_CN/include/valve.h" line="50" column="14" bodyfile="C:/Users/Squaria/Documents/openPOWERLINK_V2_CAC/apps/CAC_CN/src/valve.cpp" bodystart="135" bodyend="164"/>
        <references refid="status_error_define_8h_1adf0c44f8de9b8e78b0e56caacfa1ac94a763d85cc76cf1596ee353e9fb1b38903" compoundref="status_error_define_8h" startline="98">errGPIOSetInitValue</references>
        <references refid="status_error_define_8h_1adf0c44f8de9b8e78b0e56caacfa1ac94aec2040d37c7bf6607456c056344f6c42" compoundref="status_error_define_8h" startline="97">errValueInitIsNotBinary</references>
        <references refid="csv_8cpp_1a59b3cd375160ea778a774e62c7c64f7d" compoundref="csv_8cpp" startline="692" endline="695">getActivation</references>
        <references refid="sensor_8cpp_1acb559820d9ca11295b4500f179ef6392" compoundref="sensor_8cpp" startline="17">i</references>
        <references refid="config_define_8h_1abcc3ea803cac2ea690fac3f5ceb23211" compoundref="config_define_8h" startline="90">MAX_VALVES</references>
        <references refid="opl_8cpp_1afbb7865bc950120040f337a3631fc921" compoundref="opl_8cpp" startline="42">nbValuesCN_Out_ByCN</references>
        <references refid="status_error_define_8h_1adf0c44f8de9b8e78b0e56caacfa1ac94ab22416d928134d1c6c7b2e8d2c31f20b" compoundref="status_error_define_8h" startline="22">noError</references>
        <references refid="valve_8cpp_1a96860d8272d2d5ef1b46f17e271042da" compoundref="valve_8cpp" startline="32">values</references>
        <referencedby refid="classvalve_1a3db8975d7c2cc46b33fd65e683e8c6df" compoundref="valve_8cpp" startline="431" endline="456">extinctValve</referencedby>
        <referencedby refid="classvalve_1a86e16a5cc95d9bec4ee8eec6722760fe" compoundref="valve_8cpp" startline="73" endline="124">initValve</referencedby>
      </memberdef>
      <memberdef kind="function" id="classvalve_1aac2cd5441d1c1a1180e18af2468a4547" prot="public" static="no" const="no" explicit="no" inline="no" virt="non-virtual">
        <type><ref refid="status_error_define_8h_1adf0c44f8de9b8e78b0e56caacfa1ac94" kindref="member">statusErrDef</ref></type>
        <definition>statusErrDef valve::actionnementValve</definition>
        <argsstring>(int valveNum)</argsstring>
        <name>actionnementValve</name>
        <qualifiedname>valve::actionnementValve</qualifiedname>
        <param>
          <type>int</type>
          <declname>valveNum</declname>
        </param>
        <briefdescription>
<para>function to get a valve value either from a general state CSV file if mode is automatic or from a OpenPOWERLINK value from the MN and set the valve to the corresponding gpio line. </para>
        </briefdescription>
        <detaileddescription>
<para><parameterlist kind="param"><parameteritem>
<parameternamelist>
<parametername>valveNum</parametername>
</parameternamelist>
<parameterdescription>
<para>the valve number </para>
</parameterdescription>
</parameteritem>
</parameterlist>
<simplesect kind="return"><para>statusErrDef that values errValueInitIsNotBinary when an initial valve value is not 0 or 1. or errGPIOSetValue when the valve value has not been set to the gpio line or noError when the function exits successfully. <linebreak/>
 </para>
</simplesect>
</para>
        </detaileddescription>
        <inbodydescription>
        </inbodydescription>
        <location file="C:/Users/Squaria/Documents/openPOWERLINK_V2_CAC/apps/CAC_CN/include/valve.h" line="51" column="14" bodyfile="C:/Users/Squaria/Documents/openPOWERLINK_V2_CAC/apps/CAC_CN/src/valve.cpp" bodystart="179" bodyend="212"/>
        <references refid="status_error_define_8h_1a46c8a310cf4c094f8c80e1cb8dc1f911a9761086e420b925e438327ad385b304d" compoundref="status_error_define_8h" startline="120">automatic</references>
        <references refid="status_error_define_8h_1adf0c44f8de9b8e78b0e56caacfa1ac94a5c2c18ec122e2cca417baf06cc784129" compoundref="status_error_define_8h" startline="103">errGPIOSetValue</references>
        <references refid="status_error_define_8h_1adf0c44f8de9b8e78b0e56caacfa1ac94a9a1dd444c2528ae6922e7fdec7f37611" compoundref="status_error_define_8h" startline="102">errValueIsNotBinary</references>
        <references refid="csv_8cpp_1ab23dd7339a925518cc7ccb9c8ff617c9" compoundref="csv_8cpp" startline="539" endline="542">getValeur</references>
        <references refid="opl_8cpp_1ad0b902027740ec16636d93ee162aeb5d" compoundref="opl_8cpp" startline="186" endline="189">getValues_In_CN</references>
        <references refid="status_error_define_8h_1a46c8a310cf4c094f8c80e1cb8dc1f911af2ff5ec687c78928f81c2842750e3f67" compoundref="status_error_define_8h" startline="121">manual</references>
        <references refid="opl_8cpp_1a2618e89b4c26dc851feae865df3a1a49" compoundref="opl_8cpp" startline="30">mode</references>
        <references refid="opl_8cpp_1ae734e3ff803ba9ee9ce69f720764c48a" compoundref="opl_8cpp" startline="46">nbValuesCN_In_ByCN</references>
        <references refid="status_error_define_8h_1adf0c44f8de9b8e78b0e56caacfa1ac94ab22416d928134d1c6c7b2e8d2c31f20b" compoundref="status_error_define_8h" startline="22">noError</references>
        <references refid="valve_8cpp_1a96860d8272d2d5ef1b46f17e271042da" compoundref="valve_8cpp" startline="32">values</references>
        <referencedby refid="classvalve_1a1364f1770f8218d7a0077ca2a953371b" compoundref="valve_8cpp" startline="226" endline="298">verifDependanceValves</referencedby>
      </memberdef>
      <memberdef kind="function" id="classvalve_1a1364f1770f8218d7a0077ca2a953371b" prot="public" static="no" const="no" explicit="no" inline="no" virt="non-virtual">
        <type><ref refid="status_error_define_8h_1adf0c44f8de9b8e78b0e56caacfa1ac94" kindref="member">statusErrDef</ref></type>
        <definition>statusErrDef valve::verifDependanceValves</definition>
        <argsstring>()</argsstring>
        <name>verifDependanceValves</name>
        <qualifiedname>valve::verifDependanceValves</qualifiedname>
        <briefdescription>
<para>function that verifies if the valves are already set, if not the timer starts and once the timer is greater than the value taken from a general state CSV file, it sets the valve value to the corresponding gpio line. </para>
        </briefdescription>
        <detaileddescription>
<para><simplesect kind="return"><para>statusErrDef that values errValueInitIsNotBinary when a value is not 0 or 1. or errGPIOSetValue when the line doesn&apos;t set the value or noError when the function exits successfully. <linebreak/>
 </para>
</simplesect>
</para>
        </detaileddescription>
        <inbodydescription>
        </inbodydescription>
        <location file="C:/Users/Squaria/Documents/openPOWERLINK_V2_CAC/apps/CAC_CN/include/valve.h" line="52" column="14" bodyfile="C:/Users/Squaria/Documents/openPOWERLINK_V2_CAC/apps/CAC_CN/src/valve.cpp" bodystart="226" bodyend="298"/>
        <references refid="classvalve_1aac2cd5441d1c1a1180e18af2468a4547" compoundref="valve_8cpp" startline="179" endline="212">actionnementValve</references>
        <references refid="status_error_define_8h_1a46c8a310cf4c094f8c80e1cb8dc1f911a9761086e420b925e438327ad385b304d" compoundref="status_error_define_8h" startline="120">automatic</references>
        <references refid="status_error_define_8h_1adf0c44f8de9b8e78b0e56caacfa1ac94ab6044186bf03edb2f4ae79d23c664644" compoundref="status_error_define_8h" startline="99">errGPIOGetValue</references>
        <references refid="csv_8cpp_1a59b3cd375160ea778a774e62c7c64f7d" compoundref="csv_8cpp" startline="692" endline="695">getActivation</references>
        <references refid="csv_8cpp_1ab23dd7339a925518cc7ccb9c8ff617c9" compoundref="csv_8cpp" startline="539" endline="542">getValeur</references>
        <references refid="opl_8cpp_1ad0b902027740ec16636d93ee162aeb5d" compoundref="opl_8cpp" startline="186" endline="189">getValues_In_CN</references>
        <references refid="sensor_8cpp_1acb559820d9ca11295b4500f179ef6392" compoundref="sensor_8cpp" startline="17">i</references>
        <references refid="status_error_define_8h_1adf0c44f8de9b8e78b0e56caacfa1ac94aa0f22b79ff1056e5dbd2add0afba892c" compoundref="status_error_define_8h" startline="44">infoAllDependNotActivated</references>
        <references refid="status_error_define_8h_1adf0c44f8de9b8e78b0e56caacfa1ac94a9ae1f6622501f46a2c7dbcf1217a700b" compoundref="status_error_define_8h" startline="42">infoNoDepend</references>
        <references refid="status_error_define_8h_1adf0c44f8de9b8e78b0e56caacfa1ac94adcffca0fc897e7e44bc66c6f47ae8a1e" compoundref="status_error_define_8h" startline="43">infoValveAlreadyActivated</references>
        <references refid="classvalve_1ae69c309265ce0269e0207043fb6b06ca" compoundref="valve_8cpp" startline="319" endline="381">isDependanceActive</references>
        <references refid="classvalve_1a5dae9e8165e79289e59e2426f9d75d29" compoundref="valve_8cpp" startline="408" endline="419">isTimerExeeded</references>
        <references refid="status_error_define_8h_1a46c8a310cf4c094f8c80e1cb8dc1f911af2ff5ec687c78928f81c2842750e3f67" compoundref="status_error_define_8h" startline="121">manual</references>
        <references refid="config_define_8h_1abcc3ea803cac2ea690fac3f5ceb23211" compoundref="config_define_8h" startline="90">MAX_VALVES</references>
        <references refid="opl_8cpp_1a2618e89b4c26dc851feae865df3a1a49" compoundref="opl_8cpp" startline="30">mode</references>
        <references refid="opl_8cpp_1ae734e3ff803ba9ee9ce69f720764c48a" compoundref="opl_8cpp" startline="46">nbValuesCN_In_ByCN</references>
        <references refid="opl_8cpp_1afbb7865bc950120040f337a3631fc921" compoundref="opl_8cpp" startline="42">nbValuesCN_Out_ByCN</references>
        <references refid="status_error_define_8h_1adf0c44f8de9b8e78b0e56caacfa1ac94ab22416d928134d1c6c7b2e8d2c31f20b" compoundref="status_error_define_8h" startline="22">noError</references>
        <references refid="classvalve_1a17fdfe4c2fe56901e25e94f7af0a0a86" compoundref="valve_8cpp" startline="390" endline="398">startTimerDependance</references>
        <references refid="valve_8cpp_1af18a1c02404999c7ccfe789b84c4a817" compoundref="valve_8cpp" startline="49">timerStarted</references>
        <referencedby refid="opl_8cpp_1a52e9ad149905d67047d527f120a17c11" compoundref="opl_8cpp" startline="600" endline="680">processSync</referencedby>
      </memberdef>
      <memberdef kind="function" id="classvalve_1ae69c309265ce0269e0207043fb6b06ca" prot="public" static="no" const="no" explicit="no" inline="no" virt="non-virtual">
        <type><ref refid="status_error_define_8h_1adf0c44f8de9b8e78b0e56caacfa1ac94" kindref="member">statusErrDef</ref></type>
        <definition>statusErrDef valve::isDependanceActive</definition>
        <argsstring>(int ligne)</argsstring>
        <name>isDependanceActive</name>
        <qualifiedname>valve::isDependanceActive</qualifiedname>
        <param>
          <type>int</type>
          <declname>ligne</declname>
        </param>
        <briefdescription>
<para>function to check if every dependance of a valve is activated according to the array of dependance from a general state CSV file. </para>
        </briefdescription>
        <detaileddescription>
<para><parameterlist kind="param"><parameteritem>
<parameternamelist>
<parametername>ligne</parametername>
</parameternamelist>
<parameterdescription>
<para>the line in the general state CSV file </para>
</parameterdescription>
</parameteritem>
</parameterlist>
<simplesect kind="return"><para>statusErrDef that values errGPIOGetValue when the getter of a gpio line value fails or infoValveAlreadyActivated when every dependances or errGPIODependValue when the getter of a gpio line dependance value fails or infoAllDependNotActivated when all the dependances of a valve are not activated. or errDependOutsideOfRange when a dependance is not among the valves of the same board. or infoNoDepend when the valve has no dependances. or noError when the function exits successfully. <linebreak/>
 </para>
</simplesect>
</para>
        </detaileddescription>
        <inbodydescription>
        </inbodydescription>
        <location file="C:/Users/Squaria/Documents/openPOWERLINK_V2_CAC/apps/CAC_CN/include/valve.h" line="53" column="14" bodyfile="C:/Users/Squaria/Documents/openPOWERLINK_V2_CAC/apps/CAC_CN/src/valve.cpp" bodystart="319" bodyend="381"/>
        <references refid="status_error_define_8h_1adf0c44f8de9b8e78b0e56caacfa1ac94a214fda571451d3d8b705490f276a81ce" compoundref="status_error_define_8h" startline="101">errDependOutsideOfRange</references>
        <references refid="status_error_define_8h_1adf0c44f8de9b8e78b0e56caacfa1ac94af034509b765efa4ee9fc365cc6db4943" compoundref="status_error_define_8h" startline="100">errGPIODependValue</references>
        <references refid="status_error_define_8h_1adf0c44f8de9b8e78b0e56caacfa1ac94ab6044186bf03edb2f4ae79d23c664644" compoundref="status_error_define_8h" startline="99">errGPIOGetValue</references>
        <references refid="csv_8cpp_1a8a1a11a2771226955ece875f170f2f0c" compoundref="csv_8cpp" startline="550" endline="565">getDependanceVannes</references>
        <references refid="csv_8cpp_1ab23dd7339a925518cc7ccb9c8ff617c9" compoundref="csv_8cpp" startline="539" endline="542">getValeur</references>
        <references refid="sensor_8cpp_1acb559820d9ca11295b4500f179ef6392" compoundref="sensor_8cpp" startline="17">i</references>
        <references refid="status_error_define_8h_1adf0c44f8de9b8e78b0e56caacfa1ac94aa0f22b79ff1056e5dbd2add0afba892c" compoundref="status_error_define_8h" startline="44">infoAllDependNotActivated</references>
        <references refid="status_error_define_8h_1adf0c44f8de9b8e78b0e56caacfa1ac94a9ae1f6622501f46a2c7dbcf1217a700b" compoundref="status_error_define_8h" startline="42">infoNoDepend</references>
        <references refid="status_error_define_8h_1adf0c44f8de9b8e78b0e56caacfa1ac94adcffca0fc897e7e44bc66c6f47ae8a1e" compoundref="status_error_define_8h" startline="43">infoValveAlreadyActivated</references>
        <references refid="config_define_8h_1abcc3ea803cac2ea690fac3f5ceb23211" compoundref="config_define_8h" startline="90">MAX_VALVES</references>
        <references refid="opl_8cpp_1a38621a01003975db3d4d97d7c7b5c874" compoundref="opl_8cpp" startline="38">nbValuesCN_In</references>
        <references refid="opl_8cpp_1ae734e3ff803ba9ee9ce69f720764c48a" compoundref="opl_8cpp" startline="46">nbValuesCN_In_ByCN</references>
        <references refid="status_error_define_8h_1adf0c44f8de9b8e78b0e56caacfa1ac94ab22416d928134d1c6c7b2e8d2c31f20b" compoundref="status_error_define_8h" startline="22">noError</references>
        <referencedby refid="classvalve_1a1364f1770f8218d7a0077ca2a953371b" compoundref="valve_8cpp" startline="226" endline="298">verifDependanceValves</referencedby>
      </memberdef>
      <memberdef kind="function" id="classvalve_1a17fdfe4c2fe56901e25e94f7af0a0a86" prot="public" static="no" const="no" explicit="no" inline="no" virt="non-virtual">
        <type>int16_t</type>
        <definition>int16_t valve::startTimerDependance</definition>
        <argsstring>(int ligne)</argsstring>
        <name>startTimerDependance</name>
        <qualifiedname>valve::startTimerDependance</qualifiedname>
        <param>
          <type>int</type>
          <declname>ligne</declname>
          <defname>valveNum</defname>
        </param>
        <briefdescription>
<para>function to start the timer when all the dependances of a valve are activated. </para>
        </briefdescription>
        <detaileddescription>
<para><parameterlist kind="param"><parameteritem>
<parameternamelist>
<parametername>valveNum</parametername>
</parameternamelist>
<parameterdescription>
<para>the valve number </para>
</parameterdescription>
</parameteritem>
</parameterlist>
<simplesect kind="return"><para>0 if the timer starts successfully </para>
</simplesect>
</para>
        </detaileddescription>
        <inbodydescription>
        </inbodydescription>
        <location file="C:/Users/Squaria/Documents/openPOWERLINK_V2_CAC/apps/CAC_CN/include/valve.h" line="54" column="9" bodyfile="C:/Users/Squaria/Documents/openPOWERLINK_V2_CAC/apps/CAC_CN/src/valve.cpp" bodystart="390" bodyend="398"/>
        <references refid="valve_8cpp_1a7af143dbf44fa3c96fedf51b19e7b494" compoundref="valve_8cpp" startline="36">beginTimer</references>
        <references refid="valve_8cpp_1af18a1c02404999c7ccfe789b84c4a817" compoundref="valve_8cpp" startline="49">timerStarted</references>
        <referencedby refid="classvalve_1a1364f1770f8218d7a0077ca2a953371b" compoundref="valve_8cpp" startline="226" endline="298">verifDependanceValves</referencedby>
      </memberdef>
      <memberdef kind="function" id="classvalve_1a5dae9e8165e79289e59e2426f9d75d29" prot="public" static="no" const="no" explicit="no" inline="no" virt="non-virtual">
        <type>int16_t</type>
        <definition>int16_t valve::isTimerExeeded</definition>
        <argsstring>(int ligne)</argsstring>
        <name>isTimerExeeded</name>
        <qualifiedname>valve::isTimerExeeded</qualifiedname>
        <param>
          <type>int</type>
          <declname>ligne</declname>
          <defname>valveNum</defname>
        </param>
        <briefdescription>
<para>function to check if the current value of a timer has exceeded the timer value from a general state CSV file. </para>
        </briefdescription>
        <detaileddescription>
<para><parameterlist kind="param"><parameteritem>
<parameternamelist>
<parametername>valveNum</parametername>
</parameternamelist>
<parameterdescription>
<para>the valve number </para>
</parameterdescription>
</parameteritem>
</parameterlist>
<simplesect kind="return"><para>0 if the value has been exceeded, 1 if not </para>
</simplesect>
</para>
        </detaileddescription>
        <inbodydescription>
        </inbodydescription>
        <location file="C:/Users/Squaria/Documents/openPOWERLINK_V2_CAC/apps/CAC_CN/include/valve.h" line="55" column="9" bodyfile="C:/Users/Squaria/Documents/openPOWERLINK_V2_CAC/apps/CAC_CN/src/valve.cpp" bodystart="408" bodyend="419"/>
        <references refid="valve_8cpp_1a7af143dbf44fa3c96fedf51b19e7b494" compoundref="valve_8cpp" startline="36">beginTimer</references>
        <references refid="valve_8cpp_1a718c1d403150a0052fdc750073ecede8" compoundref="valve_8cpp" startline="45">currentTime</references>
        <references refid="valve_8cpp_1ab5efa5af4f5d074f434d5f7a433146af" compoundref="valve_8cpp" startline="40">endTimer</references>
        <references refid="csv_8cpp_1a42f02acae60cc52772c5933fd490bac0" compoundref="csv_8cpp" startline="573" endline="576">getTimerVannes</references>
        <references refid="opl_8cpp_1ae734e3ff803ba9ee9ce69f720764c48a" compoundref="opl_8cpp" startline="46">nbValuesCN_In_ByCN</references>
        <referencedby refid="classvalve_1a1364f1770f8218d7a0077ca2a953371b" compoundref="valve_8cpp" startline="226" endline="298">verifDependanceValves</referencedby>
      </memberdef>
      <memberdef kind="function" id="classvalve_1a3db8975d7c2cc46b33fd65e683e8c6df" prot="public" static="no" const="no" explicit="no" inline="no" virt="non-virtual">
        <type><ref refid="status_error_define_8h_1adf0c44f8de9b8e78b0e56caacfa1ac94" kindref="member">statusErrDef</ref></type>
        <definition>statusErrDef valve::extinctValve</definition>
        <argsstring>()</argsstring>
        <name>extinctValve</name>
        <qualifiedname>valve::extinctValve</qualifiedname>
        <briefdescription>
<para>function to shutdown the valve module. </para>
        </briefdescription>
        <detaileddescription>
<para><simplesect kind="return"><para>statusErrDef that values errValueInitIsNotBinary when a value is not 0 or 1 or errGPIOSetInitValue when an initial valve value is not set to a line or errGPIORelease when a gpio line fails to be released or noError when the function exits successfully. <linebreak/>
 </para>
</simplesect>
</para>
        </detaileddescription>
        <inbodydescription>
        </inbodydescription>
        <location file="C:/Users/Squaria/Documents/openPOWERLINK_V2_CAC/apps/CAC_CN/include/valve.h" line="56" column="14" bodyfile="C:/Users/Squaria/Documents/openPOWERLINK_V2_CAC/apps/CAC_CN/src/valve.cpp" bodystart="431" bodyend="456"/>
        <references refid="classvalve_1a82140bbfd1329eea0100b8359cc9ebc2" compoundref="valve_8cpp" startline="135" endline="164">actionnementValvesInit</references>
        <references refid="status_error_define_8h_1adf0c44f8de9b8e78b0e56caacfa1ac94a117109c04d16b697e197f21a45362fec" compoundref="status_error_define_8h" startline="104">errGPIORelease</references>
        <references refid="csv_8cpp_1a59b3cd375160ea778a774e62c7c64f7d" compoundref="csv_8cpp" startline="692" endline="695">getActivation</references>
        <references refid="valve_8h_1ad4e5b817af0b9501d2a6e6deb0c89445" compoundref="valve_8cpp" startline="483" endline="499">getValvesInitValue</references>
        <references refid="sensor_8cpp_1acb559820d9ca11295b4500f179ef6392" compoundref="sensor_8cpp" startline="17">i</references>
        <references refid="config_define_8h_1abcc3ea803cac2ea690fac3f5ceb23211" compoundref="config_define_8h" startline="90">MAX_VALVES</references>
        <references refid="opl_8cpp_1afbb7865bc950120040f337a3631fc921" compoundref="opl_8cpp" startline="42">nbValuesCN_Out_ByCN</references>
        <references refid="status_error_define_8h_1adf0c44f8de9b8e78b0e56caacfa1ac94ab22416d928134d1c6c7b2e8d2c31f20b" compoundref="status_error_define_8h" startline="22">noError</references>
        <referencedby refid="main_8cpp_1ae66f6b31b5ad750f1fe042a706a4e3d4" compoundref="main_8cpp" startline="25" endline="216">main</referencedby>
      </memberdef>
    </sectiondef>
    <briefdescription>
<para>valve module class. </para>
    </briefdescription>
    <detaileddescription>
    </detaileddescription>
    <location file="C:/Users/Squaria/Documents/openPOWERLINK_V2_CAC/apps/CAC_CN/include/valve.h" line="44" column="1" bodyfile="C:/Users/Squaria/Documents/openPOWERLINK_V2_CAC/apps/CAC_CN/include/valve.h" bodystart="45" bodyend="61"/>
    <listofallmembers>
      <member refid="classvalve_1aac2cd5441d1c1a1180e18af2468a4547" prot="public" virt="non-virtual"><scope>valve</scope><name>actionnementValve</name></member>
      <member refid="classvalve_1a82140bbfd1329eea0100b8359cc9ebc2" prot="public" virt="non-virtual"><scope>valve</scope><name>actionnementValvesInit</name></member>
      <member refid="classvalve_1a3db8975d7c2cc46b33fd65e683e8c6df" prot="public" virt="non-virtual"><scope>valve</scope><name>extinctValve</name></member>
      <member refid="classvalve_1a86e16a5cc95d9bec4ee8eec6722760fe" prot="public" virt="non-virtual"><scope>valve</scope><name>initValve</name></member>
      <member refid="classvalve_1ae69c309265ce0269e0207043fb6b06ca" prot="public" virt="non-virtual"><scope>valve</scope><name>isDependanceActive</name></member>
      <member refid="classvalve_1a5dae9e8165e79289e59e2426f9d75d29" prot="public" virt="non-virtual"><scope>valve</scope><name>isTimerExeeded</name></member>
      <member refid="classvalve_1a17fdfe4c2fe56901e25e94f7af0a0a86" prot="public" virt="non-virtual"><scope>valve</scope><name>startTimerDependance</name></member>
      <member refid="classvalve_1af2362056385e00eb0477c7d57836572d" prot="public" virt="non-virtual"><scope>valve</scope><name>valve</name></member>
      <member refid="classvalve_1a1364f1770f8218d7a0077ca2a953371b" prot="public" virt="non-virtual"><scope>valve</scope><name>verifDependanceValves</name></member>
      <member refid="classvalve_1ad13f3b2288a13ef68ff1b5bdb87077c2" prot="public" virt="virtual"><scope>valve</scope><name>~valve</name></member>
    </listofallmembers>
  </compounddef>
</doxygen>
