<?xml version='1.0' encoding='UTF-8' standalone='no'?>
<doxygen xmlns:xsi="http://www.w3.org/2001/XMLSchema-instance" xsi:noNamespaceSchemaLocation="compound.xsd" version="1.10.0" xml:lang="en-US">
  <compounddef id="classfile" kind="class" language="C++" prot="public">
    <compoundname>file</compoundname>
    <includes refid="file_8h" local="no">file.h</includes>
    <sectiondef kind="private-attrib">
      <memberdef kind="variable" id="classfile_1a483afd9f96538c51735fb686edd2cc25" prot="private" static="no" mutable="no">
        <type>string</type>
        <definition>string file::pathFile</definition>
        <argsstring></argsstring>
        <name>pathFile</name>
        <qualifiedname>file::pathFile</qualifiedname>
        <briefdescription>
<para>path to the telemetry file </para>
        </briefdescription>
        <detaileddescription>
        </detaileddescription>
        <inbodydescription>
        </inbodydescription>
        <location file="C:/Users/Squaria/Documents/openPOWERLINK_V2_CAC/apps/CAC_CN/include/file.h" line="52" column="12" bodyfile="C:/Users/Squaria/Documents/openPOWERLINK_V2_CAC/apps/CAC_CN/include/file.h" bodystart="52" bodyend="-1"/>
        <referencedby refid="classfile_1ac0354d5b8c38714c335bed66f1a5368c" compoundref="file_8cpp" startline="37" endline="78">initFile</referencedby>
        <referencedby refid="classfile_1a5eabb45d2518c4ad1391be6d5205cfdf" compoundref="file_8cpp" startline="184" endline="198">openFile</referencedby>
      </memberdef>
      <memberdef kind="variable" id="classfile_1a60c20221b3650d600b0e10c300a66faa" prot="private" static="no" mutable="no">
        <type>ofstream</type>
        <definition>ofstream file::dataFile</definition>
        <argsstring></argsstring>
        <name>dataFile</name>
        <qualifiedname>file::dataFile</qualifiedname>
        <briefdescription>
<para>telemetry file object </para>
        </briefdescription>
        <detaileddescription>
        </detaileddescription>
        <inbodydescription>
        </inbodydescription>
        <location file="C:/Users/Squaria/Documents/openPOWERLINK_V2_CAC/apps/CAC_CN/include/file.h" line="56" column="14" bodyfile="C:/Users/Squaria/Documents/openPOWERLINK_V2_CAC/apps/CAC_CN/include/file.h" bodystart="56" bodyend="-1"/>
        <referencedby refid="classfile_1a86ce3c36d7e87f24600c8755d8601e7c" compoundref="file_8cpp" startline="207" endline="220">closeFile</referencedby>
        <referencedby refid="classfile_1a5eabb45d2518c4ad1391be6d5205cfdf" compoundref="file_8cpp" startline="184" endline="198">openFile</referencedby>
        <referencedby refid="classfile_1af0da4dcb7aa1111b0858eca8efc1ec30" compoundref="file_8cpp" startline="87" endline="99">testWriteFile</referencedby>
        <referencedby refid="classfile_1af8c8b22309c8efd3fb87a567a74c16b5" compoundref="file_8cpp" startline="146" endline="175">writeError</referencedby>
        <referencedby refid="classfile_1a873fcc71c11302b9e65f54f165cc1236" compoundref="file_8cpp" startline="108" endline="137">writeTelem</referencedby>
      </memberdef>
      <memberdef kind="variable" id="classfile_1a32d4e3f75b05cec4881a282bf92617cd" prot="private" static="no" mutable="no">
        <type>string</type>
        <definition>string file::nameFiles</definition>
        <argsstring></argsstring>
        <name>nameFiles</name>
        <qualifiedname>file::nameFiles</qualifiedname>
        <briefdescription>
<para>name of the telemetry file </para>
        </briefdescription>
        <detaileddescription>
        </detaileddescription>
        <inbodydescription>
        </inbodydescription>
        <location file="C:/Users/Squaria/Documents/openPOWERLINK_V2_CAC/apps/CAC_CN/include/file.h" line="60" column="12" bodyfile="C:/Users/Squaria/Documents/openPOWERLINK_V2_CAC/apps/CAC_CN/include/file.h" bodystart="60" bodyend="-1"/>
        <referencedby refid="classfile_1ac0354d5b8c38714c335bed66f1a5368c" compoundref="file_8cpp" startline="37" endline="78">initFile</referencedby>
      </memberdef>
      <memberdef kind="variable" id="classfile_1a3bca228e2cfb8cd254e4770f8d1f058b" prot="private" static="no" mutable="no">
        <type>string</type>
        <definition>string file::year_month_day</definition>
        <argsstring></argsstring>
        <name>year_month_day</name>
        <qualifiedname>file::year_month_day</qualifiedname>
        <briefdescription>
<para>current year, month and day </para>
        </briefdescription>
        <detaileddescription>
        </detaileddescription>
        <inbodydescription>
        </inbodydescription>
        <location file="C:/Users/Squaria/Documents/openPOWERLINK_V2_CAC/apps/CAC_CN/include/file.h" line="64" column="12" bodyfile="C:/Users/Squaria/Documents/openPOWERLINK_V2_CAC/apps/CAC_CN/include/file.h" bodystart="64" bodyend="-1"/>
        <referencedby refid="classfile_1ac0354d5b8c38714c335bed66f1a5368c" compoundref="file_8cpp" startline="37" endline="78">initFile</referencedby>
      </memberdef>
      <memberdef kind="variable" id="classfile_1abcaf2953711c9b12908a0858523b1265" prot="private" static="no" mutable="no">
        <type>string</type>
        <definition>string file::hour_minute_second</definition>
        <argsstring></argsstring>
        <name>hour_minute_second</name>
        <qualifiedname>file::hour_minute_second</qualifiedname>
        <briefdescription>
<para>current hour, minute and second </para>
        </briefdescription>
        <detaileddescription>
        </detaileddescription>
        <inbodydescription>
        </inbodydescription>
        <location file="C:/Users/Squaria/Documents/openPOWERLINK_V2_CAC/apps/CAC_CN/include/file.h" line="68" column="12" bodyfile="C:/Users/Squaria/Documents/openPOWERLINK_V2_CAC/apps/CAC_CN/include/file.h" bodystart="68" bodyend="-1"/>
        <referencedby refid="classfile_1ac0354d5b8c38714c335bed66f1a5368c" compoundref="file_8cpp" startline="37" endline="78">initFile</referencedby>
      </memberdef>
    </sectiondef>
    <sectiondef kind="public-func">
      <memberdef kind="function" id="classfile_1a22090815b0614f552f2cb2cc8f170572" prot="public" static="no" const="no" explicit="no" inline="no" virt="non-virtual">
        <type></type>
        <definition>file::file</definition>
        <argsstring>()</argsstring>
        <name>file</name>
        <qualifiedname>file::file</qualifiedname>
        <briefdescription>
        </briefdescription>
        <detaileddescription>
        </detaileddescription>
        <inbodydescription>
        </inbodydescription>
        <location file="C:/Users/Squaria/Documents/openPOWERLINK_V2_CAC/apps/CAC_CN/include/file.h" line="36" column="5" bodyfile="C:/Users/Squaria/Documents/openPOWERLINK_V2_CAC/apps/CAC_CN/src/file.cpp" bodystart="14" bodyend="22"/>
      </memberdef>
      <memberdef kind="function" id="classfile_1a7174566303bcda6dc7d47cc0997c8c42" prot="public" static="no" const="no" explicit="no" inline="no" virt="non-virtual">
        <type></type>
        <definition>file::~file</definition>
        <argsstring>()</argsstring>
        <name>~file</name>
        <qualifiedname>file::~file</qualifiedname>
        <briefdescription>
        </briefdescription>
        <detaileddescription>
        </detaileddescription>
        <inbodydescription>
        </inbodydescription>
        <location file="C:/Users/Squaria/Documents/openPOWERLINK_V2_CAC/apps/CAC_CN/include/file.h" line="37" column="5" bodyfile="C:/Users/Squaria/Documents/openPOWERLINK_V2_CAC/apps/CAC_CN/src/file.cpp" bodystart="24" bodyend="27"/>
      </memberdef>
      <memberdef kind="function" id="classfile_1ac0354d5b8c38714c335bed66f1a5368c" prot="public" static="no" const="no" explicit="no" inline="no" virt="non-virtual">
        <type><ref refid="status_error_define_8h_1adf0c44f8de9b8e78b0e56caacfa1ac94" kindref="member">statusErrDef</ref></type>
        <definition>statusErrDef file::initFile</definition>
        <argsstring>()</argsstring>
        <name>initFile</name>
        <qualifiedname>file::initFile</qualifiedname>
        <briefdescription>
<para>function to create the telemetry file and name it after the current date and time </para>
        </briefdescription>
        <detaileddescription>
<para><simplesect kind="return"><para>statusErrDef that values errOpenTelemFile when the file creation and opening fails. or noError when the function exits successfully. </para>
</simplesect>
</para>
        </detaileddescription>
        <inbodydescription>
        </inbodydescription>
        <location file="C:/Users/Squaria/Documents/openPOWERLINK_V2_CAC/apps/CAC_CN/include/file.h" line="39" column="18" bodyfile="C:/Users/Squaria/Documents/openPOWERLINK_V2_CAC/apps/CAC_CN/src/file.cpp" bodystart="37" bodyend="78"/>
        <references refid="classfile_1abcaf2953711c9b12908a0858523b1265" compoundref="file_8h" startline="68">hour_minute_second</references>
        <references refid="classfile_1a32d4e3f75b05cec4881a282bf92617cd" compoundref="file_8h" startline="60">nameFiles</references>
        <references refid="status_error_define_8h_1adf0c44f8de9b8e78b0e56caacfa1ac94ab22416d928134d1c6c7b2e8d2c31f20b" compoundref="status_error_define_8h" startline="22">noError</references>
        <references refid="classfile_1a5eabb45d2518c4ad1391be6d5205cfdf" compoundref="file_8cpp" startline="184" endline="198">openFile</references>
        <references refid="classfile_1a483afd9f96538c51735fb686edd2cc25" compoundref="file_8h" startline="52">pathFile</references>
        <references refid="config_define_8h_1aeead33868b09a953457fd5235525bd39" compoundref="config_define_8h" startline="124">TELEMFILES_DIRECTORY</references>
        <references refid="classfile_1a3bca228e2cfb8cd254e4770f8d1f058b" compoundref="file_8h" startline="64">year_month_day</references>
        <referencedby refid="main_8cpp_1ae66f6b31b5ad750f1fe042a706a4e3d4" compoundref="main_8cpp" startline="25" endline="216">main</referencedby>
      </memberdef>
      <memberdef kind="function" id="classfile_1af0da4dcb7aa1111b0858eca8efc1ec30" prot="public" static="no" const="no" explicit="no" inline="no" virt="non-virtual">
        <type><ref refid="status_error_define_8h_1adf0c44f8de9b8e78b0e56caacfa1ac94" kindref="member">statusErrDef</ref></type>
        <definition>statusErrDef file::testWriteFile</definition>
        <argsstring>()</argsstring>
        <name>testWriteFile</name>
        <qualifiedname>file::testWriteFile</qualifiedname>
        <briefdescription>
<para>function to test if we can write in the telemetry file </para>
        </briefdescription>
        <detaileddescription>
<para><simplesect kind="return"><para>statusErrDef that values errTestWriteFile when the file write fails. or noError when the function exits successfully. </para>
</simplesect>
</para>
        </detaileddescription>
        <inbodydescription>
        </inbodydescription>
        <location file="C:/Users/Squaria/Documents/openPOWERLINK_V2_CAC/apps/CAC_CN/include/file.h" line="40" column="18" bodyfile="C:/Users/Squaria/Documents/openPOWERLINK_V2_CAC/apps/CAC_CN/src/file.cpp" bodystart="87" bodyend="99"/>
        <references refid="classfile_1a60c20221b3650d600b0e10c300a66faa" compoundref="file_8h" startline="56">dataFile</references>
        <references refid="status_error_define_8h_1adf0c44f8de9b8e78b0e56caacfa1ac94ad8e0328b57f4daa9a6a29519f1d8558a" compoundref="status_error_define_8h" startline="60">errTestWriteFile</references>
        <references refid="status_error_define_8h_1adf0c44f8de9b8e78b0e56caacfa1ac94ab22416d928134d1c6c7b2e8d2c31f20b" compoundref="status_error_define_8h" startline="22">noError</references>
        <referencedby refid="main_8cpp_1ae66f6b31b5ad750f1fe042a706a4e3d4" compoundref="main_8cpp" startline="25" endline="216">main</referencedby>
      </memberdef>
      <memberdef kind="function" id="classfile_1a5eabb45d2518c4ad1391be6d5205cfdf" prot="public" static="no" const="no" explicit="no" inline="no" virt="non-virtual">
        <type><ref refid="status_error_define_8h_1adf0c44f8de9b8e78b0e56caacfa1ac94" kindref="member">statusErrDef</ref></type>
        <definition>statusErrDef file::openFile</definition>
        <argsstring>()</argsstring>
        <name>openFile</name>
        <qualifiedname>file::openFile</qualifiedname>
        <briefdescription>
<para>function to open the telemetry file </para>
        </briefdescription>
        <detaileddescription>
<para><simplesect kind="return"><para>statusErrDef that values errOpenTelemFile when the file open fails. or noError when the function exits successfully. </para>
</simplesect>
</para>
        </detaileddescription>
        <inbodydescription>
        </inbodydescription>
        <location file="C:/Users/Squaria/Documents/openPOWERLINK_V2_CAC/apps/CAC_CN/include/file.h" line="41" column="18" bodyfile="C:/Users/Squaria/Documents/openPOWERLINK_V2_CAC/apps/CAC_CN/src/file.cpp" bodystart="184" bodyend="198"/>
        <references refid="classfile_1a60c20221b3650d600b0e10c300a66faa" compoundref="file_8h" startline="56">dataFile</references>
        <references refid="status_error_define_8h_1adf0c44f8de9b8e78b0e56caacfa1ac94ae7bf9a86fbf981c6e4caf5912790bd4a" compoundref="status_error_define_8h" startline="59">errOpenTelemFile</references>
        <references refid="status_error_define_8h_1adf0c44f8de9b8e78b0e56caacfa1ac94ab22416d928134d1c6c7b2e8d2c31f20b" compoundref="status_error_define_8h" startline="22">noError</references>
        <references refid="classfile_1a483afd9f96538c51735fb686edd2cc25" compoundref="file_8h" startline="52">pathFile</references>
        <referencedby refid="classfile_1ac0354d5b8c38714c335bed66f1a5368c" compoundref="file_8cpp" startline="37" endline="78">initFile</referencedby>
      </memberdef>
      <memberdef kind="function" id="classfile_1a86ce3c36d7e87f24600c8755d8601e7c" prot="public" static="no" const="no" explicit="no" inline="no" virt="non-virtual">
        <type><ref refid="status_error_define_8h_1adf0c44f8de9b8e78b0e56caacfa1ac94" kindref="member">statusErrDef</ref></type>
        <definition>statusErrDef file::closeFile</definition>
        <argsstring>()</argsstring>
        <name>closeFile</name>
        <qualifiedname>file::closeFile</qualifiedname>
        <briefdescription>
<para>function to close the telemetry file </para>
        </briefdescription>
        <detaileddescription>
<para><simplesect kind="return"><para>statusErrDef that values errCloseTelemFile when the file close fails. or noError when the function exits successfully. </para>
</simplesect>
</para>
        </detaileddescription>
        <inbodydescription>
        </inbodydescription>
        <location file="C:/Users/Squaria/Documents/openPOWERLINK_V2_CAC/apps/CAC_CN/include/file.h" line="42" column="18" bodyfile="C:/Users/Squaria/Documents/openPOWERLINK_V2_CAC/apps/CAC_CN/src/file.cpp" bodystart="207" bodyend="220"/>
        <references refid="classfile_1a60c20221b3650d600b0e10c300a66faa" compoundref="file_8h" startline="56">dataFile</references>
        <references refid="status_error_define_8h_1adf0c44f8de9b8e78b0e56caacfa1ac94a2a9edd04aaa6fed4564c1a9018a287f5" compoundref="status_error_define_8h" startline="61">errCloseTelemFile</references>
        <references refid="status_error_define_8h_1adf0c44f8de9b8e78b0e56caacfa1ac94ab22416d928134d1c6c7b2e8d2c31f20b" compoundref="status_error_define_8h" startline="22">noError</references>
        <referencedby refid="main_8cpp_1ae66f6b31b5ad750f1fe042a706a4e3d4" compoundref="main_8cpp" startline="25" endline="216">main</referencedby>
      </memberdef>
      <memberdef kind="function" id="classfile_1a873fcc71c11302b9e65f54f165cc1236" prot="public" static="no" const="no" explicit="no" inline="no" virt="non-virtual">
        <type>void</type>
        <definition>void file::writeTelem</definition>
        <argsstring>(const char *fmt_p,...)</argsstring>
        <name>writeTelem</name>
        <qualifiedname>file::writeTelem</qualifiedname>
        <param>
          <type>const char *</type>
          <declname>fmt_p</declname>
        </param>
        <param>
          <type>...</type>
        </param>
        <briefdescription>
<para>function to write status telemetry into the telemetry file. </para>
        </briefdescription>
        <detaileddescription>
<para><parameterlist kind="param"><parameteritem>
<parameternamelist>
<parametername>fmt_p</parametername>
</parameternamelist>
<parameterdescription>
<para>formated string about the status </para>
</parameterdescription>
</parameteritem>
<parameteritem>
<parameternamelist>
<parametername>...</parametername>
</parameternamelist>
<parameterdescription>
<para>other parameters such as the success code </para>
</parameterdescription>
</parameteritem>
</parameterlist>
</para>
        </detaileddescription>
        <inbodydescription>
        </inbodydescription>
        <location file="C:/Users/Squaria/Documents/openPOWERLINK_V2_CAC/apps/CAC_CN/include/file.h" line="43" column="10" bodyfile="C:/Users/Squaria/Documents/openPOWERLINK_V2_CAC/apps/CAC_CN/src/file.cpp" bodystart="108" bodyend="137"/>
        <references refid="classfile_1a60c20221b3650d600b0e10c300a66faa" compoundref="file_8h" startline="56">dataFile</references>
        <references refid="config_define_8h_1a33e0ce62bb48bae39a3086aa66f18abf" compoundref="config_define_8h" startline="131">EVENTLOG_MAX_LENGTH</references>
        <referencedby refid="main_8cpp_1ae66f6b31b5ad750f1fe042a706a4e3d4" compoundref="main_8cpp" startline="25" endline="216">main</referencedby>
      </memberdef>
      <memberdef kind="function" id="classfile_1af8c8b22309c8efd3fb87a567a74c16b5" prot="public" static="no" const="no" explicit="no" inline="no" virt="non-virtual">
        <type>void</type>
        <definition>void file::writeError</definition>
        <argsstring>(const char *fmt_p=&quot;code_Error:0x%08X&quot;,...)</argsstring>
        <name>writeError</name>
        <qualifiedname>file::writeError</qualifiedname>
        <param>
          <type>const char *</type>
          <declname>fmt_p</declname>
          <defval>&quot;code_Error:0x%08X&quot;</defval>
        </param>
        <param>
          <type>...</type>
        </param>
        <briefdescription>
<para>function to write error telemetry into the telemetry file. </para>
        </briefdescription>
        <detaileddescription>
<para><parameterlist kind="param"><parameteritem>
<parameternamelist>
<parametername>fmt_p</parametername>
</parameternamelist>
<parameterdescription>
<para>formated string about the error </para>
</parameterdescription>
</parameteritem>
<parameteritem>
<parameternamelist>
<parametername>...</parametername>
</parameternamelist>
<parameterdescription>
<para>other parameters such as the error code </para>
</parameterdescription>
</parameteritem>
</parameterlist>
</para>
        </detaileddescription>
        <inbodydescription>
        </inbodydescription>
        <location file="C:/Users/Squaria/Documents/openPOWERLINK_V2_CAC/apps/CAC_CN/include/file.h" line="44" column="10" bodyfile="C:/Users/Squaria/Documents/openPOWERLINK_V2_CAC/apps/CAC_CN/src/file.cpp" bodystart="146" bodyend="175"/>
        <references refid="classfile_1a60c20221b3650d600b0e10c300a66faa" compoundref="file_8h" startline="56">dataFile</references>
        <references refid="config_define_8h_1a33e0ce62bb48bae39a3086aa66f18abf" compoundref="config_define_8h" startline="131">EVENTLOG_MAX_LENGTH</references>
        <referencedby refid="main_8cpp_1ae66f6b31b5ad750f1fe042a706a4e3d4" compoundref="main_8cpp" startline="25" endline="216">main</referencedby>
      </memberdef>
    </sectiondef>
    <briefdescription>
<para>file module class. </para>
    </briefdescription>
    <detaileddescription>
    </detaileddescription>
    <location file="C:/Users/Squaria/Documents/openPOWERLINK_V2_CAC/apps/CAC_CN/include/file.h" line="33" column="1" bodyfile="C:/Users/Squaria/Documents/openPOWERLINK_V2_CAC/apps/CAC_CN/include/file.h" bodystart="34" bodyend="69"/>
    <listofallmembers>
      <member refid="classfile_1a86ce3c36d7e87f24600c8755d8601e7c" prot="public" virt="non-virtual"><scope>file</scope><name>closeFile</name></member>
      <member refid="classfile_1a60c20221b3650d600b0e10c300a66faa" prot="private" virt="non-virtual"><scope>file</scope><name>dataFile</name></member>
      <member refid="classfile_1a22090815b0614f552f2cb2cc8f170572" prot="public" virt="non-virtual"><scope>file</scope><name>file</name></member>
      <member refid="classfile_1abcaf2953711c9b12908a0858523b1265" prot="private" virt="non-virtual"><scope>file</scope><name>hour_minute_second</name></member>
      <member refid="classfile_1ac0354d5b8c38714c335bed66f1a5368c" prot="public" virt="non-virtual"><scope>file</scope><name>initFile</name></member>
      <member refid="classfile_1a32d4e3f75b05cec4881a282bf92617cd" prot="private" virt="non-virtual"><scope>file</scope><name>nameFiles</name></member>
      <member refid="classfile_1a5eabb45d2518c4ad1391be6d5205cfdf" prot="public" virt="non-virtual"><scope>file</scope><name>openFile</name></member>
      <member refid="classfile_1a483afd9f96538c51735fb686edd2cc25" prot="private" virt="non-virtual"><scope>file</scope><name>pathFile</name></member>
      <member refid="classfile_1af0da4dcb7aa1111b0858eca8efc1ec30" prot="public" virt="non-virtual"><scope>file</scope><name>testWriteFile</name></member>
      <member refid="classfile_1af8c8b22309c8efd3fb87a567a74c16b5" prot="public" virt="non-virtual"><scope>file</scope><name>writeError</name></member>
      <member refid="classfile_1a873fcc71c11302b9e65f54f165cc1236" prot="public" virt="non-virtual"><scope>file</scope><name>writeTelem</name></member>
      <member refid="classfile_1a3bca228e2cfb8cd254e4770f8d1f058b" prot="private" virt="non-virtual"><scope>file</scope><name>year_month_day</name></member>
      <member refid="classfile_1a7174566303bcda6dc7d47cc0997c8c42" prot="public" virt="non-virtual"><scope>file</scope><name>~file</name></member>
    </listofallmembers>
  </compounddef>
</doxygen>
