<?xml version='1.0' encoding='UTF-8' standalone='no'?>
<doxygen xmlns:xsi="http://www.w3.org/2001/XMLSchema-instance" xsi:noNamespaceSchemaLocation="compound.xsd" version="1.10.0" xml:lang="en-US">
  <compounddef id="event_opl_8h" kind="file" language="C++">
    <compoundname>eventOpl.h</compoundname>
    <includes local="no">oplk/oplk.h</includes>
    <includes local="no">oplk/debugstr.h</includes>
    <includes local="no">console/console.h</includes>
    <includes local="no">eventlog/eventlog.h</includes>
    <includes local="no">stdio.h</includes>
    <includedby refid="file_8h" local="yes">C:/Users/Squaria/Documents/openPOWERLINK_V2_CAC/apps/CAC_CN/include/file.h</includedby>
    <includedby refid="opl_8h" local="yes">C:/Users/Squaria/Documents/openPOWERLINK_V2_CAC/apps/CAC_CN/include/opl.h</includedby>
    <includedby refid="event_opl_8c" local="yes">C:/Users/Squaria/Documents/openPOWERLINK_V2_CAC/apps/CAC_CN/src/eventOpl.c</includedby>
    <incdepgraph>
      <node id="1">
        <label>C:/Users/Squaria/Documents/openPOWERLINK_V2_CAC/apps/CAC_CN/include/eventOpl.h</label>
        <link refid="event_opl_8h"/>
        <childnode refid="2" relation="include">
        </childnode>
        <childnode refid="3" relation="include">
        </childnode>
        <childnode refid="4" relation="include">
        </childnode>
        <childnode refid="5" relation="include">
        </childnode>
        <childnode refid="6" relation="include">
        </childnode>
      </node>
      <node id="4">
        <label>console/console.h</label>
      </node>
      <node id="5">
        <label>eventlog/eventlog.h</label>
      </node>
      <node id="3">
        <label>oplk/debugstr.h</label>
      </node>
      <node id="2">
        <label>oplk/oplk.h</label>
      </node>
      <node id="6">
        <label>stdio.h</label>
      </node>
    </incdepgraph>
    <invincdepgraph>
      <node id="6">
        <label>C:/Users/Squaria/Documents/openPOWERLINK_V2_CAC/apps/CAC_CN/include/csv.h</label>
        <link refid="csv_8h"/>
        <childnode refid="5" relation="include">
        </childnode>
        <childnode refid="7" relation="include">
        </childnode>
        <childnode refid="8" relation="include">
        </childnode>
        <childnode refid="11" relation="include">
        </childnode>
        <childnode refid="4" relation="include">
        </childnode>
      </node>
      <node id="1">
        <label>C:/Users/Squaria/Documents/openPOWERLINK_V2_CAC/apps/CAC_CN/include/eventOpl.h</label>
        <link refid="event_opl_8h"/>
        <childnode refid="2" relation="include">
        </childnode>
        <childnode refid="5" relation="include">
        </childnode>
        <childnode refid="13" relation="include">
        </childnode>
      </node>
      <node id="2">
        <label>C:/Users/Squaria/Documents/openPOWERLINK_V2_CAC/apps/CAC_CN/include/file.h</label>
        <link refid="file_8h"/>
        <childnode refid="3" relation="include">
        </childnode>
        <childnode refid="4" relation="include">
        </childnode>
      </node>
      <node id="5">
        <label>C:/Users/Squaria/Documents/openPOWERLINK_V2_CAC/apps/CAC_CN/include/opl.h</label>
        <link refid="opl_8h"/>
        <childnode refid="6" relation="include">
        </childnode>
        <childnode refid="4" relation="include">
        </childnode>
        <childnode refid="12" relation="include">
        </childnode>
      </node>
      <node id="7">
        <label>C:/Users/Squaria/Documents/openPOWERLINK_V2_CAC/apps/CAC_CN/include/sensor.h</label>
        <link refid="sensor_8h"/>
        <childnode refid="5" relation="include">
        </childnode>
        <childnode refid="8" relation="include">
        </childnode>
        <childnode refid="4" relation="include">
        </childnode>
        <childnode refid="10" relation="include">
        </childnode>
      </node>
      <node id="8">
        <label>C:/Users/Squaria/Documents/openPOWERLINK_V2_CAC/apps/CAC_CN/include/valve.h</label>
        <link refid="valve_8h"/>
        <childnode refid="5" relation="include">
        </childnode>
        <childnode refid="4" relation="include">
        </childnode>
        <childnode refid="9" relation="include">
        </childnode>
      </node>
      <node id="11">
        <label>C:/Users/Squaria/Documents/openPOWERLINK_V2_CAC/apps/CAC_CN/src/csv.cpp</label>
        <link refid="csv_8cpp"/>
      </node>
      <node id="13">
        <label>C:/Users/Squaria/Documents/openPOWERLINK_V2_CAC/apps/CAC_CN/src/eventOpl.c</label>
        <link refid="event_opl_8c"/>
      </node>
      <node id="3">
        <label>C:/Users/Squaria/Documents/openPOWERLINK_V2_CAC/apps/CAC_CN/src/file.cpp</label>
        <link refid="file_8cpp"/>
      </node>
      <node id="4">
        <label>C:/Users/Squaria/Documents/openPOWERLINK_V2_CAC/apps/CAC_CN/src/main.cpp</label>
        <link refid="main_8cpp"/>
      </node>
      <node id="12">
        <label>C:/Users/Squaria/Documents/openPOWERLINK_V2_CAC/apps/CAC_CN/src/opl.cpp</label>
        <link refid="opl_8cpp"/>
      </node>
      <node id="10">
        <label>C:/Users/Squaria/Documents/openPOWERLINK_V2_CAC/apps/CAC_CN/src/sensor.cpp</label>
        <link refid="sensor_8cpp"/>
      </node>
      <node id="9">
        <label>C:/Users/Squaria/Documents/openPOWERLINK_V2_CAC/apps/CAC_CN/src/valve.cpp</label>
        <link refid="valve_8cpp"/>
      </node>
    </invincdepgraph>
    <sectiondef kind="func">
      <memberdef kind="function" id="event_opl_8h_1aa6211577a11055a43fb577b465ade606" prot="public" static="no" const="no" explicit="no" inline="no" virt="non-virtual">
        <type>void</type>
        <definition>void initEvents</definition>
        <argsstring>(BOOL *pfGsOff_p)</argsstring>
        <name>initEvents</name>
        <param>
          <type>BOOL *</type>
          <declname>pfGsOff_p</declname>
        </param>
        <briefdescription>
<para>Initialize applications event module. </para>
        </briefdescription>
        <detaileddescription>
<para>The function initializes the applications event module</para>
<para><parameterlist kind="param"><parameteritem>
<parameternamelist>
<parametername direction="in">pfGsOff_p</parametername>
</parameternamelist>
<parameterdescription>
<para>Pointer to GsOff flag (determines that stack is down) </para>
</parameterdescription>
</parameteritem>
</parameterlist>
</para>
        </detaileddescription>
        <inbodydescription>
        </inbodydescription>
        <location file="C:/Users/Squaria/Documents/openPOWERLINK_V2_CAC/apps/CAC_CN/include/eventOpl.h" line="69" column="17" bodyfile="C:/Users/Squaria/Documents/openPOWERLINK_V2_CAC/apps/CAC_CN/src/eventOpl.c" bodystart="112" bodyend="115" declfile="C:/Users/Squaria/Documents/openPOWERLINK_V2_CAC/apps/CAC_CN/include/eventOpl.h" declline="69" declcolumn="17"/>
        <references refid="event_opl_8c_1af1a8110ff93ea225db12eeb7512fff71" compoundref="event_opl_8c" startline="64">pfGsOff_l</references>
        <referencedby refid="opl_8cpp_1a670c5cd6fdf306df596560ec23f0cd2f" compoundref="opl_8cpp" startline="248" endline="302">initOPL</referencedby>
      </memberdef>
      <memberdef kind="function" id="event_opl_8h_1ad6f574bee28d3a8f66b5885f365a8df2" prot="public" static="no" const="no" explicit="no" inline="no" virt="non-virtual">
        <type>tOplkError</type>
        <definition>tOplkError processEvents</definition>
        <argsstring>(tOplkApiEventType eventType_p, const tOplkApiEventArg *pEventArg_p, void *pUserArg_p)</argsstring>
        <name>processEvents</name>
        <param>
          <type>tOplkApiEventType</type>
          <declname>eventType_p</declname>
        </param>
        <param>
          <type>const tOplkApiEventArg *</type>
          <declname>pEventArg_p</declname>
        </param>
        <param>
          <type>void *</type>
          <declname>pUserArg_p</declname>
        </param>
        <briefdescription>
<para>Process openPOWERLINK events. </para>
        </briefdescription>
        <detaileddescription>
<para>The function implements the application&apos;s stack event handler.</para>
<para><parameterlist kind="param"><parameteritem>
<parameternamelist>
<parametername direction="in">eventType_p</parametername>
</parameternamelist>
<parameterdescription>
<para>Type of event </para>
</parameterdescription>
</parameteritem>
<parameteritem>
<parameternamelist>
<parametername direction="in">pEventArg_p</parametername>
</parameternamelist>
<parameterdescription>
<para>Pointer to union which describes the event in detail </para>
</parameterdescription>
</parameteritem>
<parameteritem>
<parameternamelist>
<parametername direction="in">pUserArg_p</parametername>
</parameternamelist>
<parameterdescription>
<para>User specific argument</para>
</parameterdescription>
</parameteritem>
</parameterlist>
<simplesect kind="return"><para>The function returns a tOplkError error code. </para>
</simplesect>
</para>
        </detaileddescription>
        <inbodydescription>
        </inbodydescription>
        <location file="C:/Users/Squaria/Documents/openPOWERLINK_V2_CAC/apps/CAC_CN/include/eventOpl.h" line="70" column="17" bodyfile="C:/Users/Squaria/Documents/openPOWERLINK_V2_CAC/apps/CAC_CN/src/eventOpl.c" bodystart="132" bodyend="158" declfile="C:/Users/Squaria/Documents/openPOWERLINK_V2_CAC/apps/CAC_CN/include/eventOpl.h" declline="70" declcolumn="17"/>
        <references refid="event_opl_8c_1a471f0e4af307e5efc3d9e210cbd55bf3" compoundref="event_opl_8c" startline="235" endline="246">processErrorWarningEvent</references>
        <references refid="event_opl_8c_1aa2cf6c59fdc9a28d59a00bc8787eec9d" compoundref="event_opl_8c" startline="261" endline="295">processPdoChangeEvent</references>
        <references refid="event_opl_8c_1a0e1b53cf0cea4698362f22fa97c0ceb4" compoundref="event_opl_8c" startline="178" endline="221">processStateChangeEvent</references>
        <referencedby refid="opl_8cpp_1a730d6cf41b1191a63dae8e8f789e47f0" compoundref="opl_8cpp" startline="325" endline="444">initPowerlink</referencedby>
      </memberdef>
    </sectiondef>
    <briefdescription>
<para>Definitions of the CN demo event handler. </para>
    </briefdescription>
    <detaileddescription>
<para>The file contains the definitions for the CN demo event handler. </para>
    </detaileddescription>
    <programlisting>
<codeline lineno="1"></codeline>
<codeline lineno="10"><highlight class="normal"></highlight><highlight class="comment">/*------------------------------------------------------------------------------</highlight></codeline>
<codeline lineno="11"><highlight class="comment">Copyright<sp/>(c)<sp/>2016,<sp/>B&amp;R<sp/>Industrial<sp/>Automation<sp/>GmbH</highlight></codeline>
<codeline lineno="12"><highlight class="comment">Copyright<sp/>(c)<sp/>2013,<sp/>SYSTEC<sp/>electronic<sp/>GmbH</highlight></codeline>
<codeline lineno="13"><highlight class="comment">Copyright<sp/>(c)<sp/>2013,<sp/>Kalycito<sp/>Infotech<sp/>Private<sp/>Ltd.All<sp/>rights<sp/>reserved.</highlight></codeline>
<codeline lineno="14"><highlight class="comment">All<sp/>rights<sp/>reserved.</highlight></codeline>
<codeline lineno="15"><highlight class="comment"></highlight></codeline>
<codeline lineno="16"><highlight class="comment">Redistribution<sp/>and<sp/>use<sp/>in<sp/>source<sp/>and<sp/>binary<sp/>forms,<sp/>with<sp/>or<sp/>without</highlight></codeline>
<codeline lineno="17"><highlight class="comment">modification,<sp/>are<sp/>permitted<sp/>provided<sp/>that<sp/>the<sp/>following<sp/>conditions<sp/>are<sp/>met:</highlight></codeline>
<codeline lineno="18"><highlight class="comment"><sp/><sp/><sp/><sp/>*<sp/>Redistributions<sp/>of<sp/>source<sp/>code<sp/>must<sp/>retain<sp/>the<sp/>above<sp/>copyright</highlight></codeline>
<codeline lineno="19"><highlight class="comment"><sp/><sp/><sp/><sp/><sp/><sp/>notice,<sp/>this<sp/>list<sp/>of<sp/>conditions<sp/>and<sp/>the<sp/>following<sp/>disclaimer.</highlight></codeline>
<codeline lineno="20"><highlight class="comment"><sp/><sp/><sp/><sp/>*<sp/>Redistributions<sp/>in<sp/>binary<sp/>form<sp/>must<sp/>reproduce<sp/>the<sp/>above<sp/>copyright</highlight></codeline>
<codeline lineno="21"><highlight class="comment"><sp/><sp/><sp/><sp/><sp/><sp/>notice,<sp/>this<sp/>list<sp/>of<sp/>conditions<sp/>and<sp/>the<sp/>following<sp/>disclaimer<sp/>in<sp/>the</highlight></codeline>
<codeline lineno="22"><highlight class="comment"><sp/><sp/><sp/><sp/><sp/><sp/>documentation<sp/>and/or<sp/>other<sp/>materials<sp/>provided<sp/>with<sp/>the<sp/>distribution.</highlight></codeline>
<codeline lineno="23"><highlight class="comment"><sp/><sp/><sp/><sp/>*<sp/>Neither<sp/>the<sp/>name<sp/>of<sp/>the<sp/>copyright<sp/>holders<sp/>nor<sp/>the</highlight></codeline>
<codeline lineno="24"><highlight class="comment"><sp/><sp/><sp/><sp/><sp/><sp/>names<sp/>of<sp/>its<sp/>contributors<sp/>may<sp/>be<sp/>used<sp/>to<sp/>endorse<sp/>or<sp/>promote<sp/>products</highlight></codeline>
<codeline lineno="25"><highlight class="comment"><sp/><sp/><sp/><sp/><sp/><sp/>derived<sp/>from<sp/>this<sp/>software<sp/>without<sp/>specific<sp/>prior<sp/>written<sp/>permission.</highlight></codeline>
<codeline lineno="26"><highlight class="comment"></highlight></codeline>
<codeline lineno="27"><highlight class="comment">THIS<sp/>SOFTWARE<sp/>IS<sp/>PROVIDED<sp/>BY<sp/>THE<sp/>COPYRIGHT<sp/>HOLDERS<sp/>AND<sp/>CONTRIBUTORS<sp/>&quot;AS<sp/>IS&quot;<sp/>AND</highlight></codeline>
<codeline lineno="28"><highlight class="comment">ANY<sp/>EXPRESS<sp/>OR<sp/>IMPLIED<sp/>WARRANTIES,<sp/>INCLUDING,<sp/>BUT<sp/>NOT<sp/>LIMITED<sp/>TO,<sp/>THE<sp/>IMPLIED</highlight></codeline>
<codeline lineno="29"><highlight class="comment">WARRANTIES<sp/>OF<sp/>MERCHANTABILITY<sp/>AND<sp/>FITNESS<sp/>FOR<sp/>A<sp/>PARTICULAR<sp/>PURPOSE<sp/>ARE</highlight></codeline>
<codeline lineno="30"><highlight class="comment">DISCLAIMED.<sp/>IN<sp/>NO<sp/>EVENT<sp/>SHALL<sp/>COPYRIGHT<sp/>HOLDERS<sp/>BE<sp/>LIABLE<sp/>FOR<sp/>ANY</highlight></codeline>
<codeline lineno="31"><highlight class="comment">DIRECT,<sp/>INDIRECT,<sp/>INCIDENTAL,<sp/>SPECIAL,<sp/>EXEMPLARY,<sp/>OR<sp/>CONSEQUENTIAL<sp/>DAMAGES</highlight></codeline>
<codeline lineno="32"><highlight class="comment">(INCLUDING,<sp/>BUT<sp/>NOT<sp/>LIMITED<sp/>TO,<sp/>PROCUREMENT<sp/>OF<sp/>SUBSTITUTE<sp/>GOODS<sp/>OR<sp/>SERVICES;</highlight></codeline>
<codeline lineno="33"><highlight class="comment">LOSS<sp/>OF<sp/>USE,<sp/>DATA,<sp/>OR<sp/>PROFITS;<sp/>OR<sp/>BUSINESS<sp/>INTERRUPTION)<sp/>HOWEVER<sp/>CAUSED<sp/>AND</highlight></codeline>
<codeline lineno="34"><highlight class="comment">ON<sp/>ANY<sp/>THEORY<sp/>OF<sp/>LIABILITY,<sp/>WHETHER<sp/>IN<sp/>CONTRACT,<sp/>STRICT<sp/>LIABILITY,<sp/>OR<sp/>TORT</highlight></codeline>
<codeline lineno="35"><highlight class="comment">(INCLUDING<sp/>NEGLIGENCE<sp/>OR<sp/>OTHERWISE)<sp/>ARISING<sp/>IN<sp/>ANY<sp/>WAY<sp/>OUT<sp/>OF<sp/>THE<sp/>USE<sp/>OF<sp/>THIS</highlight></codeline>
<codeline lineno="36"><highlight class="comment">SOFTWARE,<sp/>EVEN<sp/>IF<sp/>ADVISED<sp/>OF<sp/>THE<sp/>POSSIBILITY<sp/>OF<sp/>SUCH<sp/>DAMAGE.</highlight></codeline>
<codeline lineno="37"><highlight class="comment">------------------------------------------------------------------------------*/</highlight><highlight class="normal"></highlight></codeline>
<codeline lineno="38"><highlight class="normal"></highlight><highlight class="preprocessor">#ifndef<sp/>_INC_demo_event_H_</highlight><highlight class="normal"></highlight></codeline>
<codeline lineno="39"><highlight class="normal"></highlight><highlight class="preprocessor">#define<sp/>_INC_demo_event_H_</highlight><highlight class="normal"></highlight></codeline>
<codeline lineno="40"><highlight class="normal"></highlight></codeline>
<codeline lineno="41"><highlight class="normal"></highlight><highlight class="comment">//------------------------------------------------------------------------------</highlight><highlight class="normal"></highlight></codeline>
<codeline lineno="42"><highlight class="normal"></highlight><highlight class="comment">//<sp/>includes</highlight><highlight class="normal"></highlight></codeline>
<codeline lineno="43"><highlight class="normal"></highlight><highlight class="comment">//------------------------------------------------------------------------------</highlight><highlight class="normal"></highlight></codeline>
<codeline lineno="44"><highlight class="normal"></highlight><highlight class="preprocessor">#include<sp/>&lt;oplk/oplk.h&gt;</highlight><highlight class="normal"></highlight></codeline>
<codeline lineno="45"><highlight class="normal"></highlight></codeline>
<codeline lineno="46"><highlight class="normal"></highlight><highlight class="preprocessor">#include<sp/>&lt;oplk/debugstr.h&gt;</highlight><highlight class="normal"></highlight></codeline>
<codeline lineno="47"><highlight class="normal"></highlight><highlight class="preprocessor">#include<sp/>&lt;console/console.h&gt;</highlight><highlight class="normal"></highlight></codeline>
<codeline lineno="48"><highlight class="normal"></highlight><highlight class="preprocessor">#include<sp/>&lt;eventlog/eventlog.h&gt;</highlight><highlight class="normal"></highlight></codeline>
<codeline lineno="49"><highlight class="normal"></highlight></codeline>
<codeline lineno="50"><highlight class="normal"></highlight><highlight class="preprocessor">#include<sp/>&lt;stdio.h&gt;</highlight><highlight class="normal"></highlight></codeline>
<codeline lineno="51"><highlight class="normal"></highlight></codeline>
<codeline lineno="52"><highlight class="normal"></highlight><highlight class="comment">//------------------------------------------------------------------------------</highlight><highlight class="normal"></highlight></codeline>
<codeline lineno="53"><highlight class="normal"></highlight><highlight class="comment">//<sp/>const<sp/>defines</highlight><highlight class="normal"></highlight></codeline>
<codeline lineno="54"><highlight class="normal"></highlight><highlight class="comment">//------------------------------------------------------------------------------</highlight><highlight class="normal"></highlight></codeline>
<codeline lineno="55"><highlight class="normal"></highlight></codeline>
<codeline lineno="56"><highlight class="normal"></highlight><highlight class="comment">//------------------------------------------------------------------------------</highlight><highlight class="normal"></highlight></codeline>
<codeline lineno="57"><highlight class="normal"></highlight><highlight class="comment">//<sp/>typedef</highlight><highlight class="normal"></highlight></codeline>
<codeline lineno="58"><highlight class="normal"></highlight><highlight class="comment">//------------------------------------------------------------------------------</highlight><highlight class="normal"></highlight></codeline>
<codeline lineno="59"><highlight class="normal"></highlight></codeline>
<codeline lineno="60"><highlight class="normal"></highlight><highlight class="comment">//------------------------------------------------------------------------------</highlight><highlight class="normal"></highlight></codeline>
<codeline lineno="61"><highlight class="normal"></highlight><highlight class="comment">//<sp/>function<sp/>prototypes</highlight><highlight class="normal"></highlight></codeline>
<codeline lineno="62"><highlight class="normal"></highlight><highlight class="comment">//------------------------------------------------------------------------------</highlight><highlight class="normal"></highlight></codeline>
<codeline lineno="63"><highlight class="normal"></highlight></codeline>
<codeline lineno="64"><highlight class="normal"></highlight><highlight class="preprocessor">#ifdef<sp/>__cplusplus</highlight><highlight class="normal"></highlight></codeline>
<codeline lineno="65"><highlight class="normal"></highlight><highlight class="keyword">extern</highlight><highlight class="normal"><sp/></highlight><highlight class="stringliteral">&quot;C&quot;</highlight><highlight class="normal"></highlight></codeline>
<codeline lineno="66"><highlight class="normal">{</highlight></codeline>
<codeline lineno="67"><highlight class="normal"></highlight><highlight class="preprocessor">#endif</highlight><highlight class="normal"></highlight></codeline>
<codeline lineno="68"><highlight class="normal"></highlight></codeline>
<codeline lineno="69"><highlight class="normal"><sp/><sp/><sp/><sp/></highlight><highlight class="keywordtype">void</highlight><highlight class="normal"><sp/><sp/><sp/><sp/><sp/><sp/><sp/><sp/><ref refid="event_opl_8h_1aa6211577a11055a43fb577b465ade606" kindref="member">initEvents</ref>(BOOL*<sp/>pfGsOff_p);</highlight></codeline>
<codeline lineno="70"><highlight class="normal"><sp/><sp/><sp/><sp/>tOplkError<sp/><sp/><ref refid="event_opl_8h_1ad6f574bee28d3a8f66b5885f365a8df2" kindref="member">processEvents</ref>(tOplkApiEventType<sp/>eventType_p,</highlight></codeline>
<codeline lineno="71"><highlight class="normal"><sp/><sp/><sp/><sp/><sp/><sp/><sp/><sp/></highlight><highlight class="keyword">const</highlight><highlight class="normal"><sp/>tOplkApiEventArg*<sp/>pEventArg_p,</highlight></codeline>
<codeline lineno="72"><highlight class="normal"><sp/><sp/><sp/><sp/><sp/><sp/><sp/><sp/></highlight><highlight class="keywordtype">void</highlight><highlight class="normal">*<sp/>pUserArg_p);</highlight></codeline>
<codeline lineno="73"><highlight class="normal"></highlight></codeline>
<codeline lineno="74"><highlight class="normal"></highlight><highlight class="preprocessor">#ifdef<sp/>__cplusplus</highlight><highlight class="normal"></highlight></codeline>
<codeline lineno="75"><highlight class="normal">}</highlight></codeline>
<codeline lineno="76"><highlight class="normal"></highlight><highlight class="preprocessor">#endif</highlight><highlight class="normal"></highlight></codeline>
<codeline lineno="77"><highlight class="normal"></highlight></codeline>
<codeline lineno="78"><highlight class="normal"></highlight><highlight class="preprocessor">#endif<sp/></highlight><highlight class="comment">/*<sp/>_INC_demo_event_H_<sp/>*/</highlight><highlight class="preprocessor"></highlight></codeline>
    </programlisting>
    <location file="C:/Users/Squaria/Documents/openPOWERLINK_V2_CAC/apps/CAC_CN/include/eventOpl.h"/>
  </compounddef>
</doxygen>
