<?xml version='1.0' encoding='UTF-8' standalone='no'?>
<doxygen xmlns:xsi="http://www.w3.org/2001/XMLSchema-instance" xsi:noNamespaceSchemaLocation="compound.xsd" version="1.10.0" xml:lang="en-US">
  <compounddef id="event_opl_8c" kind="file" language="C++">
    <compoundname>eventOpl.c</compoundname>
    <includes refid="event_opl_8h" local="yes">eventOpl.h</includes>
    <includes local="no">oplk/oplk.h</includes>
    <includes local="no">oplk/debugstr.h</includes>
    <includes local="no">console/console.h</includes>
    <includes local="no">eventlog/eventlog.h</includes>
    <includes local="no">stdio.h</includes>
    <incdepgraph>
      <node id="2">
        <label>eventOpl.h</label>
        <link refid="event_opl_8h"/>
        <childnode refid="3" relation="include">
        </childnode>
        <childnode refid="4" relation="include">
        </childnode>
        <childnode refid="5" relation="include">
        </childnode>
        <childnode refid="6" relation="include">
        </childnode>
        <childnode refid="7" relation="include">
        </childnode>
      </node>
      <node id="1">
        <label>C:/Users/Squaria/Documents/openPOWERLINK_V2_CAC/apps/CAC_CN/src/eventOpl.c</label>
        <link refid="event_opl_8c"/>
        <childnode refid="2" relation="include">
        </childnode>
        <childnode refid="3" relation="include">
        </childnode>
        <childnode refid="4" relation="include">
        </childnode>
        <childnode refid="5" relation="include">
        </childnode>
        <childnode refid="6" relation="include">
        </childnode>
        <childnode refid="7" relation="include">
        </childnode>
      </node>
      <node id="5">
        <label>console/console.h</label>
      </node>
      <node id="6">
        <label>eventlog/eventlog.h</label>
      </node>
      <node id="4">
        <label>oplk/debugstr.h</label>
      </node>
      <node id="3">
        <label>oplk/oplk.h</label>
      </node>
      <node id="7">
        <label>stdio.h</label>
      </node>
    </incdepgraph>
    <sectiondef kind="user-defined">
      <header>Private Functions</header>
      <memberdef kind="function" id="event_opl_8c_1a0e1b53cf0cea4698362f22fa97c0ceb4" prot="public" static="yes" const="no" explicit="no" inline="no" virt="non-virtual">
        <type>tOplkError</type>
        <definition>static tOplkError processStateChangeEvent</definition>
        <argsstring>(const tEventNmtStateChange *pNmtStateChange_p, void *pUserArg_p)</argsstring>
        <name>processStateChangeEvent</name>
        <param>
          <type>const tEventNmtStateChange *</type>
          <declname>pNmtStateChange_p</declname>
        </param>
        <param>
          <type>void *</type>
          <declname>pUserArg_p</declname>
        </param>
        <briefdescription>
<para>Process state change events. </para>
        </briefdescription>
        <detaileddescription>
<para>The function processes state change events.</para>
<para><parameterlist kind="param"><parameteritem>
<parameternamelist>
<parametername direction="in">pNmtStateChange_p</parametername>
</parameternamelist>
<parameterdescription>
<para>Pointer to the state change event structure </para>
</parameterdescription>
</parameteritem>
<parameteritem>
<parameternamelist>
<parametername direction="in">pUserArg_p</parametername>
</parameternamelist>
<parameterdescription>
<para>User specific argument</para>
</parameterdescription>
</parameteritem>
</parameterlist>
<simplesect kind="return"><para>The function returns a tOplkError error code. </para>
</simplesect>
</para>
        </detaileddescription>
        <inbodydescription>
        </inbodydescription>
        <location file="C:/Users/Squaria/Documents/openPOWERLINK_V2_CAC/apps/CAC_CN/src/eventOpl.c" line="175" column="19" bodyfile="C:/Users/Squaria/Documents/openPOWERLINK_V2_CAC/apps/CAC_CN/src/eventOpl.c" bodystart="175" bodyend="218" declfile="C:/Users/Squaria/Documents/openPOWERLINK_V2_CAC/apps/CAC_CN/src/eventOpl.c" declline="88" declcolumn="19"/>
        <references refid="event_opl_8c_1af1a8110ff93ea225db12eeb7512fff71" compoundref="event_opl_8c" startline="63">pfGsOff_l</references>
        <referencedby refid="event_opl_8c_1ad6f574bee28d3a8f66b5885f365a8df2" compoundref="event_opl_8c" startline="129" endline="155">processEvents</referencedby>
      </memberdef>
      <memberdef kind="function" id="event_opl_8c_1a471f0e4af307e5efc3d9e210cbd55bf3" prot="public" static="yes" const="no" explicit="no" inline="no" virt="non-virtual">
        <type>tOplkError</type>
        <definition>static tOplkError processErrorWarningEvent</definition>
        <argsstring>(const tEventError *pInternalError_p, void *pUserArg_p)</argsstring>
        <name>processErrorWarningEvent</name>
        <param>
          <type>const tEventError *</type>
          <declname>pInternalError_p</declname>
        </param>
        <param>
          <type>void *</type>
          <declname>pUserArg_p</declname>
        </param>
        <briefdescription>
<para>Process error and warning events. </para>
        </briefdescription>
        <detaileddescription>
<para>The function processes error and warning events.</para>
<para><parameterlist kind="param"><parameteritem>
<parameternamelist>
<parametername direction="in">pInternalError_p</parametername>
</parameternamelist>
<parameterdescription>
<para>Pointer to the internal error structure </para>
</parameterdescription>
</parameteritem>
<parameteritem>
<parameternamelist>
<parametername direction="in">pUserArg_p</parametername>
</parameternamelist>
<parameterdescription>
<para>User specific argument</para>
</parameterdescription>
</parameteritem>
</parameterlist>
<simplesect kind="return"><para>The function returns a tOplkError error code. </para>
</simplesect>
</para>
        </detaileddescription>
        <inbodydescription>
        </inbodydescription>
        <location file="C:/Users/Squaria/Documents/openPOWERLINK_V2_CAC/apps/CAC_CN/src/eventOpl.c" line="232" column="19" bodyfile="C:/Users/Squaria/Documents/openPOWERLINK_V2_CAC/apps/CAC_CN/src/eventOpl.c" bodystart="232" bodyend="243" declfile="C:/Users/Squaria/Documents/openPOWERLINK_V2_CAC/apps/CAC_CN/src/eventOpl.c" declline="90" declcolumn="19"/>
        <referencedby refid="event_opl_8c_1ad6f574bee28d3a8f66b5885f365a8df2" compoundref="event_opl_8c" startline="129" endline="155">processEvents</referencedby>
      </memberdef>
      <memberdef kind="function" id="event_opl_8c_1aa2cf6c59fdc9a28d59a00bc8787eec9d" prot="public" static="yes" const="no" explicit="no" inline="no" virt="non-virtual">
        <type>tOplkError</type>
        <definition>static tOplkError processPdoChangeEvent</definition>
        <argsstring>(const tOplkApiEventPdoChange *pPdoChange_p, void *pUserArg_p)</argsstring>
        <name>processPdoChangeEvent</name>
        <param>
          <type>const tOplkApiEventPdoChange *</type>
          <declname>pPdoChange_p</declname>
        </param>
        <param>
          <type>void *</type>
          <declname>pUserArg_p</declname>
        </param>
        <briefdescription>
<para>Process PDO change events. </para>
        </briefdescription>
        <detaileddescription>
<para>The function processes PDO change events.</para>
<para><parameterlist kind="param"><parameteritem>
<parameternamelist>
<parametername direction="in">pPdoChange_p</parametername>
</parameternamelist>
<parameterdescription>
<para>Pointer to the PDO change event structure </para>
</parameterdescription>
</parameteritem>
<parameteritem>
<parameternamelist>
<parametername direction="in">pUserArg_p</parametername>
</parameternamelist>
<parameterdescription>
<para>User specific argument</para>
</parameterdescription>
</parameteritem>
</parameterlist>
<simplesect kind="return"><para>The function returns a tOplkError error code. </para>
</simplesect>
</para>
        </detaileddescription>
        <inbodydescription>
        </inbodydescription>
        <location file="C:/Users/Squaria/Documents/openPOWERLINK_V2_CAC/apps/CAC_CN/src/eventOpl.c" line="258" column="19" bodyfile="C:/Users/Squaria/Documents/openPOWERLINK_V2_CAC/apps/CAC_CN/src/eventOpl.c" bodystart="258" bodyend="292" declfile="C:/Users/Squaria/Documents/openPOWERLINK_V2_CAC/apps/CAC_CN/src/eventOpl.c" declline="92" declcolumn="19"/>
        <referencedby refid="event_opl_8c_1ad6f574bee28d3a8f66b5885f365a8df2" compoundref="event_opl_8c" startline="129" endline="155">processEvents</referencedby>
      </memberdef>
    </sectiondef>
    <sectiondef kind="var">
      <memberdef kind="variable" id="event_opl_8c_1af1a8110ff93ea225db12eeb7512fff71" prot="public" static="yes" mutable="no">
        <type>BOOL *</type>
        <definition>BOOL* pfGsOff_l</definition>
        <argsstring></argsstring>
        <name>pfGsOff_l</name>
        <briefdescription>
        </briefdescription>
        <detaileddescription>
        </detaileddescription>
        <inbodydescription>
        </inbodydescription>
        <location file="C:/Users/Squaria/Documents/openPOWERLINK_V2_CAC/apps/CAC_CN/src/eventOpl.c" line="63" column="13" bodyfile="C:/Users/Squaria/Documents/openPOWERLINK_V2_CAC/apps/CAC_CN/src/eventOpl.c" bodystart="63" bodyend="-1"/>
        <referencedby refid="event_opl_8c_1aa6211577a11055a43fb577b465ade606" compoundref="event_opl_8c" startline="110" endline="113">initEvents</referencedby>
        <referencedby refid="event_opl_8c_1a0e1b53cf0cea4698362f22fa97c0ceb4" compoundref="event_opl_8c" startline="175" endline="218">processStateChangeEvent</referencedby>
      </memberdef>
    </sectiondef>
    <sectiondef kind="func">
      <memberdef kind="function" id="event_opl_8c_1aa6211577a11055a43fb577b465ade606" prot="public" static="no" const="no" explicit="no" inline="no" virt="non-virtual">
        <type>void</type>
        <definition>void initEvents</definition>
        <argsstring>(BOOL *pfGsOff_p)</argsstring>
        <name>initEvents</name>
        <param>
          <type>BOOL *</type>
          <declname>pfGsOff_p</declname>
        </param>
        <briefdescription>
<para>Initialize applications event module. </para>
        </briefdescription>
        <detaileddescription>
<para>The function initializes the applications event module</para>
<para><parameterlist kind="param"><parameteritem>
<parameternamelist>
<parametername direction="in">pfGsOff_p</parametername>
</parameternamelist>
<parameterdescription>
<para>Pointer to GsOff flag (determines that stack is down) </para>
</parameterdescription>
</parameteritem>
</parameterlist>
</para>
        </detaileddescription>
        <inbodydescription>
        </inbodydescription>
        <location file="C:/Users/Squaria/Documents/openPOWERLINK_V2_CAC/apps/CAC_CN/src/eventOpl.c" line="110" column="6" bodyfile="C:/Users/Squaria/Documents/openPOWERLINK_V2_CAC/apps/CAC_CN/src/eventOpl.c" bodystart="110" bodyend="113"/>
        <references refid="event_opl_8c_1af1a8110ff93ea225db12eeb7512fff71" compoundref="event_opl_8c" startline="63">pfGsOff_l</references>
        <referencedby refid="opl_8cpp_1a670c5cd6fdf306df596560ec23f0cd2f" compoundref="opl_8cpp" startline="321" endline="384">initOPL</referencedby>
      </memberdef>
      <memberdef kind="function" id="event_opl_8c_1ad6f574bee28d3a8f66b5885f365a8df2" prot="public" static="no" const="no" explicit="no" inline="no" virt="non-virtual">
        <type>tOplkError</type>
        <definition>tOplkError processEvents</definition>
        <argsstring>(tOplkApiEventType eventType_p, const tOplkApiEventArg *pEventArg_p, void *pUserArg_p)</argsstring>
        <name>processEvents</name>
        <param>
          <type>tOplkApiEventType</type>
          <declname>eventType_p</declname>
        </param>
        <param>
          <type>const tOplkApiEventArg *</type>
          <declname>pEventArg_p</declname>
        </param>
        <param>
          <type>void *</type>
          <declname>pUserArg_p</declname>
        </param>
        <briefdescription>
<para>Process openPOWERLINK events. </para>
        </briefdescription>
        <detaileddescription>
<para>The function implements the application&apos;s stack event handler.</para>
<para><parameterlist kind="param"><parameteritem>
<parameternamelist>
<parametername direction="in">eventType_p</parametername>
</parameternamelist>
<parameterdescription>
<para>Type of event </para>
</parameterdescription>
</parameteritem>
<parameteritem>
<parameternamelist>
<parametername direction="in">pEventArg_p</parametername>
</parameternamelist>
<parameterdescription>
<para>Pointer to union which describes the event in detail </para>
</parameterdescription>
</parameteritem>
<parameteritem>
<parameternamelist>
<parametername direction="in">pUserArg_p</parametername>
</parameternamelist>
<parameterdescription>
<para>User specific argument</para>
</parameterdescription>
</parameteritem>
</parameterlist>
<simplesect kind="return"><para>The function returns a tOplkError error code. </para>
</simplesect>
</para>
        </detaileddescription>
        <inbodydescription>
        </inbodydescription>
        <location file="C:/Users/Squaria/Documents/openPOWERLINK_V2_CAC/apps/CAC_CN/src/eventOpl.c" line="129" column="12" bodyfile="C:/Users/Squaria/Documents/openPOWERLINK_V2_CAC/apps/CAC_CN/src/eventOpl.c" bodystart="129" bodyend="155"/>
        <references refid="event_opl_8c_1a471f0e4af307e5efc3d9e210cbd55bf3" compoundref="event_opl_8c" startline="232" endline="243">processErrorWarningEvent</references>
        <references refid="event_opl_8c_1aa2cf6c59fdc9a28d59a00bc8787eec9d" compoundref="event_opl_8c" startline="258" endline="292">processPdoChangeEvent</references>
        <references refid="event_opl_8c_1a0e1b53cf0cea4698362f22fa97c0ceb4" compoundref="event_opl_8c" startline="175" endline="218">processStateChangeEvent</references>
        <referencedby refid="opl_8cpp_1a730d6cf41b1191a63dae8e8f789e47f0" compoundref="opl_8cpp" startline="407" endline="527">initPowerlink</referencedby>
      </memberdef>
    </sectiondef>
    <briefdescription>
<para>CN application event handler. </para>
    </briefdescription>
    <detaileddescription>
<para>This file contains a demo CN application event handler. </para>
    </detaileddescription>
    <programlisting>
<codeline lineno="1"></codeline>
<codeline lineno="11"><highlight class="normal"></highlight><highlight class="comment">/*------------------------------------------------------------------------------</highlight></codeline>
<codeline lineno="12"><highlight class="comment">Copyright<sp/>(c)<sp/>2017,<sp/>B&amp;R<sp/>Industrial<sp/>Automation<sp/>GmbH</highlight></codeline>
<codeline lineno="13"><highlight class="comment">Copyright<sp/>(c)<sp/>2013,<sp/>SYSTEC<sp/>electronic<sp/>GmbH</highlight></codeline>
<codeline lineno="14"><highlight class="comment">Copyright<sp/>(c)<sp/>2013,<sp/>Kalycito<sp/>Infotech<sp/>Private<sp/>Ltd.All<sp/>rights<sp/>reserved.</highlight></codeline>
<codeline lineno="15"><highlight class="comment">All<sp/>rights<sp/>reserved.</highlight></codeline>
<codeline lineno="16"><highlight class="comment"></highlight></codeline>
<codeline lineno="17"><highlight class="comment">Redistribution<sp/>and<sp/>use<sp/>in<sp/>source<sp/>and<sp/>binary<sp/>forms,<sp/>with<sp/>or<sp/>without</highlight></codeline>
<codeline lineno="18"><highlight class="comment">modification,<sp/>are<sp/>permitted<sp/>provided<sp/>that<sp/>the<sp/>following<sp/>conditions<sp/>are<sp/>met:</highlight></codeline>
<codeline lineno="19"><highlight class="comment"><sp/><sp/><sp/><sp/>*<sp/>Redistributions<sp/>of<sp/>source<sp/>code<sp/>must<sp/>retain<sp/>the<sp/>above<sp/>copyright</highlight></codeline>
<codeline lineno="20"><highlight class="comment"><sp/><sp/><sp/><sp/><sp/><sp/>notice,<sp/>this<sp/>list<sp/>of<sp/>conditions<sp/>and<sp/>the<sp/>following<sp/>disclaimer.</highlight></codeline>
<codeline lineno="21"><highlight class="comment"><sp/><sp/><sp/><sp/>*<sp/>Redistributions<sp/>in<sp/>binary<sp/>form<sp/>must<sp/>reproduce<sp/>the<sp/>above<sp/>copyright</highlight></codeline>
<codeline lineno="22"><highlight class="comment"><sp/><sp/><sp/><sp/><sp/><sp/>notice,<sp/>this<sp/>list<sp/>of<sp/>conditions<sp/>and<sp/>the<sp/>following<sp/>disclaimer<sp/>in<sp/>the</highlight></codeline>
<codeline lineno="23"><highlight class="comment"><sp/><sp/><sp/><sp/><sp/><sp/>documentation<sp/>and/or<sp/>other<sp/>materials<sp/>provided<sp/>with<sp/>the<sp/>distribution.</highlight></codeline>
<codeline lineno="24"><highlight class="comment"><sp/><sp/><sp/><sp/>*<sp/>Neither<sp/>the<sp/>name<sp/>of<sp/>the<sp/>copyright<sp/>holders<sp/>nor<sp/>the</highlight></codeline>
<codeline lineno="25"><highlight class="comment"><sp/><sp/><sp/><sp/><sp/><sp/>names<sp/>of<sp/>its<sp/>contributors<sp/>may<sp/>be<sp/>used<sp/>to<sp/>endorse<sp/>or<sp/>promote<sp/>products</highlight></codeline>
<codeline lineno="26"><highlight class="comment"><sp/><sp/><sp/><sp/><sp/><sp/>derived<sp/>from<sp/>this<sp/>software<sp/>without<sp/>specific<sp/>prior<sp/>written<sp/>permission.</highlight></codeline>
<codeline lineno="27"><highlight class="comment"></highlight></codeline>
<codeline lineno="28"><highlight class="comment">THIS<sp/>SOFTWARE<sp/>IS<sp/>PROVIDED<sp/>BY<sp/>THE<sp/>COPYRIGHT<sp/>HOLDERS<sp/>AND<sp/>CONTRIBUTORS<sp/>&quot;AS<sp/>IS&quot;<sp/>AND</highlight></codeline>
<codeline lineno="29"><highlight class="comment">ANY<sp/>EXPRESS<sp/>OR<sp/>IMPLIED<sp/>WARRANTIES,<sp/>INCLUDING,<sp/>BUT<sp/>NOT<sp/>LIMITED<sp/>TO,<sp/>THE<sp/>IMPLIED</highlight></codeline>
<codeline lineno="30"><highlight class="comment">WARRANTIES<sp/>OF<sp/>MERCHANTABILITY<sp/>AND<sp/>FITNESS<sp/>FOR<sp/>A<sp/>PARTICULAR<sp/>PURPOSE<sp/>ARE</highlight></codeline>
<codeline lineno="31"><highlight class="comment">DISCLAIMED.<sp/>IN<sp/>NO<sp/>EVENT<sp/>SHALL<sp/>COPYRIGHT<sp/>HOLDERS<sp/>BE<sp/>LIABLE<sp/>FOR<sp/>ANY</highlight></codeline>
<codeline lineno="32"><highlight class="comment">DIRECT,<sp/>INDIRECT,<sp/>INCIDENTAL,<sp/>SPECIAL,<sp/>EXEMPLARY,<sp/>OR<sp/>CONSEQUENTIAL<sp/>DAMAGES</highlight></codeline>
<codeline lineno="33"><highlight class="comment">(INCLUDING,<sp/>BUT<sp/>NOT<sp/>LIMITED<sp/>TO,<sp/>PROCUREMENT<sp/>OF<sp/>SUBSTITUTE<sp/>GOODS<sp/>OR<sp/>SERVICES;</highlight></codeline>
<codeline lineno="34"><highlight class="comment">LOSS<sp/>OF<sp/>USE,<sp/>DATA,<sp/>OR<sp/>PROFITS;<sp/>OR<sp/>BUSINESS<sp/>INTERRUPTION)<sp/>HOWEVER<sp/>CAUSED<sp/>AND</highlight></codeline>
<codeline lineno="35"><highlight class="comment">ON<sp/>ANY<sp/>THEORY<sp/>OF<sp/>LIABILITY,<sp/>WHETHER<sp/>IN<sp/>CONTRACT,<sp/>STRICT<sp/>LIABILITY,<sp/>OR<sp/>TORT</highlight></codeline>
<codeline lineno="36"><highlight class="comment">(INCLUDING<sp/>NEGLIGENCE<sp/>OR<sp/>OTHERWISE)<sp/>ARISING<sp/>IN<sp/>ANY<sp/>WAY<sp/>OUT<sp/>OF<sp/>THE<sp/>USE<sp/>OF<sp/>THIS</highlight></codeline>
<codeline lineno="37"><highlight class="comment">SOFTWARE,<sp/>EVEN<sp/>IF<sp/>ADVISED<sp/>OF<sp/>THE<sp/>POSSIBILITY<sp/>OF<sp/>SUCH<sp/>DAMAGE.</highlight></codeline>
<codeline lineno="38"><highlight class="comment">------------------------------------------------------------------------------*/</highlight><highlight class="normal"></highlight></codeline>
<codeline lineno="39"><highlight class="normal"></highlight></codeline>
<codeline lineno="40"><highlight class="normal"></highlight><highlight class="comment">//------------------------------------------------------------------------------</highlight><highlight class="normal"></highlight></codeline>
<codeline lineno="41"><highlight class="normal"></highlight><highlight class="comment">//<sp/>includes</highlight><highlight class="normal"></highlight></codeline>
<codeline lineno="42"><highlight class="normal"></highlight><highlight class="comment">//------------------------------------------------------------------------------</highlight><highlight class="normal"></highlight></codeline>
<codeline lineno="43"><highlight class="normal"></highlight><highlight class="preprocessor">#include<sp/>&quot;<ref refid="event_opl_8h" kindref="compound">eventOpl.h</ref>&quot;</highlight><highlight class="normal"></highlight></codeline>
<codeline lineno="44"><highlight class="normal"></highlight></codeline>
<codeline lineno="45"><highlight class="normal"></highlight><highlight class="preprocessor">#include<sp/>&lt;oplk/oplk.h&gt;</highlight><highlight class="normal"></highlight></codeline>
<codeline lineno="46"><highlight class="normal"></highlight><highlight class="preprocessor">#include<sp/>&lt;oplk/debugstr.h&gt;</highlight><highlight class="normal"></highlight></codeline>
<codeline lineno="47"><highlight class="normal"></highlight><highlight class="preprocessor">#include<sp/>&lt;console/console.h&gt;</highlight><highlight class="normal"></highlight></codeline>
<codeline lineno="48"><highlight class="normal"></highlight><highlight class="preprocessor">#include<sp/>&lt;eventlog/eventlog.h&gt;</highlight><highlight class="normal"></highlight></codeline>
<codeline lineno="49"><highlight class="normal"></highlight></codeline>
<codeline lineno="50"><highlight class="normal"></highlight><highlight class="preprocessor">#include<sp/>&lt;stdio.h&gt;</highlight><highlight class="normal"></highlight></codeline>
<codeline lineno="51"><highlight class="normal"></highlight></codeline>
<codeline lineno="52"><highlight class="normal"></highlight><highlight class="comment">//============================================================================//</highlight><highlight class="normal"></highlight></codeline>
<codeline lineno="53"><highlight class="normal"></highlight><highlight class="comment">//<sp/><sp/><sp/><sp/><sp/><sp/><sp/><sp/><sp/><sp/><sp/><sp/>G<sp/>L<sp/>O<sp/>B<sp/>A<sp/>L<sp/><sp/><sp/>D<sp/>E<sp/>F<sp/>I<sp/>N<sp/>I<sp/>T<sp/>I<sp/>O<sp/>N<sp/>S<sp/><sp/><sp/><sp/><sp/><sp/><sp/><sp/><sp/><sp/><sp/><sp/><sp/><sp/><sp/><sp/><sp/><sp/><sp/><sp/><sp/><sp/><sp/><sp/><sp/><sp/><sp/><sp/><sp/>//</highlight><highlight class="normal"></highlight></codeline>
<codeline lineno="54"><highlight class="normal"></highlight><highlight class="comment">//============================================================================//</highlight><highlight class="normal"></highlight></codeline>
<codeline lineno="55"><highlight class="normal"></highlight></codeline>
<codeline lineno="56"><highlight class="normal"></highlight><highlight class="comment">//------------------------------------------------------------------------------</highlight><highlight class="normal"></highlight></codeline>
<codeline lineno="57"><highlight class="normal"></highlight><highlight class="comment">//<sp/>const<sp/>defines</highlight><highlight class="normal"></highlight></codeline>
<codeline lineno="58"><highlight class="normal"></highlight><highlight class="comment">//------------------------------------------------------------------------------</highlight><highlight class="normal"></highlight></codeline>
<codeline lineno="59"><highlight class="normal"></highlight></codeline>
<codeline lineno="60"><highlight class="normal"></highlight><highlight class="comment">//------------------------------------------------------------------------------</highlight><highlight class="normal"></highlight></codeline>
<codeline lineno="61"><highlight class="normal"></highlight><highlight class="comment">//<sp/>module<sp/>global<sp/>vars</highlight><highlight class="normal"></highlight></codeline>
<codeline lineno="62"><highlight class="normal"></highlight><highlight class="comment">//------------------------------------------------------------------------------</highlight><highlight class="normal"></highlight></codeline>
<codeline lineno="63" refid="event_opl_8c_1af1a8110ff93ea225db12eeb7512fff71" refkind="member"><highlight class="normal"></highlight><highlight class="keyword">static</highlight><highlight class="normal"><sp/>BOOL*<sp/><ref refid="event_opl_8c_1af1a8110ff93ea225db12eeb7512fff71" kindref="member">pfGsOff_l</ref>;</highlight></codeline>
<codeline lineno="64"><highlight class="normal"></highlight></codeline>
<codeline lineno="65"><highlight class="normal"></highlight><highlight class="comment">//------------------------------------------------------------------------------</highlight><highlight class="normal"></highlight></codeline>
<codeline lineno="66"><highlight class="normal"></highlight><highlight class="comment">//<sp/>global<sp/>function<sp/>prototypes</highlight><highlight class="normal"></highlight></codeline>
<codeline lineno="67"><highlight class="normal"></highlight><highlight class="comment">//------------------------------------------------------------------------------</highlight><highlight class="normal"></highlight></codeline>
<codeline lineno="68"><highlight class="normal"></highlight></codeline>
<codeline lineno="69"><highlight class="normal"></highlight><highlight class="comment">//============================================================================//</highlight><highlight class="normal"></highlight></codeline>
<codeline lineno="70"><highlight class="normal"></highlight><highlight class="comment">//<sp/><sp/><sp/><sp/><sp/><sp/><sp/><sp/><sp/><sp/><sp/><sp/>P<sp/>R<sp/>I<sp/>V<sp/>A<sp/>T<sp/>E<sp/><sp/><sp/>D<sp/>E<sp/>F<sp/>I<sp/>N<sp/>I<sp/>T<sp/>I<sp/>O<sp/>N<sp/>S<sp/><sp/><sp/><sp/><sp/><sp/><sp/><sp/><sp/><sp/><sp/><sp/><sp/><sp/><sp/><sp/><sp/><sp/><sp/><sp/><sp/><sp/><sp/><sp/><sp/><sp/><sp/>//</highlight><highlight class="normal"></highlight></codeline>
<codeline lineno="71"><highlight class="normal"></highlight><highlight class="comment">//============================================================================//</highlight><highlight class="normal"></highlight></codeline>
<codeline lineno="72"><highlight class="normal"></highlight></codeline>
<codeline lineno="73"><highlight class="normal"></highlight><highlight class="comment">//------------------------------------------------------------------------------</highlight><highlight class="normal"></highlight></codeline>
<codeline lineno="74"><highlight class="normal"></highlight><highlight class="comment">//<sp/>const<sp/>defines</highlight><highlight class="normal"></highlight></codeline>
<codeline lineno="75"><highlight class="normal"></highlight><highlight class="comment">//------------------------------------------------------------------------------</highlight><highlight class="normal"></highlight></codeline>
<codeline lineno="76"><highlight class="normal"></highlight></codeline>
<codeline lineno="77"><highlight class="normal"></highlight><highlight class="comment">//------------------------------------------------------------------------------</highlight><highlight class="normal"></highlight></codeline>
<codeline lineno="78"><highlight class="normal"></highlight><highlight class="comment">//<sp/>local<sp/>types</highlight><highlight class="normal"></highlight></codeline>
<codeline lineno="79"><highlight class="normal"></highlight><highlight class="comment">//------------------------------------------------------------------------------</highlight><highlight class="normal"></highlight></codeline>
<codeline lineno="80"><highlight class="normal"></highlight></codeline>
<codeline lineno="81"><highlight class="normal"></highlight><highlight class="comment">//------------------------------------------------------------------------------</highlight><highlight class="normal"></highlight></codeline>
<codeline lineno="82"><highlight class="normal"></highlight><highlight class="comment">//<sp/>local<sp/>vars</highlight><highlight class="normal"></highlight></codeline>
<codeline lineno="83"><highlight class="normal"></highlight><highlight class="comment">//------------------------------------------------------------------------------</highlight><highlight class="normal"></highlight></codeline>
<codeline lineno="84"><highlight class="normal"></highlight></codeline>
<codeline lineno="85"><highlight class="normal"></highlight><highlight class="comment">//------------------------------------------------------------------------------</highlight><highlight class="normal"></highlight></codeline>
<codeline lineno="86"><highlight class="normal"></highlight><highlight class="comment">//<sp/>local<sp/>function<sp/>prototypes</highlight><highlight class="normal"></highlight></codeline>
<codeline lineno="87"><highlight class="normal"></highlight><highlight class="comment">//------------------------------------------------------------------------------</highlight><highlight class="normal"></highlight></codeline>
<codeline lineno="88"><highlight class="normal"></highlight><highlight class="keyword">static</highlight><highlight class="normal"><sp/>tOplkError<sp/><ref refid="event_opl_8c_1a0e1b53cf0cea4698362f22fa97c0ceb4" kindref="member">processStateChangeEvent</ref>(</highlight><highlight class="keyword">const</highlight><highlight class="normal"><sp/>tEventNmtStateChange*<sp/>pNmtStateChange_p,</highlight></codeline>
<codeline lineno="89"><highlight class="normal"><sp/><sp/><sp/><sp/></highlight><highlight class="keywordtype">void</highlight><highlight class="normal">*<sp/>pUserArg_p);</highlight></codeline>
<codeline lineno="90"><highlight class="normal"></highlight><highlight class="keyword">static</highlight><highlight class="normal"><sp/>tOplkError<sp/><ref refid="event_opl_8c_1a471f0e4af307e5efc3d9e210cbd55bf3" kindref="member">processErrorWarningEvent</ref>(</highlight><highlight class="keyword">const</highlight><highlight class="normal"><sp/>tEventError*<sp/>pInternalError_p,</highlight></codeline>
<codeline lineno="91"><highlight class="normal"><sp/><sp/><sp/><sp/></highlight><highlight class="keywordtype">void</highlight><highlight class="normal">*<sp/>pUserArg_p);</highlight></codeline>
<codeline lineno="92"><highlight class="normal"></highlight><highlight class="keyword">static</highlight><highlight class="normal"><sp/>tOplkError<sp/><ref refid="event_opl_8c_1aa2cf6c59fdc9a28d59a00bc8787eec9d" kindref="member">processPdoChangeEvent</ref>(</highlight><highlight class="keyword">const</highlight><highlight class="normal"><sp/>tOplkApiEventPdoChange*<sp/>pPdoChange_p,</highlight></codeline>
<codeline lineno="93"><highlight class="normal"><sp/><sp/><sp/><sp/></highlight><highlight class="keywordtype">void</highlight><highlight class="normal">*<sp/>pUserArg_p);</highlight></codeline>
<codeline lineno="94"><highlight class="normal"></highlight></codeline>
<codeline lineno="95"><highlight class="normal"></highlight><highlight class="comment">//============================================================================//</highlight><highlight class="normal"></highlight></codeline>
<codeline lineno="96"><highlight class="normal"></highlight><highlight class="comment">//<sp/><sp/><sp/><sp/><sp/><sp/><sp/><sp/><sp/><sp/><sp/><sp/>P<sp/>U<sp/>B<sp/>L<sp/>I<sp/>C<sp/><sp/><sp/>F<sp/>U<sp/>N<sp/>C<sp/>T<sp/>I<sp/>O<sp/>N<sp/>S<sp/><sp/><sp/><sp/><sp/><sp/><sp/><sp/><sp/><sp/><sp/><sp/><sp/><sp/><sp/><sp/><sp/><sp/><sp/><sp/><sp/><sp/><sp/><sp/><sp/><sp/><sp/><sp/><sp/><sp/><sp/><sp/><sp/>//</highlight><highlight class="normal"></highlight></codeline>
<codeline lineno="97"><highlight class="normal"></highlight><highlight class="comment">//============================================================================//</highlight><highlight class="normal"></highlight></codeline>
<codeline lineno="98"><highlight class="normal"></highlight></codeline>
<codeline lineno="99"><highlight class="normal"></highlight></codeline>
<codeline lineno="100"><highlight class="normal"></highlight><highlight class="comment">//------------------------------------------------------------------------------</highlight></codeline>
<codeline lineno="109"><highlight class="comment">//------------------------------------------------------------------------------</highlight><highlight class="normal"></highlight></codeline>
<codeline lineno="110" refid="event_opl_8c_1aa6211577a11055a43fb577b465ade606" refkind="member"><highlight class="normal"></highlight><highlight class="keywordtype">void</highlight><highlight class="normal"><sp/><ref refid="event_opl_8c_1aa6211577a11055a43fb577b465ade606" kindref="member">initEvents</ref>(BOOL*<sp/>pfGsOff_p)</highlight></codeline>
<codeline lineno="111"><highlight class="normal">{</highlight></codeline>
<codeline lineno="112"><highlight class="normal"><sp/><sp/><sp/><sp/><ref refid="event_opl_8c_1af1a8110ff93ea225db12eeb7512fff71" kindref="member">pfGsOff_l</ref><sp/>=<sp/>pfGsOff_p;</highlight></codeline>
<codeline lineno="113"><highlight class="normal">}</highlight></codeline>
<codeline lineno="114"><highlight class="normal"></highlight></codeline>
<codeline lineno="115"><highlight class="normal"></highlight><highlight class="comment">//------------------------------------------------------------------------------</highlight></codeline>
<codeline lineno="128"><highlight class="comment">//------------------------------------------------------------------------------</highlight><highlight class="normal"></highlight></codeline>
<codeline lineno="129" refid="event_opl_8c_1ad6f574bee28d3a8f66b5885f365a8df2" refkind="member"><highlight class="normal">tOplkError<sp/><ref refid="event_opl_8c_1ad6f574bee28d3a8f66b5885f365a8df2" kindref="member">processEvents</ref>(tOplkApiEventType<sp/>eventType_p,</highlight></codeline>
<codeline lineno="130"><highlight class="normal"><sp/><sp/><sp/><sp/></highlight><highlight class="keyword">const</highlight><highlight class="normal"><sp/>tOplkApiEventArg*<sp/>pEventArg_p,</highlight></codeline>
<codeline lineno="131"><highlight class="normal"><sp/><sp/><sp/><sp/></highlight><highlight class="keywordtype">void</highlight><highlight class="normal">*<sp/>pUserArg_p)</highlight></codeline>
<codeline lineno="132"><highlight class="normal">{</highlight></codeline>
<codeline lineno="133"><highlight class="normal"><sp/><sp/><sp/><sp/>tOplkError<sp/><sp/>ret<sp/>=<sp/>kErrorOk;</highlight></codeline>
<codeline lineno="134"><highlight class="normal"></highlight></codeline>
<codeline lineno="135"><highlight class="normal"><sp/><sp/><sp/><sp/></highlight><highlight class="keywordflow">switch</highlight><highlight class="normal"><sp/>(eventType_p)</highlight></codeline>
<codeline lineno="136"><highlight class="normal"><sp/><sp/><sp/><sp/>{</highlight></codeline>
<codeline lineno="137"><highlight class="normal"><sp/><sp/><sp/><sp/></highlight><highlight class="keywordflow">case</highlight><highlight class="normal"><sp/>kOplkApiEventNmtStateChange:</highlight></codeline>
<codeline lineno="138"><highlight class="normal"><sp/><sp/><sp/><sp/><sp/><sp/><sp/><sp/>ret<sp/>=<sp/><ref refid="event_opl_8c_1a0e1b53cf0cea4698362f22fa97c0ceb4" kindref="member">processStateChangeEvent</ref>(&amp;pEventArg_p-&gt;nmtStateChange,<sp/>pUserArg_p);</highlight></codeline>
<codeline lineno="139"><highlight class="normal"><sp/><sp/><sp/><sp/><sp/><sp/><sp/><sp/></highlight><highlight class="keywordflow">break</highlight><highlight class="normal">;</highlight></codeline>
<codeline lineno="140"><highlight class="normal"></highlight></codeline>
<codeline lineno="141"><highlight class="normal"><sp/><sp/><sp/><sp/></highlight><highlight class="keywordflow">case</highlight><highlight class="normal"><sp/>kOplkApiEventCriticalError:</highlight></codeline>
<codeline lineno="142"><highlight class="normal"><sp/><sp/><sp/><sp/></highlight><highlight class="keywordflow">case</highlight><highlight class="normal"><sp/>kOplkApiEventWarning:</highlight></codeline>
<codeline lineno="143"><highlight class="normal"><sp/><sp/><sp/><sp/><sp/><sp/><sp/><sp/>ret<sp/>=<sp/><ref refid="event_opl_8c_1a471f0e4af307e5efc3d9e210cbd55bf3" kindref="member">processErrorWarningEvent</ref>(&amp;pEventArg_p-&gt;internalError,<sp/>pUserArg_p);</highlight></codeline>
<codeline lineno="144"><highlight class="normal"><sp/><sp/><sp/><sp/><sp/><sp/><sp/><sp/></highlight><highlight class="keywordflow">break</highlight><highlight class="normal">;</highlight></codeline>
<codeline lineno="145"><highlight class="normal"></highlight></codeline>
<codeline lineno="146"><highlight class="normal"><sp/><sp/><sp/><sp/></highlight><highlight class="keywordflow">case</highlight><highlight class="normal"><sp/>kOplkApiEventPdoChange:</highlight></codeline>
<codeline lineno="147"><highlight class="normal"><sp/><sp/><sp/><sp/><sp/><sp/><sp/><sp/>ret<sp/>=<sp/><ref refid="event_opl_8c_1aa2cf6c59fdc9a28d59a00bc8787eec9d" kindref="member">processPdoChangeEvent</ref>(&amp;pEventArg_p-&gt;pdoChange,<sp/>pUserArg_p);</highlight></codeline>
<codeline lineno="148"><highlight class="normal"><sp/><sp/><sp/><sp/><sp/><sp/><sp/><sp/></highlight><highlight class="keywordflow">break</highlight><highlight class="normal">;</highlight></codeline>
<codeline lineno="149"><highlight class="normal"></highlight></codeline>
<codeline lineno="150"><highlight class="normal"><sp/><sp/><sp/><sp/></highlight><highlight class="keywordflow">default</highlight><highlight class="normal">:</highlight></codeline>
<codeline lineno="151"><highlight class="normal"><sp/><sp/><sp/><sp/><sp/><sp/><sp/><sp/></highlight><highlight class="keywordflow">break</highlight><highlight class="normal">;</highlight></codeline>
<codeline lineno="152"><highlight class="normal"><sp/><sp/><sp/><sp/>}</highlight></codeline>
<codeline lineno="153"><highlight class="normal"></highlight></codeline>
<codeline lineno="154"><highlight class="normal"><sp/><sp/><sp/><sp/></highlight><highlight class="keywordflow">return</highlight><highlight class="normal"><sp/>ret;</highlight></codeline>
<codeline lineno="155"><highlight class="normal">}</highlight></codeline>
<codeline lineno="156"><highlight class="normal"></highlight></codeline>
<codeline lineno="157"><highlight class="normal"></highlight><highlight class="comment">//============================================================================//</highlight><highlight class="normal"></highlight></codeline>
<codeline lineno="158"><highlight class="normal"></highlight><highlight class="comment">//<sp/><sp/><sp/><sp/><sp/><sp/><sp/><sp/><sp/><sp/><sp/><sp/>P<sp/>R<sp/>I<sp/>V<sp/>A<sp/>T<sp/>E<sp/><sp/><sp/>F<sp/>U<sp/>N<sp/>C<sp/>T<sp/>I<sp/>O<sp/>N<sp/>S<sp/><sp/><sp/><sp/><sp/><sp/><sp/><sp/><sp/><sp/><sp/><sp/><sp/><sp/><sp/><sp/><sp/><sp/><sp/><sp/><sp/><sp/><sp/><sp/><sp/><sp/><sp/><sp/><sp/><sp/><sp/>//</highlight><highlight class="normal"></highlight></codeline>
<codeline lineno="159"><highlight class="normal"></highlight><highlight class="comment">//============================================================================//</highlight></codeline>
<codeline lineno="162"><highlight class="normal"></highlight></codeline>
<codeline lineno="163"><highlight class="normal"></highlight><highlight class="comment">//------------------------------------------------------------------------------</highlight></codeline>
<codeline lineno="174"><highlight class="comment">//------------------------------------------------------------------------------</highlight><highlight class="normal"></highlight></codeline>
<codeline lineno="175" refid="event_opl_8c_1a0e1b53cf0cea4698362f22fa97c0ceb4" refkind="member"><highlight class="normal"></highlight><highlight class="keyword">static</highlight><highlight class="normal"><sp/>tOplkError<sp/><ref refid="event_opl_8c_1a0e1b53cf0cea4698362f22fa97c0ceb4" kindref="member">processStateChangeEvent</ref>(</highlight><highlight class="keyword">const</highlight><highlight class="normal"><sp/>tEventNmtStateChange*<sp/>pNmtStateChange_p,</highlight></codeline>
<codeline lineno="176"><highlight class="normal"><sp/><sp/><sp/><sp/></highlight><highlight class="keywordtype">void</highlight><highlight class="normal">*<sp/>pUserArg_p)</highlight></codeline>
<codeline lineno="177"><highlight class="normal">{</highlight></codeline>
<codeline lineno="178"><highlight class="normal"><sp/><sp/><sp/><sp/>tOplkError<sp/><sp/>ret<sp/>=<sp/>kErrorOk;</highlight></codeline>
<codeline lineno="179"><highlight class="normal"></highlight></codeline>
<codeline lineno="180"><highlight class="normal"><sp/><sp/><sp/><sp/>UNUSED_PARAMETER(pUserArg_p);</highlight></codeline>
<codeline lineno="181"><highlight class="normal"></highlight></codeline>
<codeline lineno="182"><highlight class="normal"><sp/><sp/><sp/><sp/></highlight><highlight class="keywordflow">if</highlight><highlight class="normal"><sp/>(<ref refid="event_opl_8c_1af1a8110ff93ea225db12eeb7512fff71" kindref="member">pfGsOff_l</ref><sp/>==<sp/>NULL)</highlight></codeline>
<codeline lineno="183"><highlight class="normal"><sp/><sp/><sp/><sp/><sp/><sp/><sp/><sp/></highlight><highlight class="keywordflow">return</highlight><highlight class="normal"><sp/>kErrorGeneralError;</highlight></codeline>
<codeline lineno="184"><highlight class="normal"></highlight></codeline>
<codeline lineno="185"><highlight class="normal"><sp/><sp/><sp/><sp/>eventlog_printStateEvent(pNmtStateChange_p);</highlight></codeline>
<codeline lineno="186"><highlight class="normal"></highlight></codeline>
<codeline lineno="187"><highlight class="normal"><sp/><sp/><sp/><sp/></highlight><highlight class="keywordflow">switch</highlight><highlight class="normal"><sp/>(pNmtStateChange_p-&gt;newNmtState)</highlight></codeline>
<codeline lineno="188"><highlight class="normal"><sp/><sp/><sp/><sp/>{</highlight></codeline>
<codeline lineno="189"><highlight class="normal"><sp/><sp/><sp/><sp/></highlight><highlight class="keywordflow">case</highlight><highlight class="normal"><sp/>kNmtGsOff:</highlight></codeline>
<codeline lineno="190"><highlight class="normal"><sp/><sp/><sp/><sp/><sp/><sp/><sp/><sp/></highlight><highlight class="comment">//<sp/>NMT<sp/>state<sp/>machine<sp/>was<sp/>shut<sp/>down,</highlight><highlight class="normal"></highlight></codeline>
<codeline lineno="191"><highlight class="normal"><sp/><sp/><sp/><sp/><sp/><sp/><sp/><sp/>ret<sp/>=<sp/>kErrorShutdown;</highlight></codeline>
<codeline lineno="192"><highlight class="normal"></highlight></codeline>
<codeline lineno="193"><highlight class="normal"><sp/><sp/><sp/><sp/><sp/><sp/><sp/><sp/>printf(</highlight><highlight class="stringliteral">&quot;Stack<sp/>received<sp/>kNmtGsOff!\n&quot;</highlight><highlight class="normal">);</highlight></codeline>
<codeline lineno="194"><highlight class="normal"></highlight></codeline>
<codeline lineno="195"><highlight class="normal"><sp/><sp/><sp/><sp/><sp/><sp/><sp/><sp/></highlight><highlight class="comment">//<sp/>signal<sp/>that<sp/>stack<sp/>is<sp/>off</highlight><highlight class="normal"></highlight></codeline>
<codeline lineno="196"><highlight class="normal"><sp/><sp/><sp/><sp/><sp/><sp/><sp/><sp/>*<ref refid="event_opl_8c_1af1a8110ff93ea225db12eeb7512fff71" kindref="member">pfGsOff_l</ref><sp/>=<sp/>TRUE;</highlight></codeline>
<codeline lineno="197"><highlight class="normal"><sp/><sp/><sp/><sp/><sp/><sp/><sp/><sp/></highlight><highlight class="keywordflow">break</highlight><highlight class="normal">;</highlight></codeline>
<codeline lineno="198"><highlight class="normal"></highlight></codeline>
<codeline lineno="199"><highlight class="normal"><sp/><sp/><sp/><sp/></highlight><highlight class="keywordflow">case</highlight><highlight class="normal"><sp/>kNmtGsInitialising:</highlight></codeline>
<codeline lineno="200"><highlight class="normal"><sp/><sp/><sp/><sp/></highlight><highlight class="keywordflow">case</highlight><highlight class="normal"><sp/>kNmtGsResetApplication:</highlight></codeline>
<codeline lineno="201"><highlight class="normal"><sp/><sp/><sp/><sp/></highlight><highlight class="keywordflow">case</highlight><highlight class="normal"><sp/>kNmtGsResetConfiguration:</highlight></codeline>
<codeline lineno="202"><highlight class="normal"><sp/><sp/><sp/><sp/></highlight><highlight class="keywordflow">case</highlight><highlight class="normal"><sp/>kNmtGsResetCommunication:</highlight></codeline>
<codeline lineno="203"><highlight class="normal"><sp/><sp/><sp/><sp/></highlight><highlight class="keywordflow">case</highlight><highlight class="normal"><sp/>kNmtCsNotActive:<sp/><sp/><sp/><sp/><sp/><sp/><sp/><sp/><sp/><sp/><sp/><sp/><sp/><sp/><sp/></highlight><highlight class="comment">//<sp/>Implement</highlight><highlight class="normal"></highlight></codeline>
<codeline lineno="204"><highlight class="normal"><sp/><sp/><sp/><sp/></highlight><highlight class="keywordflow">case</highlight><highlight class="normal"><sp/>kNmtCsPreOperational1:<sp/><sp/><sp/><sp/><sp/><sp/><sp/><sp/><sp/></highlight><highlight class="comment">//<sp/>handling<sp/>of</highlight><highlight class="normal"></highlight></codeline>
<codeline lineno="205"><highlight class="normal"><sp/><sp/><sp/><sp/></highlight><highlight class="keywordflow">case</highlight><highlight class="normal"><sp/>kNmtCsStopped:<sp/><sp/><sp/><sp/><sp/><sp/><sp/><sp/><sp/><sp/><sp/><sp/><sp/><sp/><sp/><sp/><sp/></highlight><highlight class="comment">//<sp/>different</highlight><highlight class="normal"></highlight></codeline>
<codeline lineno="206"><highlight class="normal"><sp/><sp/><sp/><sp/></highlight><highlight class="keywordflow">case</highlight><highlight class="normal"><sp/>kNmtCsPreOperational2:<sp/><sp/><sp/><sp/><sp/><sp/><sp/><sp/><sp/></highlight><highlight class="comment">//<sp/>states<sp/>here</highlight><highlight class="normal"></highlight></codeline>
<codeline lineno="207"><highlight class="normal"><sp/><sp/><sp/><sp/></highlight><highlight class="keywordflow">case</highlight><highlight class="normal"><sp/>kNmtCsReadyToOperate:</highlight></codeline>
<codeline lineno="208"><highlight class="normal"><sp/><sp/><sp/><sp/></highlight><highlight class="keywordflow">case</highlight><highlight class="normal"><sp/>kNmtCsOperational:</highlight></codeline>
<codeline lineno="209"><highlight class="normal"><sp/><sp/><sp/><sp/></highlight><highlight class="keywordflow">case</highlight><highlight class="normal"><sp/>kNmtCsBasicEthernet:<sp/><sp/><sp/><sp/><sp/><sp/><sp/><sp/><sp/><sp/><sp/></highlight><highlight class="comment">//<sp/>no<sp/>break;</highlight><highlight class="normal"></highlight></codeline>
<codeline lineno="210"><highlight class="normal"></highlight></codeline>
<codeline lineno="211"><highlight class="normal"><sp/><sp/><sp/><sp/></highlight><highlight class="keywordflow">default</highlight><highlight class="normal">:</highlight></codeline>
<codeline lineno="212"><highlight class="normal"><sp/><sp/><sp/><sp/><sp/><sp/><sp/><sp/>printf(</highlight><highlight class="stringliteral">&quot;Stack<sp/>entered<sp/>state:<sp/>%s\n&quot;</highlight><highlight class="normal">,</highlight></codeline>
<codeline lineno="213"><highlight class="normal"><sp/><sp/><sp/><sp/><sp/><sp/><sp/><sp/><sp/><sp/><sp/><sp/>debugstr_getNmtStateStr(pNmtStateChange_p-&gt;newNmtState));</highlight></codeline>
<codeline lineno="214"><highlight class="normal"><sp/><sp/><sp/><sp/><sp/><sp/><sp/><sp/></highlight><highlight class="keywordflow">break</highlight><highlight class="normal">;</highlight></codeline>
<codeline lineno="215"><highlight class="normal"><sp/><sp/><sp/><sp/>}</highlight></codeline>
<codeline lineno="216"><highlight class="normal"></highlight></codeline>
<codeline lineno="217"><highlight class="normal"><sp/><sp/><sp/><sp/></highlight><highlight class="keywordflow">return</highlight><highlight class="normal"><sp/>ret;</highlight></codeline>
<codeline lineno="218"><highlight class="normal">}</highlight></codeline>
<codeline lineno="219"><highlight class="normal"></highlight></codeline>
<codeline lineno="220"><highlight class="normal"></highlight><highlight class="comment">//------------------------------------------------------------------------------</highlight></codeline>
<codeline lineno="231"><highlight class="comment">//------------------------------------------------------------------------------</highlight><highlight class="normal"></highlight></codeline>
<codeline lineno="232" refid="event_opl_8c_1a471f0e4af307e5efc3d9e210cbd55bf3" refkind="member"><highlight class="normal"></highlight><highlight class="keyword">static</highlight><highlight class="normal"><sp/>tOplkError<sp/><ref refid="event_opl_8c_1a471f0e4af307e5efc3d9e210cbd55bf3" kindref="member">processErrorWarningEvent</ref>(</highlight><highlight class="keyword">const</highlight><highlight class="normal"><sp/>tEventError*<sp/>pInternalError_p,</highlight></codeline>
<codeline lineno="233"><highlight class="normal"><sp/><sp/><sp/><sp/></highlight><highlight class="keywordtype">void</highlight><highlight class="normal">*<sp/>pUserArg_p)</highlight></codeline>
<codeline lineno="234"><highlight class="normal">{</highlight></codeline>
<codeline lineno="235"><highlight class="normal"><sp/><sp/><sp/><sp/></highlight><highlight class="comment">//<sp/>error<sp/>or<sp/>warning<sp/>occurred<sp/>within<sp/>the<sp/>stack<sp/>or<sp/>the<sp/>application</highlight><highlight class="normal"></highlight></codeline>
<codeline lineno="236"><highlight class="normal"><sp/><sp/><sp/><sp/></highlight><highlight class="comment">//<sp/>on<sp/>error<sp/>the<sp/>API<sp/>layer<sp/>stops<sp/>the<sp/>NMT<sp/>state<sp/>machine</highlight><highlight class="normal"></highlight></codeline>
<codeline lineno="237"><highlight class="normal"></highlight></codeline>
<codeline lineno="238"><highlight class="normal"><sp/><sp/><sp/><sp/>UNUSED_PARAMETER(pUserArg_p);</highlight></codeline>
<codeline lineno="239"><highlight class="normal"></highlight></codeline>
<codeline lineno="240"><highlight class="normal"><sp/><sp/><sp/><sp/>eventlog_printErrorEvent(pInternalError_p);</highlight></codeline>
<codeline lineno="241"><highlight class="normal"></highlight></codeline>
<codeline lineno="242"><highlight class="normal"><sp/><sp/><sp/><sp/></highlight><highlight class="keywordflow">return</highlight><highlight class="normal"><sp/>kErrorOk;</highlight></codeline>
<codeline lineno="243"><highlight class="normal">}</highlight></codeline>
<codeline lineno="244"><highlight class="normal"></highlight></codeline>
<codeline lineno="245"><highlight class="normal"></highlight></codeline>
<codeline lineno="246"><highlight class="normal"></highlight><highlight class="comment">//------------------------------------------------------------------------------</highlight></codeline>
<codeline lineno="257"><highlight class="comment">//------------------------------------------------------------------------------</highlight><highlight class="normal"></highlight></codeline>
<codeline lineno="258" refid="event_opl_8c_1aa2cf6c59fdc9a28d59a00bc8787eec9d" refkind="member"><highlight class="normal"></highlight><highlight class="keyword">static</highlight><highlight class="normal"><sp/>tOplkError<sp/><ref refid="event_opl_8c_1aa2cf6c59fdc9a28d59a00bc8787eec9d" kindref="member">processPdoChangeEvent</ref>(</highlight><highlight class="keyword">const</highlight><highlight class="normal"><sp/>tOplkApiEventPdoChange*<sp/>pPdoChange_p,</highlight></codeline>
<codeline lineno="259"><highlight class="normal"><sp/><sp/><sp/><sp/></highlight><highlight class="keywordtype">void</highlight><highlight class="normal">*<sp/>pUserArg_p)</highlight></codeline>
<codeline lineno="260"><highlight class="normal">{</highlight></codeline>
<codeline lineno="261"><highlight class="normal"><sp/><sp/><sp/><sp/>UINT<sp/><sp/><sp/><sp/><sp/><sp/><sp/><sp/>subIndex;</highlight></codeline>
<codeline lineno="262"><highlight class="normal"><sp/><sp/><sp/><sp/>UINT64<sp/><sp/><sp/><sp/><sp/><sp/>mappObject;</highlight></codeline>
<codeline lineno="263"><highlight class="normal"><sp/><sp/><sp/><sp/>tOplkError<sp/><sp/>ret;</highlight></codeline>
<codeline lineno="264"><highlight class="normal"><sp/><sp/><sp/><sp/></highlight><highlight class="keywordtype">size_t</highlight><highlight class="normal"><sp/><sp/><sp/><sp/><sp/><sp/>varLen;</highlight></codeline>
<codeline lineno="265"><highlight class="normal"></highlight></codeline>
<codeline lineno="266"><highlight class="normal"><sp/><sp/><sp/><sp/>UNUSED_PARAMETER(pUserArg_p);</highlight></codeline>
<codeline lineno="267"><highlight class="normal"></highlight></codeline>
<codeline lineno="268"><highlight class="normal"><sp/><sp/><sp/><sp/>eventlog_printPdoEvent(pPdoChange_p);</highlight></codeline>
<codeline lineno="269"><highlight class="normal"></highlight></codeline>
<codeline lineno="270"><highlight class="normal"><sp/><sp/><sp/><sp/></highlight><highlight class="keywordflow">for</highlight><highlight class="normal"><sp/>(subIndex<sp/>=<sp/>1;<sp/>subIndex<sp/>&lt;=<sp/>pPdoChange_p-&gt;mappObjectCount;<sp/>subIndex++)</highlight></codeline>
<codeline lineno="271"><highlight class="normal"><sp/><sp/><sp/><sp/>{</highlight></codeline>
<codeline lineno="272"><highlight class="normal"><sp/><sp/><sp/><sp/><sp/><sp/><sp/><sp/>varLen<sp/>=<sp/></highlight><highlight class="keyword">sizeof</highlight><highlight class="normal">(mappObject);</highlight></codeline>
<codeline lineno="273"><highlight class="normal"><sp/><sp/><sp/><sp/><sp/><sp/><sp/><sp/>ret<sp/>=<sp/>oplk_readLocalObject(pPdoChange_p-&gt;mappParamIndex,</highlight></codeline>
<codeline lineno="274"><highlight class="normal"><sp/><sp/><sp/><sp/><sp/><sp/><sp/><sp/><sp/><sp/><sp/><sp/>subIndex,</highlight></codeline>
<codeline lineno="275"><highlight class="normal"><sp/><sp/><sp/><sp/><sp/><sp/><sp/><sp/><sp/><sp/><sp/><sp/>&amp;mappObject,</highlight></codeline>
<codeline lineno="276"><highlight class="normal"><sp/><sp/><sp/><sp/><sp/><sp/><sp/><sp/><sp/><sp/><sp/><sp/>&amp;varLen);</highlight></codeline>
<codeline lineno="277"><highlight class="normal"><sp/><sp/><sp/><sp/><sp/><sp/><sp/><sp/></highlight><highlight class="keywordflow">if</highlight><highlight class="normal"><sp/>(ret<sp/>!=<sp/>kErrorOk)</highlight></codeline>
<codeline lineno="278"><highlight class="normal"><sp/><sp/><sp/><sp/><sp/><sp/><sp/><sp/>{</highlight></codeline>
<codeline lineno="279"><highlight class="normal"><sp/><sp/><sp/><sp/><sp/><sp/><sp/><sp/><sp/><sp/><sp/><sp/>eventlog_printMessage(kEventlogLevelError,</highlight></codeline>
<codeline lineno="280"><highlight class="normal"><sp/><sp/><sp/><sp/><sp/><sp/><sp/><sp/><sp/><sp/><sp/><sp/><sp/><sp/><sp/><sp/>kEventlogCategoryObjectDictionary,</highlight></codeline>
<codeline lineno="281"><highlight class="normal"><sp/><sp/><sp/><sp/><sp/><sp/><sp/><sp/><sp/><sp/><sp/><sp/><sp/><sp/><sp/><sp/></highlight><highlight class="stringliteral">&quot;Reading<sp/>0x%X/%d<sp/>failed<sp/>with<sp/>%s(0x%X)&quot;</highlight><highlight class="normal">,</highlight></codeline>
<codeline lineno="282"><highlight class="normal"><sp/><sp/><sp/><sp/><sp/><sp/><sp/><sp/><sp/><sp/><sp/><sp/><sp/><sp/><sp/><sp/>pPdoChange_p-&gt;mappParamIndex,</highlight></codeline>
<codeline lineno="283"><highlight class="normal"><sp/><sp/><sp/><sp/><sp/><sp/><sp/><sp/><sp/><sp/><sp/><sp/><sp/><sp/><sp/><sp/>subIndex,</highlight></codeline>
<codeline lineno="284"><highlight class="normal"><sp/><sp/><sp/><sp/><sp/><sp/><sp/><sp/><sp/><sp/><sp/><sp/><sp/><sp/><sp/><sp/>debugstr_getRetValStr(ret),</highlight></codeline>
<codeline lineno="285"><highlight class="normal"><sp/><sp/><sp/><sp/><sp/><sp/><sp/><sp/><sp/><sp/><sp/><sp/><sp/><sp/><sp/><sp/>ret);</highlight></codeline>
<codeline lineno="286"><highlight class="normal"><sp/><sp/><sp/><sp/><sp/><sp/><sp/><sp/><sp/><sp/><sp/><sp/></highlight><highlight class="keywordflow">continue</highlight><highlight class="normal">;</highlight></codeline>
<codeline lineno="287"><highlight class="normal"><sp/><sp/><sp/><sp/><sp/><sp/><sp/><sp/>}</highlight></codeline>
<codeline lineno="288"><highlight class="normal"><sp/><sp/><sp/><sp/><sp/><sp/><sp/><sp/>eventlog_printPdoMap(pPdoChange_p-&gt;mappParamIndex,<sp/>subIndex,<sp/>mappObject);</highlight></codeline>
<codeline lineno="289"><highlight class="normal"><sp/><sp/><sp/><sp/>}</highlight></codeline>
<codeline lineno="290"><highlight class="normal"></highlight></codeline>
<codeline lineno="291"><highlight class="normal"><sp/><sp/><sp/><sp/></highlight><highlight class="keywordflow">return</highlight><highlight class="normal"><sp/>kErrorOk;</highlight></codeline>
<codeline lineno="292"><highlight class="normal">}</highlight></codeline>
<codeline lineno="293"><highlight class="normal"></highlight></codeline>
    </programlisting>
    <location file="C:/Users/Squaria/Documents/openPOWERLINK_V2_CAC/apps/CAC_CN/src/eventOpl.c"/>
  </compounddef>
</doxygen>
