<?xml version='1.0' encoding='UTF-8' standalone='no'?>
<doxygenindex xmlns:xsi="http://www.w3.org/2001/XMLSchema-instance" xsi:noNamespaceSchemaLocation="index.xsd" version="1.10.0" xml:lang="en-US">
  <compound refid="structdata_activation" kind="struct"><name>dataActivation</name>
  </compound>
  <compound refid="structdata_e_g" kind="struct"><name>dataEG</name>
  </compound>
  <compound refid="structdata_etats" kind="struct"><name>dataEtats</name>
  </compound>
  <compound refid="structdata_physical_config_sensors" kind="struct"><name>dataPhysicalConfigSensors</name>
  </compound>
  <compound refid="structdata_physical_config_vannes" kind="struct"><name>dataPhysicalConfigVannes</name>
  </compound>
  <compound refid="classfile" kind="class"><name>file</name>
    <member refid="classfile_1a483afd9f96538c51735fb686edd2cc25" kind="variable"><name>pathFile</name></member>
    <member refid="classfile_1a60c20221b3650d600b0e10c300a66faa" kind="variable"><name>dataFile</name></member>
    <member refid="classfile_1a32d4e3f75b05cec4881a282bf92617cd" kind="variable"><name>nameFiles</name></member>
    <member refid="classfile_1a3bca228e2cfb8cd254e4770f8d1f058b" kind="variable"><name>year_month_day</name></member>
    <member refid="classfile_1abcaf2953711c9b12908a0858523b1265" kind="variable"><name>hour_minute_second</name></member>
    <member refid="classfile_1a22090815b0614f552f2cb2cc8f170572" kind="function"><name>file</name></member>
    <member refid="classfile_1a7174566303bcda6dc7d47cc0997c8c42" kind="function"><name>~file</name></member>
    <member refid="classfile_1ac0354d5b8c38714c335bed66f1a5368c" kind="function"><name>initFile</name></member>
    <member refid="classfile_1af0da4dcb7aa1111b0858eca8efc1ec30" kind="function"><name>testWriteFile</name></member>
    <member refid="classfile_1a5eabb45d2518c4ad1391be6d5205cfdf" kind="function"><name>openFile</name></member>
    <member refid="classfile_1a86ce3c36d7e87f24600c8755d8601e7c" kind="function"><name>closeFile</name></member>
    <member refid="classfile_1a873fcc71c11302b9e65f54f165cc1236" kind="function"><name>writeTelem</name></member>
    <member refid="classfile_1af8c8b22309c8efd3fb87a567a74c16b5" kind="function"><name>writeError</name></member>
  </compound>
  <compound refid="struct_ligne_activation" kind="struct"><name>LigneActivation</name>
    <member refid="struct_ligne_activation_1a75f37006d60ba54e0cc20b3cf0e6c449" kind="variable"><name>activation</name></member>
  </compound>
  <compound refid="struct_ligne_c_s_v" kind="struct"><name>LigneCSV</name>
    <member refid="struct_ligne_c_s_v_1a77112e0a8c052d82fcfce6a743c78a75" kind="variable"><name>valeur</name></member>
    <member refid="struct_ligne_c_s_v_1a95e7740f7fa9635c25fc409817f9178c" kind="variable"><name>dependanceVannes</name></member>
    <member refid="struct_ligne_c_s_v_1a0b58ddaf08c19c940b424751ea4bf029" kind="variable"><name>timerVannes</name></member>
  </compound>
  <compound refid="struct_ligne_e_g" kind="struct"><name>LigneEG</name>
    <member refid="struct_ligne_e_g_1a798f7a58703288236d76c6fb141f5756" kind="variable"><name>EG</name></member>
    <member refid="struct_ligne_e_g_1a466c1a46947d19a6cb596d48f8726c92" kind="variable"><name>nom</name></member>
  </compound>
  <compound refid="struct_ligne_sensors" kind="struct"><name>LigneSensors</name>
    <member refid="struct_ligne_sensors_1acd08584fa26b33d7fe6a457b8acf6c1d" kind="variable"><name>type</name></member>
    <member refid="struct_ligne_sensors_1a98e8c6864249a7484da384c913c9ea94" kind="variable"><name>modbusAddrRemoteSlave</name></member>
    <member refid="struct_ligne_sensors_1adc8f6947ec48d80236cd6dcd3ac67549" kind="variable"><name>modbusStartAddress</name></member>
    <member refid="struct_ligne_sensors_1ab61ec429882cffad92537793daa1c2ca" kind="variable"><name>modbusBaudRate</name></member>
    <member refid="struct_ligne_sensors_1ad0ee05deedbd75f69e8b5826d391347f" kind="variable"><name>modbusParity</name></member>
    <member refid="struct_ligne_sensors_1a0f1c20c298cf84a63083b359a872094c" kind="variable"><name>modbusDataBits</name></member>
    <member refid="struct_ligne_sensors_1a2f41df6d3b7bb2f8415a482948bd560e" kind="variable"><name>modbusStopBit</name></member>
  </compound>
  <compound refid="struct_ligne_vannes" kind="struct"><name>LigneVannes</name>
    <member refid="struct_ligne_vannes_1afc9c8286c2e0a17637b3e74b9a9b0b0c" kind="variable"><name>etatInitial</name></member>
    <member refid="struct_ligne_vannes_1adaaab73d539c5e27287fd42b1f5ca64e" kind="variable"><name>portGPIO</name></member>
  </compound>
  <compound refid="classopl" kind="class"><name>opl</name>
    <member refid="classopl_1a43a83ace00cba207a89cf65e3b995d7e" kind="function"><name>opl</name></member>
    <member refid="classopl_1a8d5d5db31b3d8150af42d2bb000d94fa" kind="function"><name>~opl</name></member>
    <member refid="classopl_1afcb3f7b05602f12b72bc97404795ef42" kind="function"><name>sendTelem</name></member>
    <member refid="classopl_1ad188b100fd92fcc210bd48ea4e08a36f" kind="function"><name>sendError</name></member>
    <member refid="classopl_1ac3e6c6fb9c8d2a10d4437877651167bb" kind="function"><name>demandeExtinctOPL</name></member>
  </compound>
  <compound refid="struct_p_i___i_n" kind="struct"><name>PI_IN</name>
    <member refid="struct_p_i___i_n_1a5a0fedeabec540480a57f2700abf8565" kind="variable"><name>in_CN_array</name></member>
  </compound>
  <compound refid="struct_p_i___o_u_t" kind="struct"><name>PI_OUT</name>
    <member refid="struct_p_i___o_u_t_1a6acd9eeaf14a6221c85373ee72ca3b1a" kind="variable"><name>out_CN_array</name></member>
  </compound>
  <compound refid="classsensor" kind="class"><name>sensor</name>
    <member refid="classsensor_1aeaa38c2a2b5e33314a4fe9ff905dc0c6" kind="function"><name>sensor</name></member>
    <member refid="classsensor_1a9252346748c0bd090109ee5bcf45f13a" kind="function"><name>~sensor</name></member>
    <member refid="classsensor_1a136fdef7c492900f3ff9baa211607cb5" kind="function"><name>initSensor</name></member>
    <member refid="classsensor_1ad3b9b11298007378ec5b9127694580af" kind="function"><name>extinctSensor</name></member>
  </compound>
  <compound refid="structt_options" kind="struct"><name>tOptions</name>
    <member refid="structt_options_1a1ddf0a10016825f0e7bae38a02387126" kind="variable"><name>nodeId</name></member>
    <member refid="structt_options_1ad4dfda079fb51a7c23ff0321a2fc920e" kind="variable"><name>logFormat</name></member>
    <member refid="structt_options_1ac41ac397dd5398c735a7845a023e7877" kind="variable"><name>logLevel</name></member>
    <member refid="structt_options_1ac2d0a48a3d2ed344da01233e48372775" kind="variable"><name>logCategory</name></member>
    <member refid="structt_options_1a675c269016681a9bf07a16d975c20963" kind="variable"><name>devName</name></member>
  </compound>
  <compound refid="classvalve" kind="class"><name>valve</name>
    <member refid="classvalve_1af2362056385e00eb0477c7d57836572d" kind="function"><name>valve</name></member>
    <member refid="classvalve_1ad13f3b2288a13ef68ff1b5bdb87077c2" kind="function"><name>~valve</name></member>
    <member refid="classvalve_1a86e16a5cc95d9bec4ee8eec6722760fe" kind="function"><name>initValve</name></member>
    <member refid="classvalve_1a82140bbfd1329eea0100b8359cc9ebc2" kind="function"><name>actionnementValvesInit</name></member>
    <member refid="classvalve_1aac2cd5441d1c1a1180e18af2468a4547" kind="function"><name>actionnementValve</name></member>
    <member refid="classvalve_1a1364f1770f8218d7a0077ca2a953371b" kind="function"><name>verifDependanceValves</name></member>
    <member refid="classvalve_1ae69c309265ce0269e0207043fb6b06ca" kind="function"><name>isDependanceActive</name></member>
    <member refid="classvalve_1a17fdfe4c2fe56901e25e94f7af0a0a86" kind="function"><name>startTimerDependance</name></member>
    <member refid="classvalve_1a5dae9e8165e79289e59e2426f9d75d29" kind="function"><name>isTimerExeeded</name></member>
    <member refid="classvalve_1a3db8975d7c2cc46b33fd65e683e8c6df" kind="function"><name>extinctValve</name></member>
  </compound>
  <compound refid="namespacestd" kind="namespace"><name>std</name>
  </compound>
  <compound refid="config_define_8h" kind="file"><name>configDefine.h</name>
    <member refid="config_define_8h_1ac9ac8ba41c4385306791b6640b1d51dc" kind="define"><name>CYCLE_LEN</name></member>
    <member refid="config_define_8h_1a14b0a7da8cf3edbfec9630c2ec290148" kind="define"><name>IP_ADDR</name></member>
    <member refid="config_define_8h_1ab0092e2619bef8d5375800f507d3080c" kind="define"><name>DEFAULT_GATEWAY</name></member>
    <member refid="config_define_8h_1a2277cfa773d618a987524fc0590fe253" kind="define"><name>SUBNET_MASK</name></member>
    <member refid="config_define_8h_1a563cad7e347a704508920c0c59f74808" kind="define"><name>DEVNAME</name></member>
    <member refid="config_define_8h_1ab5cbebecab98e4234ae1b2e5ff94ccbc" kind="define"><name>SIZE_OUT</name></member>
    <member refid="config_define_8h_1ac072f7043a3fb31b4fc2d1bcb687c157" kind="define"><name>SIZE_IN</name></member>
    <member refid="config_define_8h_1a4e49face896c52c0f543cd14338d503d" kind="define"><name>COMPUTED_PI_OUT_SIZE</name></member>
    <member refid="config_define_8h_1a14557d5857db9a5a599b852033ce8de5" kind="define"><name>COMPUTED_PI_IN_SIZE</name></member>
    <member refid="config_define_8h_1a2e79cb96de76e27ba54960b579c9f530" kind="define"><name>IIOSYSPATH</name></member>
    <member refid="config_define_8h_1a60a00eebde352da82280909d3b60a2e7" kind="define"><name>MODBUS_DEVICELOC</name></member>
    <member refid="config_define_8h_1afa578deb5cc34a8d1a2c27d959ba68bf" kind="define"><name>MODBUS_NBREG</name></member>
    <member refid="config_define_8h_1aa3d1fc2927eec213e6b5f9e854c392d2" kind="define"><name>MAX_SENSORS</name></member>
    <member refid="config_define_8h_1aec2426c8f9412cf841cdfd2a4b88a783" kind="define"><name>MAX_ADC</name></member>
    <member refid="config_define_8h_1a8538e713d830bd0982bbc0e185db5d05" kind="define"><name>ADC_READ_ERROR</name></member>
    <member refid="config_define_8h_1a9703a43ebf2d3b02efe3f13807bbd202" kind="define"><name>CHIP_PATH</name></member>
    <member refid="config_define_8h_1abcc3ea803cac2ea690fac3f5ceb23211" kind="define"><name>MAX_VALVES</name></member>
    <member refid="config_define_8h_1a9eb6992d76f02128388ae95c0415604a" kind="define"><name>MAX_PATH_LENGTH</name></member>
    <member refid="config_define_8h_1a706068f562dd5c64a8b7bbd4b2298dd1" kind="define"><name>MAX_LINE_SIZE</name></member>
    <member refid="config_define_8h_1a56d2ae7dc00f8f120314a9de4a9efcbe" kind="define"><name>MAX_PHYSICAL_LINE_SIZE</name></member>
    <member refid="config_define_8h_1a61233d5f57b883028d50415837de9da1" kind="define"><name>STATE_CSV_DIRECTORY</name></member>
    <member refid="config_define_8h_1ab5026e01006a4457989b22c57cc98f02" kind="define"><name>PHYSICAL_CONFIG_VANNES_DIRECTORY</name></member>
    <member refid="config_define_8h_1adb2604b345fe7f2f732f29ff27f245ab" kind="define"><name>PHYSICAL_CONFIG_SENSORS_DIRECTORY</name></member>
    <member refid="config_define_8h_1af03b9ef4da5daeff7665f07931101fdb" kind="define"><name>COMMON_PHYSICAL_CONFIG_DIRECTORY</name></member>
    <member refid="config_define_8h_1a4714f9212329c04dc628e204388611a1" kind="define"><name>EG_ETAT_DIRECTORY</name></member>
    <member refid="config_define_8h_1aeead33868b09a953457fd5235525bd39" kind="define"><name>TELEMFILES_DIRECTORY</name></member>
    <member refid="config_define_8h_1a33e0ce62bb48bae39a3086aa66f18abf" kind="define"><name>EVENTLOG_MAX_LENGTH</name></member>
    <member refid="config_define_8h_1a2c15aa6025df557ee17f49ec0de3ca3e" kind="define"><name>DELAYMSINIT</name></member>
    <member refid="config_define_8h_1a0cb3b08249c5a31d756d998565ed6a35" kind="define"><name>DELAYMSCONTROL</name></member>
  </compound>
  <compound refid="csv_8h" kind="file"><name>csv.h</name>
    <member refid="csv_8h_1ae4cbc04f9c4323ec7a331ddef6b578c4" kind="variable"><name>dataEtats</name></member>
    <member refid="csv_8h_1a0604c88114d265423bd058430aef5358" kind="variable"><name>dataPhysicalConfigVannes</name></member>
    <member refid="csv_8h_1a545bddd902931ddd3692b3792d3958b4" kind="variable"><name>dataPhysicalConfigSensors</name></member>
    <member refid="csv_8h_1a6d01cb64bb5d3e9ccda826e7b892ae18" kind="variable"><name>dataActivation</name></member>
    <member refid="csv_8h_1ac119725e56f891ac0af277ad61a9eaf4" kind="variable"><name>dataEG</name></member>
    <member refid="csv_8h_1a57ce52f959b46f63b41ea53578833174" kind="function"><name>initCSV</name></member>
    <member refid="csv_8h_1a44cd2131057b27749a53caad3ec77eb9" kind="function"><name>refreshCSV</name></member>
    <member refid="csv_8h_1a39604608c86deb3e5925261c5a9413ca" kind="function"><name>extinctCSV</name></member>
    <member refid="csv_8h_1a810cafce9c6d5bb3e3ec3e8754ca924c" kind="function"><name>lireFichierCSV</name></member>
    <member refid="csv_8h_1ad8987ecbd2c5ce44f2a930a28a012b99" kind="function"><name>lireFichierVannes</name></member>
    <member refid="csv_8h_1ade728b48c3405b05be12be8e6b5d5206" kind="function"><name>lireFichierSensors</name></member>
    <member refid="csv_8h_1a2e7bd32b81cf14bdd3867119fe4c75c2" kind="function"><name>lireFichierActivation</name></member>
    <member refid="csv_8h_1a6c7104900937bff943d7f36f4f9cb7f0" kind="function"><name>lireFichierEG</name></member>
    <member refid="csv_8h_1a134699cebaabd514d62d43ed18cee67d" kind="function"><name>remplirStructure</name></member>
    <member refid="csv_8h_1a6a858555dd145f61931120807004cf55" kind="function"><name>remplirStructureVannesPhysicalCONFIG</name></member>
    <member refid="csv_8h_1a268de499892be836f042bfc112a904ea" kind="function"><name>remplirStructureSensorsPhysicalCONFIG</name></member>
    <member refid="csv_8h_1ab2ab3ac11ce7f23bde4ddf923050b533" kind="function"><name>remplirStructureCommon</name></member>
    <member refid="csv_8h_1acbc16f61c722ba86bac4676c366b09bb" kind="function"><name>remplirEG</name></member>
    <member refid="csv_8h_1ab23dd7339a925518cc7ccb9c8ff617c9" kind="function"><name>getValeur</name></member>
    <member refid="csv_8h_1a8a1a11a2771226955ece875f170f2f0c" kind="function"><name>getDependanceVannes</name></member>
    <member refid="csv_8h_1a42f02acae60cc52772c5933fd490bac0" kind="function"><name>getTimerVannes</name></member>
    <member refid="csv_8h_1a06ba5d2bce46c751d895dbf5678036ae" kind="function"><name>getEtatInitialVannes</name></member>
    <member refid="csv_8h_1a208a08d00b78203d1aa620f641f0b9c9" kind="function"><name>getPortGPIO</name></member>
    <member refid="csv_8h_1aef9ab8154afc84c92aa1ad1875286257" kind="function"><name>getSensorType</name></member>
    <member refid="csv_8h_1af50249c502d41696db81f66102243725" kind="function"><name>getModbusAddrRemoteSlave</name></member>
    <member refid="csv_8h_1a1a782f9afa439eff3d3e807e2149de16" kind="function"><name>getModbusStartAddress</name></member>
    <member refid="csv_8h_1a2ad8c1b450a7a8b11739ad7c242ac542" kind="function"><name>getModbusNbRegisters</name></member>
    <member refid="csv_8h_1a2029326f9ecfe8df759544bfbcdd93b9" kind="function"><name>getModbusBaudRate</name></member>
    <member refid="csv_8h_1aa6a5195ce6685aec2a8e126bc67118e8" kind="function"><name>getModbusParity</name></member>
    <member refid="csv_8h_1aefc2a7d71cf262dae1961f894ad59250" kind="function"><name>getModbusDataBits</name></member>
    <member refid="csv_8h_1a7db02ded3c19f89ba4b3cde6585fd7e4" kind="function"><name>getModbusStopBit</name></member>
    <member refid="csv_8h_1a59b3cd375160ea778a774e62c7c64f7d" kind="function"><name>getActivation</name></member>
    <member refid="csv_8h_1a70bcd737e5a40f36e1cccaf3a7f63379" kind="function"><name>getEGcsv</name></member>
    <member refid="csv_8h_1a3020b0ac72052eacef78e25c399ce4a6" kind="function"><name>getNomFichiercsv</name></member>
    <member refid="csv_8h_1a6b63c44df8b905d77b2c66f1cea86204" kind="function"><name>searchEG</name></member>
    <member refid="csv_8h_1a12cdfbd8ea531195d20d46386535a300" kind="function"><name>removeCarriageReturn</name></member>
  </compound>
  <compound refid="event_opl_8h" kind="file"><name>eventOpl.h</name>
    <member refid="event_opl_8h_1aa6211577a11055a43fb577b465ade606" kind="function"><name>initEvents</name></member>
    <member refid="event_opl_8h_1ad6f574bee28d3a8f66b5885f365a8df2" kind="function"><name>processEvents</name></member>
  </compound>
  <compound refid="file_8h" kind="file"><name>file.h</name>
  </compound>
  <compound refid="node_id_8h" kind="file"><name>nodeId.h</name>
    <member refid="node_id_8h_1a2f7945514ea8b2c7145cf68d47c96a08" kind="define"><name>NODEID</name></member>
    <member refid="node_id_8h_1a6206026f72c671f64485c7be7f4288d2" kind="define"><name>NB_NODES</name></member>
  </compound>
  <compound refid="opl_8h" kind="file"><name>opl.h</name>
    <member refid="opl_8h_1a063c1e70bcbeb72b1c2483b200839a85" kind="variable"><name>EG</name></member>
    <member refid="opl_8h_1aba40364eb56f2caf1d7528fd61b2e22e" kind="variable"><name>EC</name></member>
    <member refid="opl_8h_1a8dd1817cec0b1c38e0b7eb2470855b25" kind="variable"><name>nbValuesCN_Out</name></member>
    <member refid="opl_8h_1a38621a01003975db3d4d97d7c7b5c874" kind="variable"><name>nbValuesCN_In</name></member>
    <member refid="opl_8h_1afbb7865bc950120040f337a3631fc921" kind="variable"><name>nbValuesCN_Out_ByCN</name></member>
    <member refid="opl_8h_1ae734e3ff803ba9ee9ce69f720764c48a" kind="variable"><name>nbValuesCN_In_ByCN</name></member>
    <member refid="opl_8h_1a730d6cf41b1191a63dae8e8f789e47f0" kind="function"><name>initPowerlink</name></member>
    <member refid="opl_8h_1ac31969ba716dc382cc1e4c9fcf8f06cc" kind="function"><name>initOplThread</name></member>
    <member refid="opl_8h_1a6928095e76089df62d549c72bf870b44" kind="function"><name>initProcessImage</name></member>
    <member refid="opl_8h_1aaf99cd726620ac95ff0d54f65485fb2a" kind="function"><name>shutdownOplImage</name></member>
    <member refid="opl_8h_1a0ef4d7da28dda5ddc116bd105c9f90ec" kind="function"><name>checkStateOpl</name></member>
    <member refid="opl_8h_1aaf3f45fd8772392506e2cd143b46a455" kind="function"><name>shutdownPowerlink</name></member>
    <member refid="opl_8h_1ae81275d52dd3a37962b186af93bfad39" kind="function"><name>setupInputs</name></member>
    <member refid="opl_8h_1ac86056da77ac48c34bffd6a85f4567fe" kind="function"><name>processSync</name></member>
    <member refid="opl_8h_1a49664de4542533264f5f1815b1a137b2" kind="function"><name>linkPDO_in</name></member>
    <member refid="opl_8h_1aaf257da318c70fd67b780dadb03ed60e" kind="function"><name>linkPDO_out</name></member>
    <member refid="opl_8h_1a670c5cd6fdf306df596560ec23f0cd2f" kind="function"><name>initOPL</name></member>
    <member refid="opl_8h_1a43f9337be3f9efa2653d87b1f95af44c" kind="function"><name>extinctOPL</name></member>
    <member refid="opl_8h_1ad0b902027740ec16636d93ee162aeb5d" kind="function"><name>getValues_In_CN</name></member>
    <member refid="opl_8h_1aee2f3fe4573dcc68e0ead2380eb83317" kind="function"><name>setValues_Out_CN</name></member>
    <member refid="opl_8h_1a77c6ae0352e357ac9d8bdb83fe406e64" kind="function"><name>getValues_Out_CN</name></member>
    <member refid="opl_8h_1a72f880ddaa32ea28cd0e12658c3e8d67" kind="function"><name>setActivated_Out_CN</name></member>
    <member refid="opl_8h_1a0e626359c6d8f3e0bc7e7c19c01fa820" kind="function"><name>affValeursIn</name></member>
    <member refid="opl_8h_1a7a60aa76d8b9af7a1930275e02aa2ab5" kind="function"><name>affValeursProcessIn</name></member>
    <member refid="opl_8h_1a7f68cfdc214d014a4d8676853a577e31" kind="function"><name>affValeursOut</name></member>
    <member refid="opl_8h_1aa1f5fd46ab8ace6894efe23293d8a9b8" kind="function"><name>getEG</name></member>
    <member refid="opl_8h_1af37cdd5c32789328a95994329b009c24" kind="function"><name>isEGchanged</name></member>
    <member refid="opl_8h_1ae9b61003fe95b3102ea909630e17ba93" kind="function"><name>setEC</name></member>
  </compound>
  <compound refid="sensor_8h" kind="file"><name>sensor.h</name>
    <member refid="sensor_8h_1a084710571b3a23b14fe1bc00ef626f52" kind="function"><name>readChannels</name></member>
    <member refid="sensor_8h_1abf077aeb27cbf890c5006ed980d1c6f4" kind="function"><name>closeAdc</name></member>
    <member refid="sensor_8h_1ab4df458eba25efa399c8531f2417d648" kind="function"><name>readAdc</name></member>
    <member refid="sensor_8h_1aaee06476c9ddb6ab8457694fdd20cccc" kind="function"><name>openAdc</name></member>
    <member refid="sensor_8h_1a95ae932c940a8d52f42f256155300708" kind="function"><name>getAdc_value</name></member>
  </compound>
  <compound refid="status_error_define_8h" kind="file"><name>statusErrorDefine.h</name>
    <member refid="status_error_define_8h_1adf0c44f8de9b8e78b0e56caacfa1ac94" kind="enum"><name>statusErrDef</name></member>
    <member refid="status_error_define_8h_1adf0c44f8de9b8e78b0e56caacfa1ac94ab22416d928134d1c6c7b2e8d2c31f20b" kind="enumvalue"><name>noError</name></member>
    <member refid="status_error_define_8h_1adf0c44f8de9b8e78b0e56caacfa1ac94a8b992258cae8775371242263b1b63c08" kind="enumvalue"><name>infoInitCSV</name></member>
    <member refid="status_error_define_8h_1adf0c44f8de9b8e78b0e56caacfa1ac94a33282492c0682ba4272d206c0c76a476" kind="enumvalue"><name>infoCSVChanged</name></member>
    <member refid="status_error_define_8h_1adf0c44f8de9b8e78b0e56caacfa1ac94a3e92293429589d611d781d83a0c14864" kind="enumvalue"><name>infoShutdownCSV</name></member>
    <member refid="status_error_define_8h_1adf0c44f8de9b8e78b0e56caacfa1ac94a9ef364ca76717a6e880992c611f4567f" kind="enumvalue"><name>infoInitOPL</name></member>
    <member refid="status_error_define_8h_1adf0c44f8de9b8e78b0e56caacfa1ac94a999c5392645c39b07e6b15445143cb58" kind="enumvalue"><name>infoEGNotChanged</name></member>
    <member refid="status_error_define_8h_1adf0c44f8de9b8e78b0e56caacfa1ac94acd2d81872afb7b452fdc7e9a11d13d79" kind="enumvalue"><name>infoStopOrderReceived</name></member>
    <member refid="status_error_define_8h_1adf0c44f8de9b8e78b0e56caacfa1ac94a7aa913f5c87b2f9c4bec8e180721e199" kind="enumvalue"><name>infoNoStopOrder</name></member>
    <member refid="status_error_define_8h_1adf0c44f8de9b8e78b0e56caacfa1ac94a2c3908b363a14d9a6d75acef16c66a44" kind="enumvalue"><name>infoModeSetToManual</name></member>
    <member refid="status_error_define_8h_1adf0c44f8de9b8e78b0e56caacfa1ac94a123fe6d3e60b7489a599703203770d9f" kind="enumvalue"><name>infoEGsetToZero</name></member>
    <member refid="status_error_define_8h_1adf0c44f8de9b8e78b0e56caacfa1ac94a8b055c6b5a03623894e2735710fdfaca" kind="enumvalue"><name>infoShutdownOPL</name></member>
    <member refid="status_error_define_8h_1adf0c44f8de9b8e78b0e56caacfa1ac94a53171600fab70738553b593c6c3db77d" kind="enumvalue"><name>infoInitValve</name></member>
    <member refid="status_error_define_8h_1adf0c44f8de9b8e78b0e56caacfa1ac94a80338adb7be3d180e1333815812d274d" kind="enumvalue"><name>infoVerifDependSucess</name></member>
    <member refid="status_error_define_8h_1adf0c44f8de9b8e78b0e56caacfa1ac94a9ae1f6622501f46a2c7dbcf1217a700b" kind="enumvalue"><name>infoNoDepend</name></member>
    <member refid="status_error_define_8h_1adf0c44f8de9b8e78b0e56caacfa1ac94adcffca0fc897e7e44bc66c6f47ae8a1e" kind="enumvalue"><name>infoValveAlreadyActivated</name></member>
    <member refid="status_error_define_8h_1adf0c44f8de9b8e78b0e56caacfa1ac94aa0f22b79ff1056e5dbd2add0afba892c" kind="enumvalue"><name>infoAllDependNotActivated</name></member>
    <member refid="status_error_define_8h_1adf0c44f8de9b8e78b0e56caacfa1ac94ab3077fec19fccfeb9d807e656556c75e" kind="enumvalue"><name>infoShutdownValve</name></member>
    <member refid="status_error_define_8h_1adf0c44f8de9b8e78b0e56caacfa1ac94afd0bd927b473d07ca7ce9723666b3d7a" kind="enumvalue"><name>infoInitSensor</name></member>
    <member refid="status_error_define_8h_1adf0c44f8de9b8e78b0e56caacfa1ac94ae90bcc7ae0a81f0d17f0620649cffe06" kind="enumvalue"><name>infoReadChannels</name></member>
    <member refid="status_error_define_8h_1adf0c44f8de9b8e78b0e56caacfa1ac94ace6949520e27cb5384ef035c68693375" kind="enumvalue"><name>infoShutdownSensor</name></member>
    <member refid="status_error_define_8h_1adf0c44f8de9b8e78b0e56caacfa1ac94ae2d916991a99ff8e3b05605063b91b78" kind="enumvalue"><name>infoStateToInit</name></member>
    <member refid="status_error_define_8h_1adf0c44f8de9b8e78b0e56caacfa1ac94a4f8af5104200cbeec9dd2664b09db5fb" kind="enumvalue"><name>infoStateToControl</name></member>
    <member refid="status_error_define_8h_1adf0c44f8de9b8e78b0e56caacfa1ac94a07e3be144c2a7d4c69691470f0bcd261" kind="enumvalue"><name>infoStateToManualMode</name></member>
    <member refid="status_error_define_8h_1adf0c44f8de9b8e78b0e56caacfa1ac94a01e41b59bd1914b962c2219c0eeca685" kind="enumvalue"><name>infoStateToShutdown</name></member>
    <member refid="status_error_define_8h_1adf0c44f8de9b8e78b0e56caacfa1ac94ae7bf9a86fbf981c6e4caf5912790bd4a" kind="enumvalue"><name>errOpenTelemFile</name></member>
    <member refid="status_error_define_8h_1adf0c44f8de9b8e78b0e56caacfa1ac94ad8e0328b57f4daa9a6a29519f1d8558a" kind="enumvalue"><name>errTestWriteFile</name></member>
    <member refid="status_error_define_8h_1adf0c44f8de9b8e78b0e56caacfa1ac94a2a9edd04aaa6fed4564c1a9018a287f5" kind="enumvalue"><name>errCloseTelemFile</name></member>
    <member refid="status_error_define_8h_1adf0c44f8de9b8e78b0e56caacfa1ac94a7f5fa8b07e851d30728b48a6706f3406" kind="enumvalue"><name>errAllocDataEG</name></member>
    <member refid="status_error_define_8h_1adf0c44f8de9b8e78b0e56caacfa1ac94aa17dee312ce9f8b84311bcfeeea687e4" kind="enumvalue"><name>errAllocDataEtats</name></member>
    <member refid="status_error_define_8h_1adf0c44f8de9b8e78b0e56caacfa1ac94a52c0a0dc9ef385f587dda867044b4643" kind="enumvalue"><name>errAllocDataPhysValves</name></member>
    <member refid="status_error_define_8h_1adf0c44f8de9b8e78b0e56caacfa1ac94ae97856e69e4799dd26242af002ea490d" kind="enumvalue"><name>errAllocDataPhysSensors</name></member>
    <member refid="status_error_define_8h_1adf0c44f8de9b8e78b0e56caacfa1ac94aa748b576dd63269692bf94745ebde592" kind="enumvalue"><name>errAllocDataActivation</name></member>
    <member refid="status_error_define_8h_1adf0c44f8de9b8e78b0e56caacfa1ac94a30f34309a812bd0a316489459b8bb55d" kind="enumvalue"><name>errOpenEGFile</name></member>
    <member refid="status_error_define_8h_1adf0c44f8de9b8e78b0e56caacfa1ac94a14f3c6267c7217f788ac3ce46bd60835" kind="enumvalue"><name>errEGNotFoundInFile</name></member>
    <member refid="status_error_define_8h_1adf0c44f8de9b8e78b0e56caacfa1ac94a12741a8473115ee22c636b93fbef02a4" kind="enumvalue"><name>errOpenEtatsFile</name></member>
    <member refid="status_error_define_8h_1adf0c44f8de9b8e78b0e56caacfa1ac94aec51d52bd267e359598a1910f12b65b4" kind="enumvalue"><name>errOpenPhysValvesFile</name></member>
    <member refid="status_error_define_8h_1adf0c44f8de9b8e78b0e56caacfa1ac94a9883c20b0333d35a1a7b2342627a536c" kind="enumvalue"><name>errOpenPhysSensorsFile</name></member>
    <member refid="status_error_define_8h_1adf0c44f8de9b8e78b0e56caacfa1ac94aa8dbde321e31e69aeaa49dc7f37bbc16" kind="enumvalue"><name>errOpenActivationFile</name></member>
    <member refid="status_error_define_8h_1adf0c44f8de9b8e78b0e56caacfa1ac94ae1a5bbac3235cbdf4dfdaf395813d328" kind="enumvalue"><name>errOPLSystemInit</name></member>
    <member refid="status_error_define_8h_1adf0c44f8de9b8e78b0e56caacfa1ac94a3ccc2755005e3b8f7aedd3787bef4869" kind="enumvalue"><name>errSelNetInterface</name></member>
    <member refid="status_error_define_8h_1adf0c44f8de9b8e78b0e56caacfa1ac94a3ebf20f82ef4ab6c130e48091c95cba7" kind="enumvalue"><name>errInitObjDictionary</name></member>
    <member refid="status_error_define_8h_1adf0c44f8de9b8e78b0e56caacfa1ac94a93dde49c48ef9bb619348e72d664c43d" kind="enumvalue"><name>errOplkInit</name></member>
    <member refid="status_error_define_8h_1adf0c44f8de9b8e78b0e56caacfa1ac94ae58a341d48e59f97d21886e8e27b0db8" kind="enumvalue"><name>errOplkCreate</name></member>
    <member refid="status_error_define_8h_1adf0c44f8de9b8e78b0e56caacfa1ac94aeea752eff283031109152c89cad12c40" kind="enumvalue"><name>errOplkAllocProcessImage</name></member>
    <member refid="status_error_define_8h_1adf0c44f8de9b8e78b0e56caacfa1ac94a6f6e0379e57e89a0eb4d33299a5716d3" kind="enumvalue"><name>errLinkPDOout</name></member>
    <member refid="status_error_define_8h_1adf0c44f8de9b8e78b0e56caacfa1ac94a34c4ba48af587dadc519d4b49f773fbb" kind="enumvalue"><name>errLinkPDOEGin</name></member>
    <member refid="status_error_define_8h_1adf0c44f8de9b8e78b0e56caacfa1ac94a2d71b8bf78bab50fc7914c15391b7e4c" kind="enumvalue"><name>errLinkPDOin</name></member>
    <member refid="status_error_define_8h_1adf0c44f8de9b8e78b0e56caacfa1ac94adc47549c3ae339d7b2b8d77ac0ad63bf" kind="enumvalue"><name>errSendNMTResetCommand</name></member>
    <member refid="status_error_define_8h_1adf0c44f8de9b8e78b0e56caacfa1ac94acb7ab15cc47c08906b755f31f53b39b3" kind="enumvalue"><name>errOplkFreeProcessImage</name></member>
    <member refid="status_error_define_8h_1adf0c44f8de9b8e78b0e56caacfa1ac94a577af9c3c84d95925e05d66000b3d411" kind="enumvalue"><name>errSystemSendTerminate</name></member>
    <member refid="status_error_define_8h_1adf0c44f8de9b8e78b0e56caacfa1ac94a34e5cf990e434aa370892b7d204206c8" kind="enumvalue"><name>errOplKernelStackDown</name></member>
    <member refid="status_error_define_8h_1adf0c44f8de9b8e78b0e56caacfa1ac94aebbac86c9dfcf75f2812d9ef1e93693b" kind="enumvalue"><name>errGPIOPathEmpty</name></member>
    <member refid="status_error_define_8h_1adf0c44f8de9b8e78b0e56caacfa1ac94a19ac259774bb0891cc3bad74473984c5" kind="enumvalue"><name>errOpenGPIO</name></member>
    <member refid="status_error_define_8h_1adf0c44f8de9b8e78b0e56caacfa1ac94ad601b41162c91eaf13e62a938db42636" kind="enumvalue"><name>errGPIOGetLine</name></member>
    <member refid="status_error_define_8h_1adf0c44f8de9b8e78b0e56caacfa1ac94a2485272769a6cfdbf6f91340bb741092" kind="enumvalue"><name>errGPIORequestOutput</name></member>
    <member refid="status_error_define_8h_1adf0c44f8de9b8e78b0e56caacfa1ac94a49c48509a2e506bb1cdbf57f6638dbe2" kind="enumvalue"><name>errGetValveInitValue</name></member>
    <member refid="status_error_define_8h_1adf0c44f8de9b8e78b0e56caacfa1ac94aec2040d37c7bf6607456c056344f6c42" kind="enumvalue"><name>errValueInitIsNotBinary</name></member>
    <member refid="status_error_define_8h_1adf0c44f8de9b8e78b0e56caacfa1ac94a763d85cc76cf1596ee353e9fb1b38903" kind="enumvalue"><name>errGPIOSetInitValue</name></member>
    <member refid="status_error_define_8h_1adf0c44f8de9b8e78b0e56caacfa1ac94ab6044186bf03edb2f4ae79d23c664644" kind="enumvalue"><name>errGPIOGetValue</name></member>
    <member refid="status_error_define_8h_1adf0c44f8de9b8e78b0e56caacfa1ac94af034509b765efa4ee9fc365cc6db4943" kind="enumvalue"><name>errGPIODependValue</name></member>
    <member refid="status_error_define_8h_1adf0c44f8de9b8e78b0e56caacfa1ac94a214fda571451d3d8b705490f276a81ce" kind="enumvalue"><name>errDependOutsideOfRange</name></member>
    <member refid="status_error_define_8h_1adf0c44f8de9b8e78b0e56caacfa1ac94a9a1dd444c2528ae6922e7fdec7f37611" kind="enumvalue"><name>errValueIsNotBinary</name></member>
    <member refid="status_error_define_8h_1adf0c44f8de9b8e78b0e56caacfa1ac94a5c2c18ec122e2cca417baf06cc784129" kind="enumvalue"><name>errGPIOSetValue</name></member>
    <member refid="status_error_define_8h_1adf0c44f8de9b8e78b0e56caacfa1ac94a117109c04d16b697e197f21a45362fec" kind="enumvalue"><name>errGPIORelease</name></member>
    <member refid="status_error_define_8h_1adf0c44f8de9b8e78b0e56caacfa1ac94abb3be0d1d4505ac1644533c725c8652d" kind="enumvalue"><name>errOpenAdc</name></member>
    <member refid="status_error_define_8h_1adf0c44f8de9b8e78b0e56caacfa1ac94a853bb660c03c4d6dbdf70e139b46600d" kind="enumvalue"><name>errReadAdc</name></member>
    <member refid="status_error_define_8h_1adf0c44f8de9b8e78b0e56caacfa1ac94a282120158405e4a34ce8e365c3684fb8" kind="enumvalue"><name>errCloseAdc</name></member>
    <member refid="status_error_define_8h_1a46c8a310cf4c094f8c80e1cb8dc1f911" kind="enum"><name>Mode</name></member>
    <member refid="status_error_define_8h_1a46c8a310cf4c094f8c80e1cb8dc1f911a9761086e420b925e438327ad385b304d" kind="enumvalue"><name>automatic</name></member>
    <member refid="status_error_define_8h_1a46c8a310cf4c094f8c80e1cb8dc1f911af2ff5ec687c78928f81c2842750e3f67" kind="enumvalue"><name>manual</name></member>
    <member refid="status_error_define_8h_1a8a5ff9e57db5d201dadd5d4dcacafd50" kind="enum"><name>stateDef</name></member>
    <member refid="status_error_define_8h_1a8a5ff9e57db5d201dadd5d4dcacafd50a2e804b7c8163d212e6231f5228f73ce9" kind="enumvalue"><name>init</name></member>
    <member refid="status_error_define_8h_1a8a5ff9e57db5d201dadd5d4dcacafd50a373c041552bf3349d36d40032aebd826" kind="enumvalue"><name>controlAndAcquisition</name></member>
    <member refid="status_error_define_8h_1a8a5ff9e57db5d201dadd5d4dcacafd50a806a2e610a79f2c33cb4d122a0f0f877" kind="enumvalue"><name>shutdown</name></member>
    <member refid="status_error_define_8h_1a8a5ff9e57db5d201dadd5d4dcacafd50a6135603307626f48d62e2faa86a1d255" kind="enumvalue"><name>ending</name></member>
    <member refid="status_error_define_8h_1a2618e89b4c26dc851feae865df3a1a49" kind="variable"><name>mode</name></member>
  </compound>
  <compound refid="valve_8h" kind="file"><name>valve.h</name>
    <member refid="valve_8h_1add60b51091e6e3c9653ed8400895e3a1" kind="function"><name>setValvesValue</name></member>
    <member refid="valve_8h_1ad4e5b817af0b9501d2a6e6deb0c89445" kind="function"><name>getValvesInitValue</name></member>
    <member refid="valve_8h_1acd6fee6c4a2ab256a33ff4bc2c6ef745" kind="function"><name>getValveValue</name></member>
    <member refid="valve_8h_1ad6ff3dc82333091b53b2fbdc3ef5842e" kind="function"><name>resetTimers</name></member>
  </compound>
  <compound refid="xap_opl_8h" kind="file"><name>xapOpl.h</name>
  </compound>
  <compound refid="csv_8cpp" kind="file"><name>csv.cpp</name>
    <member refid="csv_8cpp_1ae4cbc04f9c4323ec7a331ddef6b578c4" kind="variable"><name>dataEtats</name></member>
    <member refid="csv_8cpp_1a0604c88114d265423bd058430aef5358" kind="variable"><name>dataPhysicalConfigVannes</name></member>
    <member refid="csv_8cpp_1a545bddd902931ddd3692b3792d3958b4" kind="variable"><name>dataPhysicalConfigSensors</name></member>
    <member refid="csv_8cpp_1a6d01cb64bb5d3e9ccda826e7b892ae18" kind="variable"><name>dataActivation</name></member>
    <member refid="csv_8cpp_1ac119725e56f891ac0af277ad61a9eaf4" kind="variable"><name>dataEG</name></member>
    <member refid="csv_8cpp_1a57ce52f959b46f63b41ea53578833174" kind="function"><name>initCSV</name></member>
    <member refid="csv_8cpp_1a44cd2131057b27749a53caad3ec77eb9" kind="function"><name>refreshCSV</name></member>
    <member refid="csv_8cpp_1a39604608c86deb3e5925261c5a9413ca" kind="function"><name>extinctCSV</name></member>
    <member refid="csv_8cpp_1a6c7104900937bff943d7f36f4f9cb7f0" kind="function"><name>lireFichierEG</name></member>
    <member refid="csv_8cpp_1a810cafce9c6d5bb3e3ec3e8754ca924c" kind="function"><name>lireFichierCSV</name></member>
    <member refid="csv_8cpp_1ad8987ecbd2c5ce44f2a930a28a012b99" kind="function"><name>lireFichierVannes</name></member>
    <member refid="csv_8cpp_1ade728b48c3405b05be12be8e6b5d5206" kind="function"><name>lireFichierSensors</name></member>
    <member refid="csv_8cpp_1a2e7bd32b81cf14bdd3867119fe4c75c2" kind="function"><name>lireFichierActivation</name></member>
    <member refid="csv_8cpp_1a134699cebaabd514d62d43ed18cee67d" kind="function"><name>remplirStructure</name></member>
    <member refid="csv_8cpp_1a6a858555dd145f61931120807004cf55" kind="function"><name>remplirStructureVannesPhysicalCONFIG</name></member>
    <member refid="csv_8cpp_1a268de499892be836f042bfc112a904ea" kind="function"><name>remplirStructureSensorsPhysicalCONFIG</name></member>
    <member refid="csv_8cpp_1ab2ab3ac11ce7f23bde4ddf923050b533" kind="function"><name>remplirStructureCommon</name></member>
    <member refid="csv_8cpp_1acbc16f61c722ba86bac4676c366b09bb" kind="function"><name>remplirEG</name></member>
    <member refid="csv_8cpp_1ab23dd7339a925518cc7ccb9c8ff617c9" kind="function"><name>getValeur</name></member>
    <member refid="csv_8cpp_1a8a1a11a2771226955ece875f170f2f0c" kind="function"><name>getDependanceVannes</name></member>
    <member refid="csv_8cpp_1a42f02acae60cc52772c5933fd490bac0" kind="function"><name>getTimerVannes</name></member>
    <member refid="csv_8cpp_1a06ba5d2bce46c751d895dbf5678036ae" kind="function"><name>getEtatInitialVannes</name></member>
    <member refid="csv_8cpp_1a208a08d00b78203d1aa620f641f0b9c9" kind="function"><name>getPortGPIO</name></member>
    <member refid="csv_8cpp_1aef9ab8154afc84c92aa1ad1875286257" kind="function"><name>getSensorType</name></member>
    <member refid="csv_8cpp_1af50249c502d41696db81f66102243725" kind="function"><name>getModbusAddrRemoteSlave</name></member>
    <member refid="csv_8cpp_1a1a782f9afa439eff3d3e807e2149de16" kind="function"><name>getModbusStartAddress</name></member>
    <member refid="csv_8cpp_1a2029326f9ecfe8df759544bfbcdd93b9" kind="function"><name>getModbusBaudRate</name></member>
    <member refid="csv_8cpp_1aa6a5195ce6685aec2a8e126bc67118e8" kind="function"><name>getModbusParity</name></member>
    <member refid="csv_8cpp_1aefc2a7d71cf262dae1961f894ad59250" kind="function"><name>getModbusDataBits</name></member>
    <member refid="csv_8cpp_1a7db02ded3c19f89ba4b3cde6585fd7e4" kind="function"><name>getModbusStopBit</name></member>
    <member refid="csv_8cpp_1a59b3cd375160ea778a774e62c7c64f7d" kind="function"><name>getActivation</name></member>
    <member refid="csv_8cpp_1a70bcd737e5a40f36e1cccaf3a7f63379" kind="function"><name>getEGcsv</name></member>
    <member refid="csv_8cpp_1a3020b0ac72052eacef78e25c399ce4a6" kind="function"><name>getNomFichiercsv</name></member>
    <member refid="csv_8cpp_1a12cdfbd8ea531195d20d46386535a300" kind="function"><name>removeCarriageReturn</name></member>
    <member refid="csv_8cpp_1a6b63c44df8b905d77b2c66f1cea86204" kind="function"><name>searchEG</name></member>
  </compound>
  <compound refid="event_opl_8c" kind="file"><name>eventOpl.c</name>
    <member refid="event_opl_8c_1a0e1b53cf0cea4698362f22fa97c0ceb4" kind="function"><name>processStateChangeEvent</name></member>
    <member refid="event_opl_8c_1a471f0e4af307e5efc3d9e210cbd55bf3" kind="function"><name>processErrorWarningEvent</name></member>
    <member refid="event_opl_8c_1aa2cf6c59fdc9a28d59a00bc8787eec9d" kind="function"><name>processPdoChangeEvent</name></member>
    <member refid="event_opl_8c_1af1a8110ff93ea225db12eeb7512fff71" kind="variable"><name>pfGsOff_l</name></member>
    <member refid="event_opl_8c_1aa6211577a11055a43fb577b465ade606" kind="function"><name>initEvents</name></member>
    <member refid="event_opl_8c_1ad6f574bee28d3a8f66b5885f365a8df2" kind="function"><name>processEvents</name></member>
  </compound>
  <compound refid="file_8cpp" kind="file"><name>file.cpp</name>
  </compound>
  <compound refid="main_8cpp" kind="file"><name>main.cpp</name>
    <member refid="main_8cpp_1ae66f6b31b5ad750f1fe042a706a4e3d4" kind="function"><name>main</name></member>
  </compound>
  <compound refid="opl_8cpp" kind="file"><name>opl.cpp</name>
    <member refid="opl_8cpp_1a063c1e70bcbeb72b1c2483b200839a85" kind="variable"><name>EG</name></member>
    <member refid="opl_8cpp_1aba40364eb56f2caf1d7528fd61b2e22e" kind="variable"><name>EC</name></member>
    <member refid="opl_8cpp_1a2618e89b4c26dc851feae865df3a1a49" kind="variable"><name>mode</name></member>
    <member refid="opl_8cpp_1a8dd1817cec0b1c38e0b7eb2470855b25" kind="variable"><name>nbValuesCN_Out</name></member>
    <member refid="opl_8cpp_1a38621a01003975db3d4d97d7c7b5c874" kind="variable"><name>nbValuesCN_In</name></member>
    <member refid="opl_8cpp_1afbb7865bc950120040f337a3631fc921" kind="variable"><name>nbValuesCN_Out_ByCN</name></member>
    <member refid="opl_8cpp_1ae734e3ff803ba9ee9ce69f720764c48a" kind="variable"><name>nbValuesCN_In_ByCN</name></member>
    <member refid="opl_8cpp_1af33cb4a9ced83e8a564a44f95a7c740c" kind="variable"><name>aMacAddr_l</name></member>
    <member refid="opl_8cpp_1a8f25e48b0b5122c1580e0728bcba0244" kind="variable"><name>fGsOff_l</name></member>
    <member refid="opl_8cpp_1a322e5734aa46ee4be79084a6a1bd62ab" kind="variable"><name>pProcessImageIn_l</name></member>
    <member refid="opl_8cpp_1a55f888b6071185bbddd12bc7c6edd372" kind="variable"><name>pProcessImageOut_l</name></member>
    <member refid="opl_8cpp_1ada6913a92bdf309ad87fb42dc7be501d" kind="variable"><name>values_In_CN_l</name></member>
    <member refid="opl_8cpp_1aa59e89f762bdbdf6cf15a756fd633b00" kind="variable"><name>values_Out_CN_l</name></member>
    <member refid="opl_8cpp_1a16fd4c0216b92f54732e20dcd77fb18c" kind="variable"><name>activated_Out_CN_l</name></member>
    <member refid="opl_8cpp_1a0e626359c6d8f3e0bc7e7c19c01fa820" kind="function"><name>affValeursIn</name></member>
    <member refid="opl_8cpp_1a7a60aa76d8b9af7a1930275e02aa2ab5" kind="function"><name>affValeursProcessIn</name></member>
    <member refid="opl_8cpp_1a7f68cfdc214d014a4d8676853a577e31" kind="function"><name>affValeursOut</name></member>
    <member refid="opl_8cpp_1ad0b902027740ec16636d93ee162aeb5d" kind="function"><name>getValues_In_CN</name></member>
    <member refid="opl_8cpp_1aee2f3fe4573dcc68e0ead2380eb83317" kind="function"><name>setValues_Out_CN</name></member>
    <member refid="opl_8cpp_1a77c6ae0352e357ac9d8bdb83fe406e64" kind="function"><name>getValues_Out_CN</name></member>
    <member refid="opl_8cpp_1a72f880ddaa32ea28cd0e12658c3e8d67" kind="function"><name>setActivated_Out_CN</name></member>
    <member refid="opl_8cpp_1aa1f5fd46ab8ace6894efe23293d8a9b8" kind="function"><name>getEG</name></member>
    <member refid="opl_8cpp_1af37cdd5c32789328a95994329b009c24" kind="function"><name>isEGchanged</name></member>
    <member refid="opl_8cpp_1acf0a7eab36c0d4e61e865dbfca0fc575" kind="function"><name>setEC</name></member>
    <member refid="opl_8cpp_1a670c5cd6fdf306df596560ec23f0cd2f" kind="function"><name>initOPL</name></member>
    <member refid="opl_8cpp_1a730d6cf41b1191a63dae8e8f789e47f0" kind="function"><name>initPowerlink</name></member>
    <member refid="opl_8cpp_1ac31969ba716dc382cc1e4c9fcf8f06cc" kind="function"><name>initOplThread</name></member>
    <member refid="opl_8cpp_1a6113e17ab32811ea2704cbfbb967c64f" kind="function"><name>checkStateOpl</name></member>
    <member refid="opl_8cpp_1a52e9ad149905d67047d527f120a17c11" kind="function"><name>processSync</name></member>
    <member refid="opl_8cpp_1ae81275d52dd3a37962b186af93bfad39" kind="function"><name>setupInputs</name></member>
    <member refid="opl_8cpp_1a6928095e76089df62d549c72bf870b44" kind="function"><name>initProcessImage</name></member>
    <member refid="opl_8cpp_1abf4b25efd59a9185bbca55f9c969a8b9" kind="function"><name>linkPDO_in</name></member>
    <member refid="opl_8cpp_1a224b601cc1822441cbed3a23b22b34ac" kind="function"><name>linkPDO_out</name></member>
    <member refid="opl_8cpp_1a43f9337be3f9efa2653d87b1f95af44c" kind="function"><name>extinctOPL</name></member>
    <member refid="opl_8cpp_1aaf99cd726620ac95ff0d54f65485fb2a" kind="function"><name>shutdownOplImage</name></member>
    <member refid="opl_8cpp_1aaf3f45fd8772392506e2cd143b46a455" kind="function"><name>shutdownPowerlink</name></member>
  </compound>
  <compound refid="sensor_8cpp" kind="file"><name>sensor.cpp</name>
    <member refid="sensor_8cpp_1acb559820d9ca11295b4500f179ef6392" kind="variable"><name>i</name></member>
    <member refid="sensor_8cpp_1a86cf672daa4e0ad11ad10efc894d19c8" kind="variable"><name>num</name></member>
    <member refid="sensor_8cpp_1a63a90bdf4459f383b471c5b6ddca9f4e" kind="variable"><name>tabSensorActivated</name></member>
    <member refid="sensor_8cpp_1a274d2ff8aab7251a1c26c919ae3694f7" kind="variable"><name>fd</name></member>
    <member refid="sensor_8cpp_1af1a8dcdbb54fb5c1b49459cde87d1e75" kind="variable"><name>valSensors</name></member>
    <member refid="sensor_8cpp_1abbcd977f5e414946647edf65cdeb74ce" kind="variable"><name>ctx</name></member>
    <member refid="sensor_8cpp_1a00d425c5212b392df244df6c811bf1cd" kind="variable"><name>modbusReg</name></member>
    <member refid="sensor_8cpp_1a598cc7808ae2f24d9e50a96acbffe018" kind="variable"><name>rs485Connected</name></member>
    <member refid="sensor_8cpp_1a95ae932c940a8d52f42f256155300708" kind="function"><name>getAdc_value</name></member>
    <member refid="sensor_8cpp_1a084710571b3a23b14fe1bc00ef626f52" kind="function"><name>readChannels</name></member>
    <member refid="sensor_8cpp_1abf077aeb27cbf890c5006ed980d1c6f4" kind="function"><name>closeAdc</name></member>
    <member refid="sensor_8cpp_1ab4df458eba25efa399c8531f2417d648" kind="function"><name>readAdc</name></member>
    <member refid="sensor_8cpp_1aaee06476c9ddb6ab8457694fdd20cccc" kind="function"><name>openAdc</name></member>
  </compound>
  <compound refid="valve_8cpp" kind="file"><name>valve.cpp</name>
    <member refid="valve_8cpp_1a268ac3b63f0fabe69c23e62ca83cfb70" kind="variable"><name>offsets</name></member>
    <member refid="valve_8cpp_1a96860d8272d2d5ef1b46f17e271042da" kind="variable"><name>values</name></member>
    <member refid="valve_8cpp_1a7af143dbf44fa3c96fedf51b19e7b494" kind="variable"><name>beginTimer</name></member>
    <member refid="valve_8cpp_1ab5efa5af4f5d074f434d5f7a433146af" kind="variable"><name>endTimer</name></member>
    <member refid="valve_8cpp_1a718c1d403150a0052fdc750073ecede8" kind="variable"><name>currentTime</name></member>
    <member refid="valve_8cpp_1af18a1c02404999c7ccfe789b84c4a817" kind="variable"><name>timerStarted</name></member>
    <member refid="valve_8cpp_1add60b51091e6e3c9653ed8400895e3a1" kind="function"><name>setValvesValue</name></member>
    <member refid="valve_8cpp_1ad4e5b817af0b9501d2a6e6deb0c89445" kind="function"><name>getValvesInitValue</name></member>
    <member refid="valve_8cpp_1a659d21ba354b3f756293314bf2c8dfc4" kind="function"><name>getValveValue</name></member>
    <member refid="valve_8cpp_1ad6ff3dc82333091b53b2fbdc3ef5842e" kind="function"><name>resetTimers</name></member>
  </compound>
  <compound refid="dir_d44c64559bbebec7f509842c48db8b23" kind="dir"><name>C:/Users/Squaria/Documents/openPOWERLINK_V2_CAC/apps/CAC_CN/include</name>
  </compound>
  <compound refid="dir_68267d1309a1af8e8297ef4c3efbcdba" kind="dir"><name>C:/Users/Squaria/Documents/openPOWERLINK_V2_CAC/apps/CAC_CN/src</name>
  </compound>
</doxygenindex>
