<?xml version='1.0' encoding='UTF-8' standalone='no'?>
<doxygen xmlns:xsi="http://www.w3.org/2001/XMLSchema-instance" xsi:noNamespaceSchemaLocation="compound.xsd" version="1.10.0" xml:lang="en-US">
  <compounddef id="main_8cpp" kind="file" language="C++">
    <compoundname>main.cpp</compoundname>
    <includes refid="opl_8h" local="yes">opl.h</includes>
    <includes refid="file_8h" local="yes">file.h</includes>
    <includes refid="csv_8h" local="yes">csv.h</includes>
    <includes refid="valve_8h" local="yes">valve.h</includes>
    <includes refid="sensor_8h" local="yes">sensor.h</includes>
    <includes refid="config_define_8h" local="yes">configDefine.h</includes>
    <includes refid="status_error_define_8h" local="yes">statusErrorDefine.h</includes>
    <incdepgraph>
      <node id="5">
        <label>configDefine.h</label>
        <link refid="config_define_8h"/>
      </node>
      <node id="14">
        <label>csv.h</label>
        <link refid="csv_8h"/>
        <childnode refid="12" relation="include">
        </childnode>
        <childnode refid="15" relation="include">
        </childnode>
        <childnode refid="4" relation="include">
        </childnode>
        <childnode refid="16" relation="include">
        </childnode>
        <childnode refid="17" relation="include">
        </childnode>
        <childnode refid="5" relation="include">
        </childnode>
        <childnode refid="13" relation="include">
        </childnode>
        <childnode refid="2" relation="include">
        </childnode>
      </node>
      <node id="7">
        <label>eventOpl.h</label>
        <link refid="event_opl_8h"/>
        <childnode refid="8" relation="include">
        </childnode>
        <childnode refid="9" relation="include">
        </childnode>
        <childnode refid="10" relation="include">
        </childnode>
        <childnode refid="11" relation="include">
        </childnode>
        <childnode refid="12" relation="include">
        </childnode>
      </node>
      <node id="37">
        <label>file.h</label>
        <link refid="file_8h"/>
        <childnode refid="7" relation="include">
        </childnode>
        <childnode refid="5" relation="include">
        </childnode>
        <childnode refid="13" relation="include">
        </childnode>
        <childnode refid="29" relation="include">
        </childnode>
        <childnode refid="38" relation="include">
        </childnode>
        <childnode refid="39" relation="include">
        </childnode>
        <childnode refid="16" relation="include">
        </childnode>
      </node>
      <node id="6">
        <label>nodeId.h</label>
        <link refid="node_id_8h"/>
      </node>
      <node id="2">
        <label>opl.h</label>
        <link refid="opl_8h"/>
        <childnode refid="3" relation="include">
        </childnode>
        <childnode refid="7" relation="include">
        </childnode>
        <childnode refid="5" relation="include">
        </childnode>
        <childnode refid="6" relation="include">
        </childnode>
        <childnode refid="13" relation="include">
        </childnode>
        <childnode refid="14" relation="include">
        </childnode>
        <childnode refid="18" relation="include">
        </childnode>
        <childnode refid="25" relation="include">
        </childnode>
        <childnode refid="8" relation="include">
        </childnode>
        <childnode refid="9" relation="include">
        </childnode>
        <childnode refid="30" relation="include">
        </childnode>
        <childnode refid="4" relation="include">
        </childnode>
        <childnode refid="31" relation="include">
        </childnode>
        <childnode refid="32" relation="include">
        </childnode>
        <childnode refid="33" relation="include">
        </childnode>
        <childnode refid="34" relation="include">
        </childnode>
        <childnode refid="23" relation="include">
        </childnode>
        <childnode refid="10" relation="include">
        </childnode>
        <childnode refid="11" relation="include">
        </childnode>
        <childnode refid="35" relation="include">
        </childnode>
        <childnode refid="12" relation="include">
        </childnode>
        <childnode refid="36" relation="include">
        </childnode>
        <childnode refid="16" relation="include">
        </childnode>
      </node>
      <node id="18">
        <label>sensor.h</label>
        <link refid="sensor_8h"/>
        <childnode refid="14" relation="include">
        </childnode>
        <childnode refid="5" relation="include">
        </childnode>
        <childnode refid="13" relation="include">
        </childnode>
        <childnode refid="12" relation="include">
        </childnode>
        <childnode refid="15" relation="include">
        </childnode>
        <childnode refid="19" relation="include">
        </childnode>
        <childnode refid="20" relation="include">
        </childnode>
        <childnode refid="21" relation="include">
        </childnode>
        <childnode refid="22" relation="include">
        </childnode>
        <childnode refid="16" relation="include">
        </childnode>
        <childnode refid="23" relation="include">
        </childnode>
        <childnode refid="24" relation="include">
        </childnode>
      </node>
      <node id="13">
        <label>statusErrorDefine.h</label>
        <link refid="status_error_define_8h"/>
      </node>
      <node id="25">
        <label>valve.h</label>
        <link refid="valve_8h"/>
        <childnode refid="14" relation="include">
        </childnode>
        <childnode refid="5" relation="include">
        </childnode>
        <childnode refid="13" relation="include">
        </childnode>
        <childnode refid="12" relation="include">
        </childnode>
        <childnode refid="15" relation="include">
        </childnode>
        <childnode refid="19" relation="include">
        </childnode>
        <childnode refid="20" relation="include">
        </childnode>
        <childnode refid="26" relation="include">
        </childnode>
        <childnode refid="21" relation="include">
        </childnode>
        <childnode refid="22" relation="include">
        </childnode>
        <childnode refid="18" relation="include">
        </childnode>
        <childnode refid="27" relation="include">
        </childnode>
        <childnode refid="28" relation="include">
        </childnode>
        <childnode refid="29" relation="include">
        </childnode>
        <childnode refid="16" relation="include">
        </childnode>
      </node>
      <node id="3">
        <label>xapOpl.h</label>
        <link refid="xap_opl_8h"/>
        <childnode refid="4" relation="include">
        </childnode>
        <childnode refid="5" relation="include">
        </childnode>
        <childnode refid="6" relation="include">
        </childnode>
      </node>
      <node id="1">
        <label>C:/Users/Squaria/Documents/openPOWERLINK_V2_CAC/apps/CAC_CN/src/main.cpp</label>
        <link refid="main_8cpp"/>
        <childnode refid="2" relation="include">
        </childnode>
        <childnode refid="37" relation="include">
        </childnode>
        <childnode refid="14" relation="include">
        </childnode>
        <childnode refid="25" relation="include">
        </childnode>
        <childnode refid="18" relation="include">
        </childnode>
        <childnode refid="5" relation="include">
        </childnode>
        <childnode refid="13" relation="include">
        </childnode>
      </node>
      <node id="10">
        <label>console/console.h</label>
      </node>
      <node id="27">
        <label>cstdlib</label>
      </node>
      <node id="39">
        <label>ctime</label>
      </node>
      <node id="17">
        <label>ctype.h</label>
      </node>
      <node id="20">
        <label>errno.h</label>
      </node>
      <node id="11">
        <label>eventlog/eventlog.h</label>
      </node>
      <node id="19">
        <label>fcntl.h</label>
      </node>
      <node id="28">
        <label>filesystem</label>
      </node>
      <node id="38">
        <label>fstream</label>
      </node>
      <node id="23">
        <label>getopt/getopt.h</label>
      </node>
      <node id="32">
        <label>inttypes.h</label>
      </node>
      <node id="24">
        <label>io.h</label>
      </node>
      <node id="29">
        <label>iostream</label>
      </node>
      <node id="36">
        <label>limits.h</label>
      </node>
      <node id="35">
        <label>netselect/netselect.h</label>
      </node>
      <node id="34">
        <label>obdcreate/obdcreate.h</label>
      </node>
      <node id="9">
        <label>oplk/debugstr.h</label>
      </node>
      <node id="8">
        <label>oplk/oplk.h</label>
      </node>
      <node id="22">
        <label>signal.h</label>
      </node>
      <node id="31">
        <label>stdbool.h</label>
      </node>
      <node id="30">
        <label>stddef.h</label>
      </node>
      <node id="4">
        <label>stdint.h</label>
      </node>
      <node id="12">
        <label>stdio.h</label>
      </node>
      <node id="15">
        <label>stdlib.h</label>
      </node>
      <node id="16">
        <label>string</label>
      </node>
      <node id="21">
        <label>sys/types.h</label>
      </node>
      <node id="33">
        <label>system/system.h</label>
      </node>
      <node id="26">
        <label>time.h</label>
      </node>
    </incdepgraph>
    <sectiondef kind="func">
      <memberdef kind="function" id="main_8cpp_1ae66f6b31b5ad750f1fe042a706a4e3d4" prot="public" static="no" const="no" explicit="no" inline="no" virt="non-virtual">
        <type>int</type>
        <definition>int main</definition>
        <argsstring>()</argsstring>
        <name>main</name>
        <briefdescription>
<para>main function of the program </para>
        </briefdescription>
        <detaileddescription>
<para><simplesect kind="return"><para>0 if the program exits properly </para>
</simplesect>
</para>
        </detaileddescription>
        <inbodydescription>
        </inbodydescription>
        <location file="C:/Users/Squaria/Documents/openPOWERLINK_V2_CAC/apps/CAC_CN/src/main.cpp" line="25" column="5" bodyfile="C:/Users/Squaria/Documents/openPOWERLINK_V2_CAC/apps/CAC_CN/src/main.cpp" bodystart="25" bodyend="216"/>
        <references refid="opl_8cpp_1a0e626359c6d8f3e0bc7e7c19c01fa820" compoundref="opl_8cpp" startline="139" endline="147">affValeursIn</references>
        <references refid="opl_8cpp_1a7f68cfdc214d014a4d8676853a577e31" compoundref="opl_8cpp" startline="169" endline="177">affValeursOut</references>
        <references refid="opl_8cpp_1a7a60aa76d8b9af7a1930275e02aa2ab5" compoundref="opl_8cpp" startline="154" endline="162">affValeursProcessIn</references>
        <references refid="opl_8cpp_1a6113e17ab32811ea2704cbfbb967c64f" compoundref="opl_8cpp" startline="568" endline="589">checkStateOpl</references>
        <references refid="classfile_1a86ce3c36d7e87f24600c8755d8601e7c" compoundref="file_8cpp" startline="207" endline="220">file::closeFile</references>
        <references refid="status_error_define_8h_1a8a5ff9e57db5d201dadd5d4dcacafd50a373c041552bf3349d36d40032aebd826" compoundref="status_error_define_8h" startline="133">controlAndAcquisition</references>
        <references refid="config_define_8h_1a0cb3b08249c5a31d756d998565ed6a35" compoundref="config_define_8h" startline="143">DELAYMSCONTROL</references>
        <references refid="config_define_8h_1a2c15aa6025df557ee17f49ec0de3ca3e" compoundref="config_define_8h" startline="138">DELAYMSINIT</references>
        <references refid="classopl_1ac3e6c6fb9c8d2a10d4437877651167bb" compoundref="opl_8cpp" startline="103" endline="110">opl::demandeExtinctOPL</references>
        <references refid="opl_8cpp_1a063c1e70bcbeb72b1c2483b200839a85" compoundref="opl_8cpp" startline="19">EG</references>
        <references refid="status_error_define_8h_1a8a5ff9e57db5d201dadd5d4dcacafd50a6135603307626f48d62e2faa86a1d255" compoundref="status_error_define_8h" startline="135">ending</references>
        <references refid="status_error_define_8h_1adf0c44f8de9b8e78b0e56caacfa1ac94a577af9c3c84d95925e05d66000b3d411" compoundref="status_error_define_8h" startline="88">errSystemSendTerminate</references>
        <references refid="csv_8cpp_1a39604608c86deb3e5925261c5a9413ca" compoundref="csv_8cpp" startline="187" endline="196">extinctCSV</references>
        <references refid="opl_8cpp_1a43f9337be3f9efa2653d87b1f95af44c" compoundref="opl_8cpp" startline="866" endline="875">extinctOPL</references>
        <references refid="classsensor_1ad3b9b11298007378ec5b9127694580af" compoundref="sensor_8cpp" startline="129" endline="148">sensor::extinctSensor</references>
        <references refid="classvalve_1a3db8975d7c2cc46b33fd65e683e8c6df" compoundref="valve_8cpp" startline="431" endline="456">valve::extinctValve</references>
        <references refid="status_error_define_8h_1adf0c44f8de9b8e78b0e56caacfa1ac94a33282492c0682ba4272d206c0c76a476" compoundref="status_error_define_8h" startline="27">infoCSVChanged</references>
        <references refid="status_error_define_8h_1adf0c44f8de9b8e78b0e56caacfa1ac94a123fe6d3e60b7489a599703203770d9f" compoundref="status_error_define_8h" startline="36">infoEGsetToZero</references>
        <references refid="status_error_define_8h_1adf0c44f8de9b8e78b0e56caacfa1ac94a8b992258cae8775371242263b1b63c08" compoundref="status_error_define_8h" startline="26">infoInitCSV</references>
        <references refid="status_error_define_8h_1adf0c44f8de9b8e78b0e56caacfa1ac94a9ef364ca76717a6e880992c611f4567f" compoundref="status_error_define_8h" startline="31">infoInitOPL</references>
        <references refid="status_error_define_8h_1adf0c44f8de9b8e78b0e56caacfa1ac94afd0bd927b473d07ca7ce9723666b3d7a" compoundref="status_error_define_8h" startline="48">infoInitSensor</references>
        <references refid="status_error_define_8h_1adf0c44f8de9b8e78b0e56caacfa1ac94a53171600fab70738553b593c6c3db77d" compoundref="status_error_define_8h" startline="40">infoInitValve</references>
        <references refid="status_error_define_8h_1adf0c44f8de9b8e78b0e56caacfa1ac94a2c3908b363a14d9a6d75acef16c66a44" compoundref="status_error_define_8h" startline="35">infoModeSetToManual</references>
        <references refid="status_error_define_8h_1adf0c44f8de9b8e78b0e56caacfa1ac94a3e92293429589d611d781d83a0c14864" compoundref="status_error_define_8h" startline="28">infoShutdownCSV</references>
        <references refid="status_error_define_8h_1adf0c44f8de9b8e78b0e56caacfa1ac94a8b055c6b5a03623894e2735710fdfaca" compoundref="status_error_define_8h" startline="37">infoShutdownOPL</references>
        <references refid="status_error_define_8h_1adf0c44f8de9b8e78b0e56caacfa1ac94ace6949520e27cb5384ef035c68693375" compoundref="status_error_define_8h" startline="50">infoShutdownSensor</references>
        <references refid="status_error_define_8h_1adf0c44f8de9b8e78b0e56caacfa1ac94ab3077fec19fccfeb9d807e656556c75e" compoundref="status_error_define_8h" startline="45">infoShutdownValve</references>
        <references refid="status_error_define_8h_1adf0c44f8de9b8e78b0e56caacfa1ac94a4f8af5104200cbeec9dd2664b09db5fb" compoundref="status_error_define_8h" startline="54">infoStateToControl</references>
        <references refid="status_error_define_8h_1adf0c44f8de9b8e78b0e56caacfa1ac94ae2d916991a99ff8e3b05605063b91b78" compoundref="status_error_define_8h" startline="53">infoStateToInit</references>
        <references refid="status_error_define_8h_1adf0c44f8de9b8e78b0e56caacfa1ac94a01e41b59bd1914b962c2219c0eeca685" compoundref="status_error_define_8h" startline="56">infoStateToShutdown</references>
        <references refid="status_error_define_8h_1adf0c44f8de9b8e78b0e56caacfa1ac94acd2d81872afb7b452fdc7e9a11d13d79" compoundref="status_error_define_8h" startline="33">infoStopOrderReceived</references>
        <references refid="status_error_define_8h_1a8a5ff9e57db5d201dadd5d4dcacafd50a2e804b7c8163d212e6231f5228f73ce9" compoundref="status_error_define_8h" startline="132">init</references>
        <references refid="csv_8cpp_1a57ce52f959b46f63b41ea53578833174" compoundref="csv_8cpp" startline="61" endline="124">initCSV</references>
        <references refid="classfile_1ac0354d5b8c38714c335bed66f1a5368c" compoundref="file_8cpp" startline="37" endline="78">file::initFile</references>
        <references refid="opl_8cpp_1a670c5cd6fdf306df596560ec23f0cd2f" compoundref="opl_8cpp" startline="321" endline="384">initOPL</references>
        <references refid="classsensor_1a136fdef7c492900f3ff9baa211607cb5" compoundref="sensor_8cpp" startline="69" endline="120">sensor::initSensor</references>
        <references refid="classvalve_1a86e16a5cc95d9bec4ee8eec6722760fe" compoundref="valve_8cpp" startline="73" endline="124">valve::initValve</references>
        <references refid="opl_8cpp_1af37cdd5c32789328a95994329b009c24" compoundref="opl_8cpp" startline="256" endline="280">isEGchanged</references>
        <references refid="status_error_define_8h_1adf0c44f8de9b8e78b0e56caacfa1ac94ab22416d928134d1c6c7b2e8d2c31f20b" compoundref="status_error_define_8h" startline="22">noError</references>
        <references refid="csv_8cpp_1a44cd2131057b27749a53caad3ec77eb9" compoundref="csv_8cpp" startline="135" endline="179">refreshCSV</references>
        <references refid="classopl_1ad188b100fd92fcc210bd48ea4e08a36f" compoundref="opl_8cpp" startline="129" endline="132">opl::sendError</references>
        <references refid="classopl_1afcb3f7b05602f12b72bc97404795ef42" compoundref="opl_8cpp" startline="118" endline="121">opl::sendTelem</references>
        <references refid="status_error_define_8h_1a8a5ff9e57db5d201dadd5d4dcacafd50a806a2e610a79f2c33cb4d122a0f0f877" compoundref="status_error_define_8h" startline="134">shutdown</references>
        <references refid="classfile_1af0da4dcb7aa1111b0858eca8efc1ec30" compoundref="file_8cpp" startline="87" endline="99">file::testWriteFile</references>
        <references refid="classfile_1af8c8b22309c8efd3fb87a567a74c16b5" compoundref="file_8cpp" startline="146" endline="175">file::writeError</references>
        <references refid="classfile_1a873fcc71c11302b9e65f54f165cc1236" compoundref="file_8cpp" startline="108" endline="137">file::writeTelem</references>
      </memberdef>
    </sectiondef>
    <briefdescription>
<para>Main program with state machine. </para>
    </briefdescription>
    <detaileddescription>
<para><simplesect kind="author"><para>Mael Parot </para>
</simplesect>
<simplesect kind="version"><para>1.2 </para>
</simplesect>
<simplesect kind="date"><para>11/04/2024</para>
</simplesect>
Main program of the acquisition and control boards </para>
    </detaileddescription>
    <programlisting>
<codeline lineno="1"></codeline>
<codeline lineno="12"><highlight class="normal"></highlight><highlight class="preprocessor">#include<sp/>&quot;<ref refid="opl_8h" kindref="compound">opl.h</ref>&quot;</highlight><highlight class="normal"></highlight></codeline>
<codeline lineno="13"><highlight class="normal"></highlight><highlight class="preprocessor">#include<sp/>&quot;<ref refid="file_8h" kindref="compound">file.h</ref>&quot;</highlight><highlight class="normal"></highlight></codeline>
<codeline lineno="14"><highlight class="normal"></highlight><highlight class="preprocessor">#include<sp/>&quot;<ref refid="csv_8h" kindref="compound">csv.h</ref>&quot;</highlight><highlight class="normal"></highlight></codeline>
<codeline lineno="15"><highlight class="normal"></highlight><highlight class="preprocessor">#include<sp/>&quot;<ref refid="valve_8h" kindref="compound">valve.h</ref>&quot;</highlight><highlight class="normal"></highlight></codeline>
<codeline lineno="16"><highlight class="normal"></highlight><highlight class="preprocessor">#include<sp/>&quot;<ref refid="sensor_8h" kindref="compound">sensor.h</ref>&quot;</highlight><highlight class="normal"></highlight></codeline>
<codeline lineno="17"><highlight class="normal"></highlight><highlight class="preprocessor">#include<sp/>&quot;<ref refid="config_define_8h" kindref="compound">configDefine.h</ref>&quot;</highlight><highlight class="normal"></highlight></codeline>
<codeline lineno="18"><highlight class="normal"></highlight><highlight class="preprocessor">#include<sp/>&quot;<ref refid="status_error_define_8h" kindref="compound">statusErrorDefine.h</ref>&quot;</highlight><highlight class="normal"></highlight></codeline>
<codeline lineno="19"><highlight class="normal"></highlight></codeline>
<codeline lineno="25" refid="main_8cpp_1ae66f6b31b5ad750f1fe042a706a4e3d4" refkind="member"><highlight class="normal"></highlight><highlight class="keywordtype">int</highlight><highlight class="normal"><sp/><ref refid="main_8cpp_1ae66f6b31b5ad750f1fe042a706a4e3d4" kindref="member">main</ref>()<sp/>{</highlight></codeline>
<codeline lineno="26"><highlight class="normal"><sp/><sp/><sp/><sp/><ref refid="status_error_define_8h_1a8a5ff9e57db5d201dadd5d4dcacafd50" kindref="member">stateDef</ref><sp/><sp/><sp/><sp/><sp/><sp/><sp/><sp/>state<sp/>=<sp/><ref refid="status_error_define_8h_1a8a5ff9e57db5d201dadd5d4dcacafd50a2e804b7c8163d212e6231f5228f73ce9" kindref="member">init</ref>;</highlight></codeline>
<codeline lineno="27"><highlight class="normal"><sp/><sp/><sp/><sp/><ref refid="classopl" kindref="compound">opl</ref><sp/><sp/><sp/><sp/><sp/><sp/><sp/><sp/><sp/><sp/><sp/><sp/><sp/><ref refid="classopl" kindref="compound">opl</ref>;</highlight></codeline>
<codeline lineno="28"><highlight class="normal"><sp/><sp/><sp/><sp/><ref refid="classfile" kindref="compound">file</ref><sp/><sp/><sp/><sp/><sp/><sp/><sp/><sp/><sp/><sp/><sp/><sp/><ref refid="classfile" kindref="compound">file</ref>;</highlight></codeline>
<codeline lineno="29"><highlight class="normal"><sp/><sp/><sp/><sp/><ref refid="classvalve" kindref="compound">valve</ref><sp/><sp/><sp/><sp/><sp/><sp/><sp/><sp/><sp/><sp/><sp/><ref refid="classvalve" kindref="compound">valve</ref>;</highlight></codeline>
<codeline lineno="30"><highlight class="normal"><sp/><sp/><sp/><sp/><ref refid="classsensor" kindref="compound">sensor</ref><sp/><sp/><sp/><sp/><sp/><sp/><sp/><sp/><sp/><sp/><ref refid="classsensor" kindref="compound">sensor</ref>;</highlight></codeline>
<codeline lineno="31"><highlight class="normal"><sp/><sp/><sp/><sp/></highlight><highlight class="keywordtype">char</highlight><highlight class="normal"><sp/><sp/><sp/><sp/><sp/><sp/><sp/><sp/><sp/><sp/><sp/><sp/>cKey<sp/>=<sp/>0;</highlight></codeline>
<codeline lineno="32"><highlight class="normal"><sp/><sp/><sp/><sp/><ref refid="status_error_define_8h_1adf0c44f8de9b8e78b0e56caacfa1ac94" kindref="member">statusErrDef</ref><sp/><sp/><sp/><sp/>res<sp/>=<sp/><ref refid="status_error_define_8h_1adf0c44f8de9b8e78b0e56caacfa1ac94ab22416d928134d1c6c7b2e8d2c31f20b" kindref="member">noError</ref>;</highlight></codeline>
<codeline lineno="33"><highlight class="normal"></highlight></codeline>
<codeline lineno="34"><highlight class="normal"><sp/><sp/><sp/><sp/></highlight></codeline>
<codeline lineno="35"><highlight class="normal"><sp/><sp/><sp/><sp/></highlight><highlight class="keywordflow">while</highlight><highlight class="normal">(state<sp/>!=<sp/><ref refid="status_error_define_8h_1a8a5ff9e57db5d201dadd5d4dcacafd50a6135603307626f48d62e2faa86a1d255" kindref="member">ending</ref>){</highlight></codeline>
<codeline lineno="36"><highlight class="normal"><sp/><sp/><sp/><sp/><sp/><sp/><sp/><sp/></highlight><highlight class="keywordflow">switch</highlight><highlight class="normal">(state){</highlight></codeline>
<codeline lineno="37"><highlight class="normal"><sp/><sp/><sp/><sp/><sp/><sp/><sp/><sp/><sp/><sp/><sp/><sp/></highlight><highlight class="keywordflow">case</highlight><highlight class="normal"><sp/><ref refid="status_error_define_8h_1a8a5ff9e57db5d201dadd5d4dcacafd50a2e804b7c8163d212e6231f5228f73ce9" kindref="member">init</ref>:<sp/></highlight><highlight class="comment">//<sp/>Initialisation</highlight><highlight class="normal"></highlight></codeline>
<codeline lineno="38"><highlight class="normal"><sp/><sp/><sp/><sp/><sp/><sp/><sp/><sp/><sp/><sp/><sp/><sp/><sp/><sp/><sp/><sp/>res<sp/>=<sp/><ref refid="classfile" kindref="compound">file</ref>.<ref refid="classfile_1ac0354d5b8c38714c335bed66f1a5368c" kindref="member">initFile</ref>();</highlight></codeline>
<codeline lineno="39"><highlight class="normal"><sp/><sp/><sp/><sp/><sp/><sp/><sp/><sp/><sp/><sp/><sp/><sp/><sp/><sp/><sp/><sp/></highlight><highlight class="keywordflow">if</highlight><highlight class="normal"><sp/>(res<sp/>==<sp/><ref refid="status_error_define_8h_1adf0c44f8de9b8e78b0e56caacfa1ac94ab22416d928134d1c6c7b2e8d2c31f20b" kindref="member">noError</ref>)</highlight></codeline>
<codeline lineno="40"><highlight class="normal"><sp/><sp/><sp/><sp/><sp/><sp/><sp/><sp/><sp/><sp/><sp/><sp/><sp/><sp/><sp/><sp/><sp/><sp/><sp/><sp/>printf(</highlight><highlight class="stringliteral">&quot;TelemFile<sp/>OK\n&quot;</highlight><highlight class="normal">);</highlight></codeline>
<codeline lineno="41"><highlight class="normal"><sp/><sp/><sp/><sp/><sp/><sp/><sp/><sp/><sp/><sp/><sp/><sp/><sp/><sp/><sp/><sp/></highlight><highlight class="keywordflow">else</highlight><highlight class="normal"></highlight></codeline>
<codeline lineno="42"><highlight class="normal"><sp/><sp/><sp/><sp/><sp/><sp/><sp/><sp/><sp/><sp/><sp/><sp/><sp/><sp/><sp/><sp/><sp/><sp/><sp/><sp/>printf(</highlight><highlight class="stringliteral">&quot;Error<sp/>telemfiles\n&quot;</highlight><highlight class="normal">);</highlight></codeline>
<codeline lineno="43"><highlight class="normal"><sp/><sp/><sp/><sp/><sp/><sp/><sp/><sp/><sp/><sp/><sp/><sp/><sp/><sp/><sp/><sp/>res<sp/>=<sp/><ref refid="classfile" kindref="compound">file</ref>.<ref refid="classfile_1af0da4dcb7aa1111b0858eca8efc1ec30" kindref="member">testWriteFile</ref>();</highlight></codeline>
<codeline lineno="44"><highlight class="normal"><sp/><sp/><sp/><sp/><sp/><sp/><sp/><sp/><sp/><sp/><sp/><sp/><sp/><sp/><sp/><sp/></highlight><highlight class="keywordflow">if</highlight><highlight class="normal">(res<sp/>==<sp/><ref refid="status_error_define_8h_1adf0c44f8de9b8e78b0e56caacfa1ac94ab22416d928134d1c6c7b2e8d2c31f20b" kindref="member">noError</ref>)</highlight></codeline>
<codeline lineno="45"><highlight class="normal"><sp/><sp/><sp/><sp/><sp/><sp/><sp/><sp/><sp/><sp/><sp/><sp/><sp/><sp/><sp/><sp/><sp/><sp/><sp/><sp/>printf(</highlight><highlight class="stringliteral">&quot;Writing<sp/>in<sp/>TelemFile<sp/>OK\n&quot;</highlight><highlight class="normal">);</highlight></codeline>
<codeline lineno="46"><highlight class="normal"><sp/><sp/><sp/><sp/><sp/><sp/><sp/><sp/><sp/><sp/><sp/><sp/><sp/><sp/><sp/><sp/></highlight><highlight class="keywordflow">else</highlight><highlight class="normal"></highlight></codeline>
<codeline lineno="47"><highlight class="normal"><sp/><sp/><sp/><sp/><sp/><sp/><sp/><sp/><sp/><sp/><sp/><sp/><sp/><sp/><sp/><sp/><sp/><sp/><sp/><sp/>printf(</highlight><highlight class="stringliteral">&quot;Error<sp/>writing<sp/>in<sp/>telemfiles\n&quot;</highlight><highlight class="normal">);</highlight></codeline>
<codeline lineno="48"><highlight class="normal"><sp/><sp/><sp/><sp/><sp/><sp/><sp/><sp/><sp/><sp/><sp/><sp/><sp/><sp/><sp/><sp/>res<sp/>=<sp/><ref refid="csv_8cpp_1a57ce52f959b46f63b41ea53578833174" kindref="member">initCSV</ref>();</highlight></codeline>
<codeline lineno="49"><highlight class="normal"><sp/><sp/><sp/><sp/><sp/><sp/><sp/><sp/><sp/><sp/><sp/><sp/><sp/><sp/><sp/><sp/></highlight><highlight class="keywordflow">if</highlight><highlight class="normal"><sp/>(res<sp/>==<sp/><ref refid="status_error_define_8h_1adf0c44f8de9b8e78b0e56caacfa1ac94ab22416d928134d1c6c7b2e8d2c31f20b" kindref="member">noError</ref>)</highlight></codeline>
<codeline lineno="50"><highlight class="normal"><sp/><sp/><sp/><sp/><sp/><sp/><sp/><sp/><sp/><sp/><sp/><sp/><sp/><sp/><sp/><sp/><sp/><sp/><sp/><sp/><ref refid="classfile" kindref="compound">file</ref>.<ref refid="classfile_1a873fcc71c11302b9e65f54f165cc1236" kindref="member">writeTelem</ref>(</highlight><highlight class="stringliteral">&quot;CSV<sp/>subsystem<sp/>has<sp/>successfully<sp/>initialized&quot;</highlight><highlight class="normal">,<sp/><ref refid="status_error_define_8h_1adf0c44f8de9b8e78b0e56caacfa1ac94a8b992258cae8775371242263b1b63c08" kindref="member">infoInitCSV</ref>);</highlight></codeline>
<codeline lineno="51"><highlight class="normal"><sp/><sp/><sp/><sp/><sp/><sp/><sp/><sp/><sp/><sp/><sp/><sp/><sp/><sp/><sp/><sp/></highlight><highlight class="keywordflow">else</highlight><highlight class="normal"><sp/></highlight></codeline>
<codeline lineno="52"><highlight class="normal"><sp/><sp/><sp/><sp/><sp/><sp/><sp/><sp/><sp/><sp/><sp/><sp/><sp/><sp/><sp/><sp/><sp/><sp/><sp/><sp/><ref refid="classfile" kindref="compound">file</ref>.<ref refid="classfile_1af8c8b22309c8efd3fb87a567a74c16b5" kindref="member">writeError</ref>(</highlight><highlight class="stringliteral">&quot;CSV<sp/>subsystem<sp/>initialization<sp/>has<sp/>failed!&quot;</highlight><highlight class="normal">,<sp/>res);</highlight></codeline>
<codeline lineno="53"><highlight class="normal"><sp/><sp/><sp/><sp/><sp/><sp/><sp/><sp/><sp/><sp/><sp/><sp/><sp/><sp/><sp/><sp/>res<sp/>=<sp/><ref refid="opl_8cpp_1a670c5cd6fdf306df596560ec23f0cd2f" kindref="member">initOPL</ref>();</highlight></codeline>
<codeline lineno="54"><highlight class="normal"><sp/><sp/><sp/><sp/><sp/><sp/><sp/><sp/><sp/><sp/><sp/><sp/><sp/><sp/><sp/><sp/></highlight><highlight class="keywordflow">if</highlight><highlight class="normal"><sp/>(res<sp/>==<sp/><ref refid="status_error_define_8h_1adf0c44f8de9b8e78b0e56caacfa1ac94ab22416d928134d1c6c7b2e8d2c31f20b" kindref="member">noError</ref>)</highlight></codeline>
<codeline lineno="55"><highlight class="normal"><sp/><sp/><sp/><sp/><sp/><sp/><sp/><sp/><sp/><sp/><sp/><sp/><sp/><sp/><sp/><sp/>{</highlight></codeline>
<codeline lineno="56"><highlight class="normal"><sp/><sp/><sp/><sp/><sp/><sp/><sp/><sp/><sp/><sp/><sp/><sp/><sp/><sp/><sp/><sp/><sp/><sp/><sp/><sp/><ref refid="classfile" kindref="compound">file</ref>.<ref refid="classfile_1a873fcc71c11302b9e65f54f165cc1236" kindref="member">writeTelem</ref>(</highlight><highlight class="stringliteral">&quot;OpenPOWERLINK<sp/>has<sp/>successfully<sp/>initialized&quot;</highlight><highlight class="normal">,<sp/><ref refid="status_error_define_8h_1adf0c44f8de9b8e78b0e56caacfa1ac94a9ef364ca76717a6e880992c611f4567f" kindref="member">infoInitOPL</ref>);</highlight></codeline>
<codeline lineno="57"><highlight class="normal"><sp/><sp/><sp/><sp/><sp/><sp/><sp/><sp/><sp/><sp/><sp/><sp/><sp/><sp/><sp/><sp/><sp/><sp/><sp/><sp/><ref refid="classopl" kindref="compound">opl</ref>.<ref refid="classopl_1afcb3f7b05602f12b72bc97404795ef42" kindref="member">sendTelem</ref>(<ref refid="status_error_define_8h_1adf0c44f8de9b8e78b0e56caacfa1ac94a9ef364ca76717a6e880992c611f4567f" kindref="member">infoInitOPL</ref>);</highlight></codeline>
<codeline lineno="58"><highlight class="normal"></highlight></codeline>
<codeline lineno="59"><highlight class="normal"><sp/><sp/><sp/><sp/><sp/><sp/><sp/><sp/><sp/><sp/><sp/><sp/><sp/><sp/><sp/><sp/><sp/><sp/><sp/><sp/><ref refid="classfile" kindref="compound">file</ref>.<ref refid="classfile_1a873fcc71c11302b9e65f54f165cc1236" kindref="member">writeTelem</ref>(</highlight><highlight class="stringliteral">&quot;CAC<sp/>initialisation<sp/>is<sp/>ongoing&quot;</highlight><highlight class="normal">,<sp/><ref refid="status_error_define_8h_1adf0c44f8de9b8e78b0e56caacfa1ac94ae2d916991a99ff8e3b05605063b91b78" kindref="member">infoStateToInit</ref>);</highlight></codeline>
<codeline lineno="60"><highlight class="normal"><sp/><sp/><sp/><sp/><sp/><sp/><sp/><sp/><sp/><sp/><sp/><sp/><sp/><sp/><sp/><sp/><sp/><sp/><sp/><sp/><ref refid="classopl" kindref="compound">opl</ref>.<ref refid="classopl_1afcb3f7b05602f12b72bc97404795ef42" kindref="member">sendTelem</ref>(<ref refid="status_error_define_8h_1adf0c44f8de9b8e78b0e56caacfa1ac94ae2d916991a99ff8e3b05605063b91b78" kindref="member">infoStateToInit</ref>);</highlight></codeline>
<codeline lineno="61"><highlight class="normal"><sp/><sp/><sp/><sp/><sp/><sp/><sp/><sp/><sp/><sp/><sp/><sp/><sp/><sp/><sp/><sp/>}</highlight></codeline>
<codeline lineno="62"><highlight class="normal"><sp/><sp/><sp/><sp/><sp/><sp/><sp/><sp/><sp/><sp/><sp/><sp/><sp/><sp/><sp/><sp/></highlight><highlight class="keywordflow">else</highlight><highlight class="normal"></highlight></codeline>
<codeline lineno="63"><highlight class="normal"><sp/><sp/><sp/><sp/><sp/><sp/><sp/><sp/><sp/><sp/><sp/><sp/><sp/><sp/><sp/><sp/><sp/><sp/><sp/><sp/><ref refid="classfile" kindref="compound">file</ref>.<ref refid="classfile_1af8c8b22309c8efd3fb87a567a74c16b5" kindref="member">writeError</ref>(</highlight><highlight class="stringliteral">&quot;OpenPOWERLINK<sp/>initialization<sp/>has<sp/>failed!&quot;</highlight><highlight class="normal">,<sp/>res);</highlight></codeline>
<codeline lineno="64"><highlight class="normal"></highlight><highlight class="preprocessor"><sp/><sp/><sp/><sp/><sp/><sp/><sp/><sp/><sp/><sp/><sp/><sp/><sp/><sp/><sp/><sp/>#if<sp/>(TARGET_SYSTEM<sp/>==<sp/>_WIN32_)</highlight><highlight class="normal"></highlight></codeline>
<codeline lineno="65"><highlight class="normal"></highlight><highlight class="preprocessor"><sp/><sp/><sp/><sp/><sp/><sp/><sp/><sp/><sp/><sp/><sp/><sp/><sp/><sp/><sp/><sp/>#else</highlight><highlight class="normal"></highlight></codeline>
<codeline lineno="66"><highlight class="normal"><sp/><sp/><sp/><sp/><sp/><sp/><sp/><sp/><sp/><sp/><sp/><sp/><sp/><sp/><sp/><sp/>res<sp/>=<sp/><ref refid="classvalve" kindref="compound">valve</ref>.<ref refid="classvalve_1a86e16a5cc95d9bec4ee8eec6722760fe" kindref="member">initValve</ref>();</highlight></codeline>
<codeline lineno="67"><highlight class="normal"><sp/><sp/><sp/><sp/><sp/><sp/><sp/><sp/><sp/><sp/><sp/><sp/><sp/><sp/><sp/><sp/></highlight><highlight class="keywordflow">if</highlight><highlight class="normal">(res<sp/>==<sp/><ref refid="status_error_define_8h_1adf0c44f8de9b8e78b0e56caacfa1ac94ab22416d928134d1c6c7b2e8d2c31f20b" kindref="member">noError</ref>)</highlight></codeline>
<codeline lineno="68"><highlight class="normal"><sp/><sp/><sp/><sp/><sp/><sp/><sp/><sp/><sp/><sp/><sp/><sp/><sp/><sp/><sp/><sp/>{</highlight></codeline>
<codeline lineno="69"><highlight class="normal"><sp/><sp/><sp/><sp/><sp/><sp/><sp/><sp/><sp/><sp/><sp/><sp/><sp/><sp/><sp/><sp/><sp/><sp/><sp/><sp/><ref refid="classfile" kindref="compound">file</ref>.<ref refid="classfile_1a873fcc71c11302b9e65f54f165cc1236" kindref="member">writeTelem</ref>(</highlight><highlight class="stringliteral">&quot;Valve<sp/>subsystem<sp/>has<sp/>successfully<sp/>initialized&quot;</highlight><highlight class="normal">,<sp/><ref refid="status_error_define_8h_1adf0c44f8de9b8e78b0e56caacfa1ac94a53171600fab70738553b593c6c3db77d" kindref="member">infoInitValve</ref>);</highlight></codeline>
<codeline lineno="70"><highlight class="normal"><sp/><sp/><sp/><sp/><sp/><sp/><sp/><sp/><sp/><sp/><sp/><sp/><sp/><sp/><sp/><sp/><sp/><sp/><sp/><sp/><ref refid="classopl" kindref="compound">opl</ref>.<ref refid="classopl_1afcb3f7b05602f12b72bc97404795ef42" kindref="member">sendTelem</ref>(<ref refid="status_error_define_8h_1adf0c44f8de9b8e78b0e56caacfa1ac94a53171600fab70738553b593c6c3db77d" kindref="member">infoInitValve</ref>);</highlight></codeline>
<codeline lineno="71"><highlight class="normal"><sp/><sp/><sp/><sp/><sp/><sp/><sp/><sp/><sp/><sp/><sp/><sp/><sp/><sp/><sp/><sp/>}</highlight><highlight class="keywordflow">else</highlight><highlight class="normal"></highlight></codeline>
<codeline lineno="72"><highlight class="normal"><sp/><sp/><sp/><sp/><sp/><sp/><sp/><sp/><sp/><sp/><sp/><sp/><sp/><sp/><sp/><sp/>{</highlight></codeline>
<codeline lineno="73"><highlight class="normal"><sp/><sp/><sp/><sp/><sp/><sp/><sp/><sp/><sp/><sp/><sp/><sp/><sp/><sp/><sp/><sp/><sp/><sp/><sp/><sp/><ref refid="classfile" kindref="compound">file</ref>.<ref refid="classfile_1af8c8b22309c8efd3fb87a567a74c16b5" kindref="member">writeError</ref>(</highlight><highlight class="stringliteral">&quot;Valve<sp/>subsystem<sp/>initialization<sp/>has<sp/>failed!&quot;</highlight><highlight class="normal">,<sp/>res);</highlight></codeline>
<codeline lineno="74"><highlight class="normal"><sp/><sp/><sp/><sp/><sp/><sp/><sp/><sp/><sp/><sp/><sp/><sp/><sp/><sp/><sp/><sp/><sp/><sp/><sp/><sp/><ref refid="classopl" kindref="compound">opl</ref>.<ref refid="classopl_1ad188b100fd92fcc210bd48ea4e08a36f" kindref="member">sendError</ref>(res);</highlight></codeline>
<codeline lineno="75"><highlight class="normal"><sp/><sp/><sp/><sp/><sp/><sp/><sp/><sp/><sp/><sp/><sp/><sp/><sp/><sp/><sp/><sp/>}</highlight></codeline>
<codeline lineno="76"><highlight class="normal"><sp/><sp/><sp/><sp/><sp/><sp/><sp/><sp/><sp/><sp/><sp/><sp/><sp/><sp/><sp/><sp/>res<sp/>=<sp/><ref refid="classsensor" kindref="compound">sensor</ref>.<ref refid="classsensor_1a136fdef7c492900f3ff9baa211607cb5" kindref="member">initSensor</ref>();</highlight></codeline>
<codeline lineno="77"><highlight class="normal"><sp/><sp/><sp/><sp/><sp/><sp/><sp/><sp/><sp/><sp/><sp/><sp/><sp/><sp/><sp/><sp/></highlight><highlight class="keywordflow">if</highlight><highlight class="normal"><sp/>(res<sp/>==<sp/><ref refid="status_error_define_8h_1adf0c44f8de9b8e78b0e56caacfa1ac94ab22416d928134d1c6c7b2e8d2c31f20b" kindref="member">noError</ref>)</highlight></codeline>
<codeline lineno="78"><highlight class="normal"><sp/><sp/><sp/><sp/><sp/><sp/><sp/><sp/><sp/><sp/><sp/><sp/><sp/><sp/><sp/><sp/>{</highlight></codeline>
<codeline lineno="79"><highlight class="normal"><sp/><sp/><sp/><sp/><sp/><sp/><sp/><sp/><sp/><sp/><sp/><sp/><sp/><sp/><sp/><sp/><sp/><sp/><sp/><sp/><ref refid="classfile" kindref="compound">file</ref>.<ref refid="classfile_1a873fcc71c11302b9e65f54f165cc1236" kindref="member">writeTelem</ref>(</highlight><highlight class="stringliteral">&quot;Sensor<sp/>subsystem<sp/>has<sp/>successfully<sp/>initialized&quot;</highlight><highlight class="normal">,<sp/><ref refid="status_error_define_8h_1adf0c44f8de9b8e78b0e56caacfa1ac94afd0bd927b473d07ca7ce9723666b3d7a" kindref="member">infoInitSensor</ref>);</highlight></codeline>
<codeline lineno="80"><highlight class="normal"><sp/><sp/><sp/><sp/><sp/><sp/><sp/><sp/><sp/><sp/><sp/><sp/><sp/><sp/><sp/><sp/><sp/><sp/><sp/><sp/><ref refid="classopl" kindref="compound">opl</ref>.<ref refid="classopl_1afcb3f7b05602f12b72bc97404795ef42" kindref="member">sendTelem</ref>(<ref refid="status_error_define_8h_1adf0c44f8de9b8e78b0e56caacfa1ac94afd0bd927b473d07ca7ce9723666b3d7a" kindref="member">infoInitSensor</ref>);</highlight></codeline>
<codeline lineno="81"><highlight class="normal"><sp/><sp/><sp/><sp/><sp/><sp/><sp/><sp/><sp/><sp/><sp/><sp/><sp/><sp/><sp/><sp/>}</highlight></codeline>
<codeline lineno="82"><highlight class="normal"><sp/><sp/><sp/><sp/><sp/><sp/><sp/><sp/><sp/><sp/><sp/><sp/><sp/><sp/><sp/><sp/></highlight><highlight class="keywordflow">else</highlight><highlight class="normal"></highlight></codeline>
<codeline lineno="83"><highlight class="normal"><sp/><sp/><sp/><sp/><sp/><sp/><sp/><sp/><sp/><sp/><sp/><sp/><sp/><sp/><sp/><sp/>{</highlight></codeline>
<codeline lineno="84"><highlight class="normal"><sp/><sp/><sp/><sp/><sp/><sp/><sp/><sp/><sp/><sp/><sp/><sp/><sp/><sp/><sp/><sp/><sp/><sp/><sp/><sp/><ref refid="classfile" kindref="compound">file</ref>.<ref refid="classfile_1af8c8b22309c8efd3fb87a567a74c16b5" kindref="member">writeError</ref>(</highlight><highlight class="stringliteral">&quot;Sensor<sp/>subsystem<sp/>initialization<sp/>has<sp/>failed!&quot;</highlight><highlight class="normal">,<sp/>res);</highlight></codeline>
<codeline lineno="85"><highlight class="normal"><sp/><sp/><sp/><sp/><sp/><sp/><sp/><sp/><sp/><sp/><sp/><sp/><sp/><sp/><sp/><sp/><sp/><sp/><sp/><sp/><ref refid="classopl" kindref="compound">opl</ref>.<ref refid="classopl_1ad188b100fd92fcc210bd48ea4e08a36f" kindref="member">sendError</ref>(res);</highlight></codeline>
<codeline lineno="86"><highlight class="normal"><sp/><sp/><sp/><sp/><sp/><sp/><sp/><sp/><sp/><sp/><sp/><sp/><sp/><sp/><sp/><sp/>}</highlight></codeline>
<codeline lineno="87"><highlight class="normal"></highlight><highlight class="preprocessor"><sp/><sp/><sp/><sp/><sp/><sp/><sp/><sp/><sp/><sp/><sp/><sp/><sp/><sp/><sp/><sp/>#endif</highlight><highlight class="normal"></highlight></codeline>
<codeline lineno="88"><highlight class="normal"></highlight></codeline>
<codeline lineno="89"><highlight class="normal"><sp/><sp/><sp/><sp/><sp/><sp/><sp/><sp/><sp/><sp/><sp/><sp/><sp/><sp/><sp/><sp/>system_msleep(<ref refid="config_define_8h_1a2c15aa6025df557ee17f49ec0de3ca3e" kindref="member">DELAYMSINIT</ref>);</highlight></codeline>
<codeline lineno="90"><highlight class="normal"></highlight></codeline>
<codeline lineno="91"><highlight class="normal"><sp/><sp/><sp/><sp/><sp/><sp/><sp/><sp/><sp/><sp/><sp/><sp/><sp/><sp/><sp/><sp/>res<sp/>=<sp/><ref refid="classopl" kindref="compound">opl</ref>.<ref refid="classopl_1ac3e6c6fb9c8d2a10d4437877651167bb" kindref="member">demandeExtinctOPL</ref>();</highlight></codeline>
<codeline lineno="92"><highlight class="normal"><sp/><sp/><sp/><sp/><sp/><sp/><sp/><sp/><sp/><sp/><sp/><sp/><sp/><sp/><sp/><sp/></highlight><highlight class="keywordflow">if</highlight><highlight class="normal">(res<sp/>==<sp/><ref refid="status_error_define_8h_1adf0c44f8de9b8e78b0e56caacfa1ac94ab22416d928134d1c6c7b2e8d2c31f20b" kindref="member">noError</ref>)</highlight></codeline>
<codeline lineno="93"><highlight class="normal"><sp/><sp/><sp/><sp/><sp/><sp/><sp/><sp/><sp/><sp/><sp/><sp/><sp/><sp/><sp/><sp/><sp/><sp/><sp/><sp/>state<sp/>=<sp/><ref refid="status_error_define_8h_1a8a5ff9e57db5d201dadd5d4dcacafd50a806a2e610a79f2c33cb4d122a0f0f877" kindref="member">shutdown</ref>;</highlight></codeline>
<codeline lineno="94"><highlight class="normal"><sp/><sp/><sp/><sp/><sp/><sp/><sp/><sp/><sp/><sp/><sp/><sp/><sp/><sp/><sp/><sp/></highlight><highlight class="keywordflow">else</highlight><highlight class="normal"></highlight></codeline>
<codeline lineno="95"><highlight class="normal"><sp/><sp/><sp/><sp/><sp/><sp/><sp/><sp/><sp/><sp/><sp/><sp/><sp/><sp/><sp/><sp/>{</highlight></codeline>
<codeline lineno="96"><highlight class="normal"><sp/><sp/><sp/><sp/><sp/><sp/><sp/><sp/><sp/><sp/><sp/><sp/><sp/><sp/><sp/><sp/><sp/><sp/><sp/><sp/>state<sp/>=<sp/><ref refid="status_error_define_8h_1a8a5ff9e57db5d201dadd5d4dcacafd50a373c041552bf3349d36d40032aebd826" kindref="member">controlAndAcquisition</ref>;</highlight></codeline>
<codeline lineno="97"><highlight class="normal"></highlight></codeline>
<codeline lineno="98"><highlight class="normal"><sp/><sp/><sp/><sp/><sp/><sp/><sp/><sp/><sp/><sp/><sp/><sp/><sp/><sp/><sp/><sp/><sp/><sp/><sp/><sp/><ref refid="classfile" kindref="compound">file</ref>.<ref refid="classfile_1a873fcc71c11302b9e65f54f165cc1236" kindref="member">writeTelem</ref>(</highlight><highlight class="stringliteral">&quot;CAC<sp/>is<sp/>going<sp/>into<sp/>state<sp/>control<sp/>and<sp/>acquisition&quot;</highlight><highlight class="normal">,<sp/><ref refid="status_error_define_8h_1adf0c44f8de9b8e78b0e56caacfa1ac94a4f8af5104200cbeec9dd2664b09db5fb" kindref="member">infoStateToControl</ref>);</highlight></codeline>
<codeline lineno="99"><highlight class="normal"><sp/><sp/><sp/><sp/><sp/><sp/><sp/><sp/><sp/><sp/><sp/><sp/><sp/><sp/><sp/><sp/><sp/><sp/><sp/><sp/><ref refid="classopl" kindref="compound">opl</ref>.<ref refid="classopl_1afcb3f7b05602f12b72bc97404795ef42" kindref="member">sendTelem</ref>(<ref refid="status_error_define_8h_1adf0c44f8de9b8e78b0e56caacfa1ac94a4f8af5104200cbeec9dd2664b09db5fb" kindref="member">infoStateToControl</ref>);</highlight></codeline>
<codeline lineno="100"><highlight class="normal"><sp/><sp/><sp/><sp/><sp/><sp/><sp/><sp/><sp/><sp/><sp/><sp/><sp/><sp/><sp/><sp/>}</highlight></codeline>
<codeline lineno="101"><highlight class="normal"><sp/><sp/><sp/><sp/><sp/><sp/><sp/><sp/><sp/><sp/><sp/><sp/><sp/><sp/><sp/><sp/></highlight><highlight class="keywordflow">break</highlight><highlight class="normal">;</highlight></codeline>
<codeline lineno="102"><highlight class="normal"><sp/><sp/><sp/><sp/><sp/><sp/><sp/><sp/><sp/><sp/><sp/><sp/></highlight><highlight class="keywordflow">case</highlight><highlight class="normal"><sp/><ref refid="status_error_define_8h_1a8a5ff9e57db5d201dadd5d4dcacafd50a373c041552bf3349d36d40032aebd826" kindref="member">controlAndAcquisition</ref>:<sp/></highlight><highlight class="comment">//<sp/>Acquisition<sp/>et<sp/>controle</highlight><highlight class="normal"></highlight></codeline>
<codeline lineno="103"><highlight class="normal"><sp/><sp/><sp/><sp/><sp/><sp/><sp/><sp/><sp/><sp/><sp/><sp/><sp/><sp/><sp/><sp/></highlight><highlight class="keywordflow">if</highlight><highlight class="normal"><sp/>(console_kbhit())</highlight></codeline>
<codeline lineno="104"><highlight class="normal"><sp/><sp/><sp/><sp/><sp/><sp/><sp/><sp/><sp/><sp/><sp/><sp/><sp/><sp/><sp/><sp/>{</highlight></codeline>
<codeline lineno="105"><highlight class="normal"><sp/><sp/><sp/><sp/><sp/><sp/><sp/><sp/><sp/><sp/><sp/><sp/><sp/><sp/><sp/><sp/><sp/><sp/><sp/><sp/>cKey<sp/>=<sp/>(char)console_getch();</highlight></codeline>
<codeline lineno="106"><highlight class="normal"><sp/><sp/><sp/><sp/><sp/><sp/><sp/><sp/><sp/><sp/><sp/><sp/><sp/><sp/><sp/><sp/><sp/><sp/><sp/><sp/></highlight><highlight class="keywordflow">switch</highlight><highlight class="normal"><sp/>(cKey)</highlight></codeline>
<codeline lineno="107"><highlight class="normal"><sp/><sp/><sp/><sp/><sp/><sp/><sp/><sp/><sp/><sp/><sp/><sp/><sp/><sp/><sp/><sp/><sp/><sp/><sp/><sp/>{</highlight></codeline>
<codeline lineno="108"><highlight class="normal"><sp/><sp/><sp/><sp/><sp/><sp/><sp/><sp/><sp/><sp/><sp/><sp/><sp/><sp/><sp/><sp/><sp/><sp/><sp/><sp/></highlight><highlight class="keywordflow">case</highlight><highlight class="normal"><sp/>0x1B:</highlight></codeline>
<codeline lineno="109"><highlight class="normal"><sp/><sp/><sp/><sp/><sp/><sp/><sp/><sp/><sp/><sp/><sp/><sp/><sp/><sp/><sp/><sp/><sp/><sp/><sp/><sp/><sp/><sp/><sp/><sp/>state<sp/>=<sp/><ref refid="status_error_define_8h_1a8a5ff9e57db5d201dadd5d4dcacafd50a806a2e610a79f2c33cb4d122a0f0f877" kindref="member">shutdown</ref>;</highlight></codeline>
<codeline lineno="110"><highlight class="normal"><sp/><sp/><sp/><sp/><sp/><sp/><sp/><sp/><sp/><sp/><sp/><sp/><sp/><sp/><sp/><sp/><sp/><sp/><sp/><sp/><sp/><sp/><sp/><sp/></highlight><highlight class="keywordflow">break</highlight><highlight class="normal">;</highlight></codeline>
<codeline lineno="111"><highlight class="normal"><sp/><sp/><sp/><sp/><sp/><sp/><sp/><sp/><sp/><sp/><sp/><sp/><sp/><sp/><sp/><sp/><sp/><sp/><sp/><sp/></highlight><highlight class="keywordflow">case</highlight><highlight class="normal"><sp/></highlight><highlight class="charliteral">&apos;a&apos;</highlight><highlight class="normal">:</highlight></codeline>
<codeline lineno="112"><highlight class="normal"><sp/><sp/><sp/><sp/><sp/><sp/><sp/><sp/><sp/><sp/><sp/><sp/><sp/><sp/><sp/><sp/><sp/><sp/><sp/><sp/><sp/><sp/><sp/><sp/><ref refid="opl_8cpp_1a7f68cfdc214d014a4d8676853a577e31" kindref="member">affValeursOut</ref>();</highlight></codeline>
<codeline lineno="113"><highlight class="normal"><sp/><sp/><sp/><sp/><sp/><sp/><sp/><sp/><sp/><sp/><sp/><sp/><sp/><sp/><sp/><sp/><sp/><sp/><sp/><sp/><sp/><sp/><sp/><sp/></highlight><highlight class="keywordflow">break</highlight><highlight class="normal">;</highlight></codeline>
<codeline lineno="114"><highlight class="normal"><sp/><sp/><sp/><sp/><sp/><sp/><sp/><sp/><sp/><sp/><sp/><sp/><sp/><sp/><sp/><sp/><sp/><sp/><sp/><sp/></highlight><highlight class="keywordflow">case</highlight><highlight class="normal"><sp/></highlight><highlight class="charliteral">&apos;z&apos;</highlight><highlight class="normal">:</highlight></codeline>
<codeline lineno="115"><highlight class="normal"><sp/><sp/><sp/><sp/><sp/><sp/><sp/><sp/><sp/><sp/><sp/><sp/><sp/><sp/><sp/><sp/><sp/><sp/><sp/><sp/><sp/><sp/><sp/><sp/>printf(</highlight><highlight class="stringliteral">&quot;\n\n<sp/>EG<sp/>CN<sp/>:<sp/>%d<sp/>\n\n&quot;</highlight><highlight class="normal">,<sp/><ref refid="opl_8cpp_1a063c1e70bcbeb72b1c2483b200839a85" kindref="member">EG</ref>);</highlight></codeline>
<codeline lineno="116"><highlight class="normal"><sp/><sp/><sp/><sp/><sp/><sp/><sp/><sp/><sp/><sp/><sp/><sp/><sp/><sp/><sp/><sp/><sp/><sp/><sp/><sp/><sp/><sp/><sp/><sp/><ref refid="opl_8cpp_1a0e626359c6d8f3e0bc7e7c19c01fa820" kindref="member">affValeursIn</ref>();</highlight></codeline>
<codeline lineno="117"><highlight class="normal"><sp/><sp/><sp/><sp/><sp/><sp/><sp/><sp/><sp/><sp/><sp/><sp/><sp/><sp/><sp/><sp/><sp/><sp/><sp/><sp/><sp/><sp/><sp/><sp/></highlight><highlight class="keywordflow">break</highlight><highlight class="normal">;</highlight></codeline>
<codeline lineno="118"><highlight class="normal"><sp/><sp/><sp/><sp/><sp/><sp/><sp/><sp/><sp/><sp/><sp/><sp/><sp/><sp/><sp/><sp/><sp/><sp/><sp/><sp/></highlight><highlight class="keywordflow">case</highlight><highlight class="normal"><sp/></highlight><highlight class="charliteral">&apos;e&apos;</highlight><highlight class="normal">:</highlight></codeline>
<codeline lineno="119"><highlight class="normal"><sp/><sp/><sp/><sp/><sp/><sp/><sp/><sp/><sp/><sp/><sp/><sp/><sp/><sp/><sp/><sp/><sp/><sp/><sp/><sp/><sp/><sp/><sp/><sp/><ref refid="opl_8cpp_1a7a60aa76d8b9af7a1930275e02aa2ab5" kindref="member">affValeursProcessIn</ref>();</highlight></codeline>
<codeline lineno="120"><highlight class="normal"><sp/><sp/><sp/><sp/><sp/><sp/><sp/><sp/><sp/><sp/><sp/><sp/><sp/><sp/><sp/><sp/><sp/><sp/><sp/><sp/><sp/><sp/><sp/><sp/></highlight><highlight class="keywordflow">break</highlight><highlight class="normal">;</highlight></codeline>
<codeline lineno="121"><highlight class="normal"><sp/><sp/><sp/><sp/><sp/><sp/><sp/><sp/><sp/><sp/><sp/><sp/><sp/><sp/><sp/><sp/><sp/><sp/><sp/><sp/></highlight><highlight class="keywordflow">default</highlight><highlight class="normal">:</highlight></codeline>
<codeline lineno="122"><highlight class="normal"><sp/><sp/><sp/><sp/><sp/><sp/><sp/><sp/><sp/><sp/><sp/><sp/><sp/><sp/><sp/><sp/><sp/><sp/><sp/><sp/><sp/><sp/><sp/><sp/></highlight><highlight class="keywordflow">break</highlight><highlight class="normal">;</highlight></codeline>
<codeline lineno="123"><highlight class="normal"><sp/><sp/><sp/><sp/><sp/><sp/><sp/><sp/><sp/><sp/><sp/><sp/><sp/><sp/><sp/><sp/><sp/><sp/><sp/><sp/>}</highlight></codeline>
<codeline lineno="124"><highlight class="normal"><sp/><sp/><sp/><sp/><sp/><sp/><sp/><sp/><sp/><sp/><sp/><sp/><sp/><sp/><sp/><sp/>}</highlight></codeline>
<codeline lineno="125"><highlight class="normal"><sp/><sp/><sp/><sp/><sp/><sp/><sp/><sp/><sp/><sp/><sp/><sp/><sp/><sp/><sp/><sp/>res<sp/>=<sp/><ref refid="opl_8cpp_1af37cdd5c32789328a95994329b009c24" kindref="member">isEGchanged</ref>();</highlight></codeline>
<codeline lineno="126"><highlight class="normal"><sp/><sp/><sp/><sp/><sp/><sp/><sp/><sp/><sp/><sp/><sp/><sp/><sp/><sp/><sp/><sp/></highlight><highlight class="keywordflow">if</highlight><highlight class="normal"><sp/>(res<sp/>==<sp/><ref refid="status_error_define_8h_1adf0c44f8de9b8e78b0e56caacfa1ac94ab22416d928134d1c6c7b2e8d2c31f20b" kindref="member">noError</ref>)</highlight></codeline>
<codeline lineno="127"><highlight class="normal"><sp/><sp/><sp/><sp/><sp/><sp/><sp/><sp/><sp/><sp/><sp/><sp/><sp/><sp/><sp/><sp/>{</highlight></codeline>
<codeline lineno="128"><highlight class="normal"><sp/><sp/><sp/><sp/><sp/><sp/><sp/><sp/><sp/><sp/><sp/><sp/><sp/><sp/><sp/><sp/><sp/><sp/><sp/><sp/>res<sp/>=<sp/><ref refid="csv_8cpp_1a44cd2131057b27749a53caad3ec77eb9" kindref="member">refreshCSV</ref>();</highlight></codeline>
<codeline lineno="129"><highlight class="normal"><sp/><sp/><sp/><sp/><sp/><sp/><sp/><sp/><sp/><sp/><sp/><sp/><sp/><sp/><sp/><sp/><sp/><sp/><sp/><sp/></highlight><highlight class="keywordflow">if</highlight><highlight class="normal"><sp/>(res<sp/>==<sp/><ref refid="status_error_define_8h_1adf0c44f8de9b8e78b0e56caacfa1ac94ab22416d928134d1c6c7b2e8d2c31f20b" kindref="member">noError</ref>)</highlight></codeline>
<codeline lineno="130"><highlight class="normal"><sp/><sp/><sp/><sp/><sp/><sp/><sp/><sp/><sp/><sp/><sp/><sp/><sp/><sp/><sp/><sp/><sp/><sp/><sp/><sp/>{</highlight></codeline>
<codeline lineno="131"><highlight class="normal"><sp/><sp/><sp/><sp/><sp/><sp/><sp/><sp/><sp/><sp/><sp/><sp/><sp/><sp/><sp/><sp/><sp/><sp/><sp/><sp/><sp/><sp/><sp/><sp/><ref refid="classfile" kindref="compound">file</ref>.<ref refid="classfile_1a873fcc71c11302b9e65f54f165cc1236" kindref="member">writeTelem</ref>(</highlight><highlight class="stringliteral">&quot;CSV<sp/>has<sp/>been<sp/>changed&quot;</highlight><highlight class="normal">,<sp/><ref refid="status_error_define_8h_1adf0c44f8de9b8e78b0e56caacfa1ac94a33282492c0682ba4272d206c0c76a476" kindref="member">infoCSVChanged</ref>);</highlight></codeline>
<codeline lineno="132"><highlight class="normal"><sp/><sp/><sp/><sp/><sp/><sp/><sp/><sp/><sp/><sp/><sp/><sp/><sp/><sp/><sp/><sp/><sp/><sp/><sp/><sp/><sp/><sp/><sp/><sp/><ref refid="classopl" kindref="compound">opl</ref>.<ref refid="classopl_1afcb3f7b05602f12b72bc97404795ef42" kindref="member">sendTelem</ref>(<ref refid="status_error_define_8h_1adf0c44f8de9b8e78b0e56caacfa1ac94a33282492c0682ba4272d206c0c76a476" kindref="member">infoCSVChanged</ref>);</highlight></codeline>
<codeline lineno="133"><highlight class="normal"><sp/><sp/><sp/><sp/><sp/><sp/><sp/><sp/><sp/><sp/><sp/><sp/><sp/><sp/><sp/><sp/><sp/><sp/><sp/><sp/>}</highlight></codeline>
<codeline lineno="134"><highlight class="normal"><sp/><sp/><sp/><sp/><sp/><sp/><sp/><sp/><sp/><sp/><sp/><sp/><sp/><sp/><sp/><sp/><sp/><sp/><sp/><sp/></highlight><highlight class="keywordflow">else</highlight><highlight class="normal"></highlight></codeline>
<codeline lineno="135"><highlight class="normal"><sp/><sp/><sp/><sp/><sp/><sp/><sp/><sp/><sp/><sp/><sp/><sp/><sp/><sp/><sp/><sp/><sp/><sp/><sp/><sp/>{</highlight></codeline>
<codeline lineno="136"><highlight class="normal"><sp/><sp/><sp/><sp/><sp/><sp/><sp/><sp/><sp/><sp/><sp/><sp/><sp/><sp/><sp/><sp/><sp/><sp/><sp/><sp/><sp/><sp/><sp/><sp/><ref refid="classfile" kindref="compound">file</ref>.<ref refid="classfile_1af8c8b22309c8efd3fb87a567a74c16b5" kindref="member">writeError</ref>(</highlight><highlight class="stringliteral">&quot;CSV<sp/>has<sp/>failed<sp/>to<sp/>change<sp/>with<sp/>the<sp/>new<sp/>EG!&quot;</highlight><highlight class="normal">,<sp/>res);</highlight></codeline>
<codeline lineno="137"><highlight class="normal"><sp/><sp/><sp/><sp/><sp/><sp/><sp/><sp/><sp/><sp/><sp/><sp/><sp/><sp/><sp/><sp/><sp/><sp/><sp/><sp/><sp/><sp/><sp/><sp/><ref refid="classopl" kindref="compound">opl</ref>.<ref refid="classopl_1ad188b100fd92fcc210bd48ea4e08a36f" kindref="member">sendError</ref>(res);</highlight></codeline>
<codeline lineno="138"><highlight class="normal"><sp/><sp/><sp/><sp/><sp/><sp/><sp/><sp/><sp/><sp/><sp/><sp/><sp/><sp/><sp/><sp/><sp/><sp/><sp/><sp/>}</highlight></codeline>
<codeline lineno="139"><highlight class="normal"><sp/><sp/><sp/><sp/><sp/><sp/><sp/><sp/><sp/><sp/><sp/><sp/><sp/><sp/><sp/><sp/>}</highlight></codeline>
<codeline lineno="140"><highlight class="normal"><sp/><sp/><sp/><sp/><sp/><sp/><sp/><sp/><sp/><sp/><sp/><sp/><sp/><sp/><sp/><sp/></highlight><highlight class="keywordflow">else</highlight><highlight class="normal"><sp/></highlight><highlight class="keywordflow">if</highlight><highlight class="normal"><sp/>(res<sp/>==<sp/><ref refid="status_error_define_8h_1adf0c44f8de9b8e78b0e56caacfa1ac94a2c3908b363a14d9a6d75acef16c66a44" kindref="member">infoModeSetToManual</ref>)</highlight></codeline>
<codeline lineno="141"><highlight class="normal"><sp/><sp/><sp/><sp/><sp/><sp/><sp/><sp/><sp/><sp/><sp/><sp/><sp/><sp/><sp/><sp/>{</highlight></codeline>
<codeline lineno="142"><highlight class="normal"><sp/><sp/><sp/><sp/><sp/><sp/><sp/><sp/><sp/><sp/><sp/><sp/><sp/><sp/><sp/><sp/><sp/><sp/><sp/><sp/>printf(</highlight><highlight class="stringliteral">&quot;Mode<sp/>set<sp/>to<sp/>manual<sp/>valve<sp/>activation<sp/>from<sp/>MN.\n&quot;</highlight><highlight class="normal">);</highlight></codeline>
<codeline lineno="143"><highlight class="normal"><sp/><sp/><sp/><sp/><sp/><sp/><sp/><sp/><sp/><sp/><sp/><sp/><sp/><sp/><sp/><sp/><sp/><sp/><sp/><sp/><ref refid="classfile" kindref="compound">file</ref>.<ref refid="classfile_1a873fcc71c11302b9e65f54f165cc1236" kindref="member">writeTelem</ref>(</highlight><highlight class="stringliteral">&quot;Mode<sp/>set<sp/>to<sp/>manual<sp/>valve<sp/>activation<sp/>from<sp/>MN&quot;</highlight><highlight class="normal">,<sp/>res);</highlight></codeline>
<codeline lineno="144"><highlight class="normal"><sp/><sp/><sp/><sp/><sp/><sp/><sp/><sp/><sp/><sp/><sp/><sp/><sp/><sp/><sp/><sp/><sp/><sp/><sp/><sp/><ref refid="classopl" kindref="compound">opl</ref>.<ref refid="classopl_1afcb3f7b05602f12b72bc97404795ef42" kindref="member">sendTelem</ref>(res);</highlight></codeline>
<codeline lineno="145"><highlight class="normal"><sp/><sp/><sp/><sp/><sp/><sp/><sp/><sp/><sp/><sp/><sp/><sp/><sp/><sp/><sp/><sp/>}</highlight></codeline>
<codeline lineno="146"><highlight class="normal"><sp/><sp/><sp/><sp/><sp/><sp/><sp/><sp/><sp/><sp/><sp/><sp/><sp/><sp/><sp/><sp/></highlight><highlight class="keywordflow">else</highlight><highlight class="normal"><sp/></highlight><highlight class="keywordflow">if</highlight><highlight class="normal">(res<sp/>==<sp/><ref refid="status_error_define_8h_1adf0c44f8de9b8e78b0e56caacfa1ac94a123fe6d3e60b7489a599703203770d9f" kindref="member">infoEGsetToZero</ref>)</highlight></codeline>
<codeline lineno="147"><highlight class="normal"><sp/><sp/><sp/><sp/><sp/><sp/><sp/><sp/><sp/><sp/><sp/><sp/><sp/><sp/><sp/><sp/>{</highlight></codeline>
<codeline lineno="148"><highlight class="normal"><sp/><sp/><sp/><sp/><sp/><sp/><sp/><sp/><sp/><sp/><sp/><sp/><sp/><sp/><sp/><sp/><sp/><sp/><sp/><sp/></highlight></codeline>
<codeline lineno="149"><highlight class="normal"><sp/><sp/><sp/><sp/><sp/><sp/><sp/><sp/><sp/><sp/><sp/><sp/><sp/><sp/><sp/><sp/>}</highlight></codeline>
<codeline lineno="150"><highlight class="normal"></highlight></codeline>
<codeline lineno="151"><highlight class="normal"><sp/><sp/><sp/><sp/><sp/><sp/><sp/><sp/><sp/><sp/><sp/><sp/><sp/><sp/><sp/><sp/>res<sp/>=<sp/><ref refid="classopl" kindref="compound">opl</ref>.<ref refid="classopl_1ac3e6c6fb9c8d2a10d4437877651167bb" kindref="member">demandeExtinctOPL</ref>();</highlight></codeline>
<codeline lineno="152"><highlight class="normal"><sp/><sp/><sp/><sp/><sp/><sp/><sp/><sp/><sp/><sp/><sp/><sp/><sp/><sp/><sp/><sp/></highlight><highlight class="keywordflow">if</highlight><highlight class="normal">(res<sp/>==<sp/><ref refid="status_error_define_8h_1adf0c44f8de9b8e78b0e56caacfa1ac94acd2d81872afb7b452fdc7e9a11d13d79" kindref="member">infoStopOrderReceived</ref>)</highlight></codeline>
<codeline lineno="153"><highlight class="normal"><sp/><sp/><sp/><sp/><sp/><sp/><sp/><sp/><sp/><sp/><sp/><sp/><sp/><sp/><sp/><sp/><sp/><sp/><sp/><sp/>state<sp/>=<sp/><ref refid="status_error_define_8h_1a8a5ff9e57db5d201dadd5d4dcacafd50a806a2e610a79f2c33cb4d122a0f0f877" kindref="member">shutdown</ref>;</highlight></codeline>
<codeline lineno="154"><highlight class="normal"><sp/><sp/><sp/><sp/><sp/><sp/><sp/><sp/><sp/><sp/><sp/><sp/><sp/><sp/><sp/><sp/></highlight></codeline>
<codeline lineno="155"><highlight class="normal"><sp/><sp/><sp/><sp/><sp/><sp/><sp/><sp/><sp/><sp/><sp/><sp/><sp/><sp/><sp/><sp/>res<sp/>=<sp/><ref refid="opl_8cpp_1a6113e17ab32811ea2704cbfbb967c64f" kindref="member">checkStateOpl</ref>();</highlight></codeline>
<codeline lineno="156"><highlight class="normal"><sp/><sp/><sp/><sp/><sp/><sp/><sp/><sp/><sp/><sp/><sp/><sp/><sp/><sp/><sp/><sp/></highlight><highlight class="keywordflow">if</highlight><highlight class="normal"><sp/>(res<sp/>!=<sp/><ref refid="status_error_define_8h_1adf0c44f8de9b8e78b0e56caacfa1ac94ab22416d928134d1c6c7b2e8d2c31f20b" kindref="member">noError</ref>)</highlight></codeline>
<codeline lineno="157"><highlight class="normal"><sp/><sp/><sp/><sp/><sp/><sp/><sp/><sp/><sp/><sp/><sp/><sp/><sp/><sp/><sp/><sp/>{</highlight></codeline>
<codeline lineno="158"><highlight class="normal"><sp/><sp/><sp/><sp/><sp/><sp/><sp/><sp/><sp/><sp/><sp/><sp/><sp/><sp/><sp/><sp/><sp/><sp/><sp/><sp/><ref refid="classfile" kindref="compound">file</ref>.<ref refid="classfile_1af8c8b22309c8efd3fb87a567a74c16b5" kindref="member">writeError</ref>(</highlight><highlight class="stringliteral">&quot;OpenPOWERLINK<sp/>has<sp/>failed!&quot;</highlight><highlight class="normal">,<sp/>res);</highlight></codeline>
<codeline lineno="159"><highlight class="normal"><sp/><sp/><sp/><sp/><sp/><sp/><sp/><sp/><sp/><sp/><sp/><sp/><sp/><sp/><sp/><sp/><sp/><sp/><sp/><sp/><ref refid="classopl" kindref="compound">opl</ref>.<ref refid="classopl_1ad188b100fd92fcc210bd48ea4e08a36f" kindref="member">sendError</ref>(res);</highlight></codeline>
<codeline lineno="160"><highlight class="normal"><sp/><sp/><sp/><sp/><sp/><sp/><sp/><sp/><sp/><sp/><sp/><sp/><sp/><sp/><sp/><sp/><sp/><sp/><sp/><sp/></highlight><highlight class="keywordflow">if</highlight><highlight class="normal"><sp/>(res<sp/>==<sp/><ref refid="status_error_define_8h_1adf0c44f8de9b8e78b0e56caacfa1ac94a577af9c3c84d95925e05d66000b3d411" kindref="member">errSystemSendTerminate</ref>)</highlight></codeline>
<codeline lineno="161"><highlight class="normal"><sp/><sp/><sp/><sp/><sp/><sp/><sp/><sp/><sp/><sp/><sp/><sp/><sp/><sp/><sp/><sp/><sp/><sp/><sp/><sp/><sp/><sp/><sp/><sp/>state<sp/>=<sp/><ref refid="status_error_define_8h_1a8a5ff9e57db5d201dadd5d4dcacafd50a806a2e610a79f2c33cb4d122a0f0f877" kindref="member">shutdown</ref>;</highlight></codeline>
<codeline lineno="162"><highlight class="normal"><sp/><sp/><sp/><sp/><sp/><sp/><sp/><sp/><sp/><sp/><sp/><sp/><sp/><sp/><sp/><sp/>}</highlight></codeline>
<codeline lineno="163"><highlight class="normal"></highlight></codeline>
<codeline lineno="164"><highlight class="normal"><sp/><sp/><sp/><sp/><sp/><sp/><sp/><sp/><sp/><sp/><sp/><sp/><sp/><sp/><sp/><sp/>system_msleep(<ref refid="config_define_8h_1a0cb3b08249c5a31d756d998565ed6a35" kindref="member">DELAYMSCONTROL</ref>);</highlight></codeline>
<codeline lineno="165"><highlight class="normal"><sp/><sp/><sp/><sp/><sp/><sp/><sp/><sp/><sp/><sp/><sp/><sp/><sp/><sp/><sp/><sp/></highlight><highlight class="keywordflow">break</highlight><highlight class="normal">;</highlight></codeline>
<codeline lineno="166"><highlight class="normal"><sp/><sp/><sp/><sp/><sp/><sp/><sp/><sp/><sp/><sp/><sp/><sp/></highlight><highlight class="keywordflow">case</highlight><highlight class="normal"><sp/><ref refid="status_error_define_8h_1a8a5ff9e57db5d201dadd5d4dcacafd50a806a2e610a79f2c33cb4d122a0f0f877" kindref="member">shutdown</ref>:<sp/></highlight><highlight class="comment">//<sp/>Extinction</highlight><highlight class="normal"></highlight></codeline>
<codeline lineno="167"><highlight class="normal"><sp/><sp/><sp/><sp/><sp/><sp/><sp/><sp/><sp/><sp/><sp/><sp/><sp/><sp/><sp/><sp/><ref refid="classfile" kindref="compound">file</ref>.<ref refid="classfile_1a873fcc71c11302b9e65f54f165cc1236" kindref="member">writeTelem</ref>(</highlight><highlight class="stringliteral">&quot;CAC<sp/>is<sp/>going<sp/>into<sp/>shutdown<sp/>state&quot;</highlight><highlight class="normal">,<sp/><ref refid="status_error_define_8h_1adf0c44f8de9b8e78b0e56caacfa1ac94a01e41b59bd1914b962c2219c0eeca685" kindref="member">infoStateToShutdown</ref>);</highlight></codeline>
<codeline lineno="168"><highlight class="normal"><sp/><sp/><sp/><sp/><sp/><sp/><sp/><sp/><sp/><sp/><sp/><sp/><sp/><sp/><sp/><sp/><ref refid="classopl" kindref="compound">opl</ref>.<ref refid="classopl_1afcb3f7b05602f12b72bc97404795ef42" kindref="member">sendTelem</ref>(<ref refid="status_error_define_8h_1adf0c44f8de9b8e78b0e56caacfa1ac94a01e41b59bd1914b962c2219c0eeca685" kindref="member">infoStateToShutdown</ref>);</highlight></codeline>
<codeline lineno="169"><highlight class="normal"></highlight><highlight class="preprocessor"><sp/><sp/><sp/><sp/><sp/><sp/><sp/><sp/><sp/><sp/><sp/><sp/><sp/><sp/><sp/><sp/>#if<sp/>(TARGET_SYSTEM<sp/>==<sp/>_WIN32_)</highlight><highlight class="normal"></highlight></codeline>
<codeline lineno="170"><highlight class="normal"></highlight><highlight class="preprocessor"><sp/><sp/><sp/><sp/><sp/><sp/><sp/><sp/><sp/><sp/><sp/><sp/><sp/><sp/><sp/><sp/>#else</highlight><highlight class="normal"></highlight></codeline>
<codeline lineno="171"><highlight class="normal"><sp/><sp/><sp/><sp/><sp/><sp/><sp/><sp/><sp/><sp/><sp/><sp/><sp/><sp/><sp/><sp/></highlight></codeline>
<codeline lineno="172"><highlight class="normal"><sp/><sp/><sp/><sp/><sp/><sp/><sp/><sp/><sp/><sp/><sp/><sp/><sp/><sp/><sp/><sp/>res<sp/>=<sp/><ref refid="classsensor" kindref="compound">sensor</ref>.<ref refid="classsensor_1ad3b9b11298007378ec5b9127694580af" kindref="member">extinctSensor</ref>();</highlight></codeline>
<codeline lineno="173"><highlight class="normal"><sp/><sp/><sp/><sp/><sp/><sp/><sp/><sp/><sp/><sp/><sp/><sp/><sp/><sp/><sp/><sp/></highlight><highlight class="keywordflow">if</highlight><highlight class="normal"><sp/>(res<sp/>==<sp/><ref refid="status_error_define_8h_1adf0c44f8de9b8e78b0e56caacfa1ac94ab22416d928134d1c6c7b2e8d2c31f20b" kindref="member">noError</ref>)</highlight></codeline>
<codeline lineno="174"><highlight class="normal"><sp/><sp/><sp/><sp/><sp/><sp/><sp/><sp/><sp/><sp/><sp/><sp/><sp/><sp/><sp/><sp/>{</highlight></codeline>
<codeline lineno="175"><highlight class="normal"><sp/><sp/><sp/><sp/><sp/><sp/><sp/><sp/><sp/><sp/><sp/><sp/><sp/><sp/><sp/><sp/><sp/><sp/><sp/><sp/><ref refid="classfile" kindref="compound">file</ref>.<ref refid="classfile_1a873fcc71c11302b9e65f54f165cc1236" kindref="member">writeTelem</ref>(</highlight><highlight class="stringliteral">&quot;Sensor<sp/>subsystem<sp/>has<sp/>exited<sp/>correctly&quot;</highlight><highlight class="normal">,<sp/><ref refid="status_error_define_8h_1adf0c44f8de9b8e78b0e56caacfa1ac94ace6949520e27cb5384ef035c68693375" kindref="member">infoShutdownSensor</ref>);</highlight></codeline>
<codeline lineno="176"><highlight class="normal"><sp/><sp/><sp/><sp/><sp/><sp/><sp/><sp/><sp/><sp/><sp/><sp/><sp/><sp/><sp/><sp/><sp/><sp/><sp/><sp/><ref refid="classopl" kindref="compound">opl</ref>.<ref refid="classopl_1afcb3f7b05602f12b72bc97404795ef42" kindref="member">sendTelem</ref>(<ref refid="status_error_define_8h_1adf0c44f8de9b8e78b0e56caacfa1ac94ace6949520e27cb5384ef035c68693375" kindref="member">infoShutdownSensor</ref>);</highlight></codeline>
<codeline lineno="177"><highlight class="normal"><sp/><sp/><sp/><sp/><sp/><sp/><sp/><sp/><sp/><sp/><sp/><sp/><sp/><sp/><sp/><sp/>}</highlight></codeline>
<codeline lineno="178"><highlight class="normal"><sp/><sp/><sp/><sp/><sp/><sp/><sp/><sp/><sp/><sp/><sp/><sp/><sp/><sp/><sp/><sp/></highlight><highlight class="keywordflow">else</highlight><highlight class="normal"></highlight></codeline>
<codeline lineno="179"><highlight class="normal"><sp/><sp/><sp/><sp/><sp/><sp/><sp/><sp/><sp/><sp/><sp/><sp/><sp/><sp/><sp/><sp/>{</highlight></codeline>
<codeline lineno="180"><highlight class="normal"><sp/><sp/><sp/><sp/><sp/><sp/><sp/><sp/><sp/><sp/><sp/><sp/><sp/><sp/><sp/><sp/><sp/><sp/><sp/><sp/><ref refid="classfile" kindref="compound">file</ref>.<ref refid="classfile_1af8c8b22309c8efd3fb87a567a74c16b5" kindref="member">writeError</ref>(</highlight><highlight class="stringliteral">&quot;Sensor<sp/>subsystem<sp/>has<sp/>failed<sp/>to<sp/>exit!&quot;</highlight><highlight class="normal">,<sp/>res);</highlight></codeline>
<codeline lineno="181"><highlight class="normal"><sp/><sp/><sp/><sp/><sp/><sp/><sp/><sp/><sp/><sp/><sp/><sp/><sp/><sp/><sp/><sp/><sp/><sp/><sp/><sp/><ref refid="classopl" kindref="compound">opl</ref>.<ref refid="classopl_1ad188b100fd92fcc210bd48ea4e08a36f" kindref="member">sendError</ref>(res);</highlight></codeline>
<codeline lineno="182"><highlight class="normal"><sp/><sp/><sp/><sp/><sp/><sp/><sp/><sp/><sp/><sp/><sp/><sp/><sp/><sp/><sp/><sp/>}</highlight></codeline>
<codeline lineno="183"><highlight class="normal"><sp/><sp/><sp/><sp/><sp/><sp/><sp/><sp/><sp/><sp/><sp/><sp/><sp/><sp/><sp/><sp/>res<sp/>=<sp/><ref refid="classvalve" kindref="compound">valve</ref>.<ref refid="classvalve_1a3db8975d7c2cc46b33fd65e683e8c6df" kindref="member">extinctValve</ref>();</highlight></codeline>
<codeline lineno="184"><highlight class="normal"><sp/><sp/><sp/><sp/><sp/><sp/><sp/><sp/><sp/><sp/><sp/><sp/><sp/><sp/><sp/><sp/></highlight><highlight class="keywordflow">if</highlight><highlight class="normal">(res<sp/>==<sp/><ref refid="status_error_define_8h_1adf0c44f8de9b8e78b0e56caacfa1ac94ab22416d928134d1c6c7b2e8d2c31f20b" kindref="member">noError</ref>)</highlight></codeline>
<codeline lineno="185"><highlight class="normal"><sp/><sp/><sp/><sp/><sp/><sp/><sp/><sp/><sp/><sp/><sp/><sp/><sp/><sp/><sp/><sp/>{</highlight></codeline>
<codeline lineno="186"><highlight class="normal"><sp/><sp/><sp/><sp/><sp/><sp/><sp/><sp/><sp/><sp/><sp/><sp/><sp/><sp/><sp/><sp/><sp/><sp/><sp/><sp/><ref refid="classfile" kindref="compound">file</ref>.<ref refid="classfile_1a873fcc71c11302b9e65f54f165cc1236" kindref="member">writeTelem</ref>(</highlight><highlight class="stringliteral">&quot;Valve<sp/>subsystem<sp/>has<sp/>exited<sp/>correctly&quot;</highlight><highlight class="normal">,<sp/><ref refid="status_error_define_8h_1adf0c44f8de9b8e78b0e56caacfa1ac94ab3077fec19fccfeb9d807e656556c75e" kindref="member">infoShutdownValve</ref>);</highlight></codeline>
<codeline lineno="187"><highlight class="normal"><sp/><sp/><sp/><sp/><sp/><sp/><sp/><sp/><sp/><sp/><sp/><sp/><sp/><sp/><sp/><sp/><sp/><sp/><sp/><sp/><ref refid="classopl" kindref="compound">opl</ref>.<ref refid="classopl_1afcb3f7b05602f12b72bc97404795ef42" kindref="member">sendTelem</ref>(<ref refid="status_error_define_8h_1adf0c44f8de9b8e78b0e56caacfa1ac94ab3077fec19fccfeb9d807e656556c75e" kindref="member">infoShutdownValve</ref>);</highlight></codeline>
<codeline lineno="188"><highlight class="normal"><sp/><sp/><sp/><sp/><sp/><sp/><sp/><sp/><sp/><sp/><sp/><sp/><sp/><sp/><sp/><sp/>}</highlight></codeline>
<codeline lineno="189"><highlight class="normal"><sp/><sp/><sp/><sp/><sp/><sp/><sp/><sp/><sp/><sp/><sp/><sp/><sp/><sp/><sp/><sp/></highlight><highlight class="keywordflow">else</highlight><highlight class="normal"></highlight></codeline>
<codeline lineno="190"><highlight class="normal"><sp/><sp/><sp/><sp/><sp/><sp/><sp/><sp/><sp/><sp/><sp/><sp/><sp/><sp/><sp/><sp/>{</highlight></codeline>
<codeline lineno="191"><highlight class="normal"><sp/><sp/><sp/><sp/><sp/><sp/><sp/><sp/><sp/><sp/><sp/><sp/><sp/><sp/><sp/><sp/><sp/><sp/><sp/><sp/><ref refid="classfile" kindref="compound">file</ref>.<ref refid="classfile_1af8c8b22309c8efd3fb87a567a74c16b5" kindref="member">writeError</ref>(</highlight><highlight class="stringliteral">&quot;Valve<sp/>subsystem<sp/>has<sp/>failed<sp/>to<sp/>exit!&quot;</highlight><highlight class="normal">,<sp/>res);</highlight></codeline>
<codeline lineno="192"><highlight class="normal"><sp/><sp/><sp/><sp/><sp/><sp/><sp/><sp/><sp/><sp/><sp/><sp/><sp/><sp/><sp/><sp/><sp/><sp/><sp/><sp/><ref refid="classopl" kindref="compound">opl</ref>.<ref refid="classopl_1ad188b100fd92fcc210bd48ea4e08a36f" kindref="member">sendError</ref>(res);</highlight></codeline>
<codeline lineno="193"><highlight class="normal"><sp/><sp/><sp/><sp/><sp/><sp/><sp/><sp/><sp/><sp/><sp/><sp/><sp/><sp/><sp/><sp/>}</highlight></codeline>
<codeline lineno="194"><highlight class="normal"></highlight><highlight class="preprocessor"><sp/><sp/><sp/><sp/><sp/><sp/><sp/><sp/><sp/><sp/><sp/><sp/><sp/><sp/><sp/><sp/>#endif</highlight><highlight class="normal"></highlight></codeline>
<codeline lineno="195"><highlight class="normal"><sp/><sp/><sp/><sp/><sp/><sp/><sp/><sp/><sp/><sp/><sp/><sp/><sp/><sp/><sp/><sp/>res<sp/>=<sp/><ref refid="opl_8cpp_1a43f9337be3f9efa2653d87b1f95af44c" kindref="member">extinctOPL</ref>();</highlight></codeline>
<codeline lineno="196"><highlight class="normal"><sp/><sp/><sp/><sp/><sp/><sp/><sp/><sp/><sp/><sp/><sp/><sp/><sp/><sp/><sp/><sp/></highlight><highlight class="keywordflow">if</highlight><highlight class="normal"><sp/>(res<sp/>==<sp/><ref refid="status_error_define_8h_1adf0c44f8de9b8e78b0e56caacfa1ac94ab22416d928134d1c6c7b2e8d2c31f20b" kindref="member">noError</ref>)</highlight></codeline>
<codeline lineno="197"><highlight class="normal"><sp/><sp/><sp/><sp/><sp/><sp/><sp/><sp/><sp/><sp/><sp/><sp/><sp/><sp/><sp/><sp/><sp/><sp/><sp/><sp/><ref refid="classfile" kindref="compound">file</ref>.<ref refid="classfile_1a873fcc71c11302b9e65f54f165cc1236" kindref="member">writeTelem</ref>(</highlight><highlight class="stringliteral">&quot;OpenPOWERLINK<sp/>has<sp/>exited<sp/>correctly&quot;</highlight><highlight class="normal">,<sp/><ref refid="status_error_define_8h_1adf0c44f8de9b8e78b0e56caacfa1ac94a8b055c6b5a03623894e2735710fdfaca" kindref="member">infoShutdownOPL</ref>);</highlight></codeline>
<codeline lineno="198"><highlight class="normal"><sp/><sp/><sp/><sp/><sp/><sp/><sp/><sp/><sp/><sp/><sp/><sp/><sp/><sp/><sp/><sp/></highlight><highlight class="keywordflow">else</highlight><highlight class="normal"></highlight></codeline>
<codeline lineno="199"><highlight class="normal"><sp/><sp/><sp/><sp/><sp/><sp/><sp/><sp/><sp/><sp/><sp/><sp/><sp/><sp/><sp/><sp/><sp/><sp/><sp/><sp/><ref refid="classfile" kindref="compound">file</ref>.<ref refid="classfile_1af8c8b22309c8efd3fb87a567a74c16b5" kindref="member">writeError</ref>(</highlight><highlight class="stringliteral">&quot;OpenPOWERLINK<sp/>has<sp/>failed<sp/>to<sp/>exit!&quot;</highlight><highlight class="normal">,<sp/>res);</highlight></codeline>
<codeline lineno="200"><highlight class="normal"><sp/><sp/><sp/><sp/><sp/><sp/><sp/><sp/><sp/><sp/><sp/><sp/><sp/><sp/><sp/><sp/>res<sp/>=<sp/><ref refid="csv_8cpp_1a39604608c86deb3e5925261c5a9413ca" kindref="member">extinctCSV</ref>();</highlight></codeline>
<codeline lineno="201"><highlight class="normal"><sp/><sp/><sp/><sp/><sp/><sp/><sp/><sp/><sp/><sp/><sp/><sp/><sp/><sp/><sp/><sp/></highlight><highlight class="keywordflow">if</highlight><highlight class="normal"><sp/>(res<sp/>==<sp/><ref refid="status_error_define_8h_1adf0c44f8de9b8e78b0e56caacfa1ac94ab22416d928134d1c6c7b2e8d2c31f20b" kindref="member">noError</ref>)</highlight></codeline>
<codeline lineno="202"><highlight class="normal"><sp/><sp/><sp/><sp/><sp/><sp/><sp/><sp/><sp/><sp/><sp/><sp/><sp/><sp/><sp/><sp/><sp/><sp/><sp/><sp/><ref refid="classfile" kindref="compound">file</ref>.<ref refid="classfile_1a873fcc71c11302b9e65f54f165cc1236" kindref="member">writeTelem</ref>(</highlight><highlight class="stringliteral">&quot;CSV<sp/>subsystem<sp/>has<sp/>exited<sp/>correctly&quot;</highlight><highlight class="normal">,<sp/><ref refid="status_error_define_8h_1adf0c44f8de9b8e78b0e56caacfa1ac94a3e92293429589d611d781d83a0c14864" kindref="member">infoShutdownCSV</ref>);</highlight></codeline>
<codeline lineno="203"><highlight class="normal"><sp/><sp/><sp/><sp/><sp/><sp/><sp/><sp/><sp/><sp/><sp/><sp/><sp/><sp/><sp/><sp/></highlight><highlight class="keywordflow">else</highlight><highlight class="normal"></highlight></codeline>
<codeline lineno="204"><highlight class="normal"><sp/><sp/><sp/><sp/><sp/><sp/><sp/><sp/><sp/><sp/><sp/><sp/><sp/><sp/><sp/><sp/><sp/><sp/><sp/><sp/><ref refid="classfile" kindref="compound">file</ref>.<ref refid="classfile_1af8c8b22309c8efd3fb87a567a74c16b5" kindref="member">writeError</ref>(</highlight><highlight class="stringliteral">&quot;CSV<sp/>subsystem<sp/>has<sp/>failed<sp/>to<sp/>exit!&quot;</highlight><highlight class="normal">,<sp/>res);</highlight></codeline>
<codeline lineno="205"><highlight class="normal"><sp/><sp/><sp/><sp/><sp/><sp/><sp/><sp/><sp/><sp/><sp/><sp/><sp/><sp/><sp/><sp/>res<sp/>=<sp/><ref refid="classfile" kindref="compound">file</ref>.<ref refid="classfile_1a86ce3c36d7e87f24600c8755d8601e7c" kindref="member">closeFile</ref>();</highlight></codeline>
<codeline lineno="206"><highlight class="normal"><sp/><sp/><sp/><sp/><sp/><sp/><sp/><sp/><sp/><sp/><sp/><sp/><sp/><sp/><sp/><sp/></highlight><highlight class="keywordflow">if</highlight><highlight class="normal"><sp/>(res<sp/>==<sp/><ref refid="status_error_define_8h_1adf0c44f8de9b8e78b0e56caacfa1ac94ab22416d928134d1c6c7b2e8d2c31f20b" kindref="member">noError</ref>)</highlight></codeline>
<codeline lineno="207"><highlight class="normal"><sp/><sp/><sp/><sp/><sp/><sp/><sp/><sp/><sp/><sp/><sp/><sp/><sp/><sp/><sp/><sp/><sp/><sp/><sp/><sp/>printf(</highlight><highlight class="stringliteral">&quot;TelemFile<sp/>close<sp/>OK\n&quot;</highlight><highlight class="normal">);</highlight></codeline>
<codeline lineno="208"><highlight class="normal"><sp/><sp/><sp/><sp/><sp/><sp/><sp/><sp/><sp/><sp/><sp/><sp/><sp/><sp/><sp/><sp/></highlight><highlight class="keywordflow">else</highlight><highlight class="normal"></highlight></codeline>
<codeline lineno="209"><highlight class="normal"><sp/><sp/><sp/><sp/><sp/><sp/><sp/><sp/><sp/><sp/><sp/><sp/><sp/><sp/><sp/><sp/><sp/><sp/><sp/><sp/>printf(</highlight><highlight class="stringliteral">&quot;Error<sp/>telemfiles<sp/>close!\n&quot;</highlight><highlight class="normal">);</highlight></codeline>
<codeline lineno="210"><highlight class="normal"><sp/><sp/><sp/><sp/><sp/><sp/><sp/><sp/><sp/><sp/><sp/><sp/><sp/><sp/><sp/><sp/>state<sp/>=<sp/><ref refid="status_error_define_8h_1a8a5ff9e57db5d201dadd5d4dcacafd50a6135603307626f48d62e2faa86a1d255" kindref="member">ending</ref>;</highlight></codeline>
<codeline lineno="211"><highlight class="normal"><sp/><sp/><sp/><sp/><sp/><sp/><sp/><sp/><sp/><sp/><sp/><sp/><sp/><sp/><sp/><sp/></highlight><highlight class="keywordflow">break</highlight><highlight class="normal">;</highlight></codeline>
<codeline lineno="212"><highlight class="normal"><sp/><sp/><sp/><sp/><sp/><sp/><sp/><sp/><sp/><sp/><sp/><sp/></highlight><highlight class="keywordflow">default</highlight><highlight class="normal">:</highlight></codeline>
<codeline lineno="213"><highlight class="normal"><sp/><sp/><sp/><sp/><sp/><sp/><sp/><sp/><sp/><sp/><sp/><sp/><sp/><sp/><sp/><sp/></highlight><highlight class="keywordflow">break</highlight><highlight class="normal">;</highlight></codeline>
<codeline lineno="214"><highlight class="normal"><sp/><sp/><sp/><sp/><sp/><sp/><sp/><sp/>}</highlight></codeline>
<codeline lineno="215"><highlight class="normal"><sp/><sp/><sp/><sp/>}</highlight></codeline>
<codeline lineno="216"><highlight class="normal">}</highlight></codeline>
    </programlisting>
    <location file="C:/Users/Squaria/Documents/openPOWERLINK_V2_CAC/apps/CAC_CN/src/main.cpp"/>
  </compounddef>
</doxygen>
