<?xml version='1.0' encoding='UTF-8' standalone='no'?>
<doxygen xmlns:xsi="http://www.w3.org/2001/XMLSchema-instance" xsi:noNamespaceSchemaLocation="compound.xsd" version="1.10.0" xml:lang="en-US">
  <compounddef id="node_id_8h" kind="file" language="C++">
    <compoundname>nodeId.h</compoundname>
    <includedby refid="opl_8h" local="yes">C:/Users/Squaria/Documents/openPOWERLINK_V2_CAC/apps/CAC_CN/include/opl.h</includedby>
    <includedby refid="xap_opl_8h" local="yes">C:/Users/Squaria/Documents/openPOWERLINK_V2_CAC/apps/CAC_CN/include/xapOpl.h</includedby>
    <invincdepgraph>
      <node id="3">
        <label>C:/Users/Squaria/Documents/openPOWERLINK_V2_CAC/apps/CAC_CN/include/csv.h</label>
        <link refid="csv_8h"/>
        <childnode refid="2" relation="include">
        </childnode>
        <childnode refid="4" relation="include">
        </childnode>
        <childnode refid="5" relation="include">
        </childnode>
        <childnode refid="9" relation="include">
        </childnode>
        <childnode refid="6" relation="include">
        </childnode>
      </node>
      <node id="1">
        <label>C:/Users/Squaria/Documents/openPOWERLINK_V2_CAC/apps/CAC_CN/include/nodeId.h</label>
        <link refid="node_id_8h"/>
        <childnode refid="2" relation="include">
        </childnode>
        <childnode refid="11" relation="include">
        </childnode>
      </node>
      <node id="2">
        <label>C:/Users/Squaria/Documents/openPOWERLINK_V2_CAC/apps/CAC_CN/include/opl.h</label>
        <link refid="opl_8h"/>
        <childnode refid="3" relation="include">
        </childnode>
        <childnode refid="6" relation="include">
        </childnode>
        <childnode refid="10" relation="include">
        </childnode>
      </node>
      <node id="4">
        <label>C:/Users/Squaria/Documents/openPOWERLINK_V2_CAC/apps/CAC_CN/include/sensor.h</label>
        <link refid="sensor_8h"/>
        <childnode refid="2" relation="include">
        </childnode>
        <childnode refid="5" relation="include">
        </childnode>
        <childnode refid="6" relation="include">
        </childnode>
        <childnode refid="8" relation="include">
        </childnode>
      </node>
      <node id="5">
        <label>C:/Users/Squaria/Documents/openPOWERLINK_V2_CAC/apps/CAC_CN/include/valve.h</label>
        <link refid="valve_8h"/>
        <childnode refid="2" relation="include">
        </childnode>
        <childnode refid="6" relation="include">
        </childnode>
        <childnode refid="7" relation="include">
        </childnode>
      </node>
      <node id="11">
        <label>C:/Users/Squaria/Documents/openPOWERLINK_V2_CAC/apps/CAC_CN/include/xapOpl.h</label>
        <link refid="xap_opl_8h"/>
        <childnode refid="2" relation="include">
        </childnode>
      </node>
      <node id="9">
        <label>C:/Users/Squaria/Documents/openPOWERLINK_V2_CAC/apps/CAC_CN/src/csv.cpp</label>
        <link refid="csv_8cpp"/>
      </node>
      <node id="6">
        <label>C:/Users/Squaria/Documents/openPOWERLINK_V2_CAC/apps/CAC_CN/src/main.cpp</label>
        <link refid="main_8cpp"/>
      </node>
      <node id="10">
        <label>C:/Users/Squaria/Documents/openPOWERLINK_V2_CAC/apps/CAC_CN/src/opl.cpp</label>
        <link refid="opl_8cpp"/>
      </node>
      <node id="8">
        <label>C:/Users/Squaria/Documents/openPOWERLINK_V2_CAC/apps/CAC_CN/src/sensor.cpp</label>
        <link refid="sensor_8cpp"/>
      </node>
      <node id="7">
        <label>C:/Users/Squaria/Documents/openPOWERLINK_V2_CAC/apps/CAC_CN/src/valve.cpp</label>
        <link refid="valve_8cpp"/>
      </node>
    </invincdepgraph>
    <sectiondef kind="define">
      <memberdef kind="define" id="node_id_8h_1a2f7945514ea8b2c7145cf68d47c96a08" prot="public" static="no">
        <name>NODEID</name>
        <initializer>1</initializer>
        <briefdescription>
        </briefdescription>
        <detaileddescription>
        </detaileddescription>
        <inbodydescription>
        </inbodydescription>
        <location file="C:/Users/Squaria/Documents/openPOWERLINK_V2_CAC/apps/CAC_CN/include/nodeId.h" line="1" column="9" bodyfile="C:/Users/Squaria/Documents/openPOWERLINK_V2_CAC/apps/CAC_CN/include/nodeId.h" bodystart="1" bodyend="-1"/>
      </memberdef>
      <memberdef kind="define" id="node_id_8h_1a6206026f72c671f64485c7be7f4288d2" prot="public" static="no">
        <name>NB_NODES</name>
        <initializer>3</initializer>
        <briefdescription>
        </briefdescription>
        <detaileddescription>
        </detaileddescription>
        <inbodydescription>
        </inbodydescription>
        <location file="C:/Users/Squaria/Documents/openPOWERLINK_V2_CAC/apps/CAC_CN/include/nodeId.h" line="2" column="9" bodyfile="C:/Users/Squaria/Documents/openPOWERLINK_V2_CAC/apps/CAC_CN/include/nodeId.h" bodystart="2" bodyend="-1"/>
      </memberdef>
    </sectiondef>
    <briefdescription>
    </briefdescription>
    <detaileddescription>
    </detaileddescription>
    <programlisting>
<codeline lineno="1" refid="node_id_8h_1a2f7945514ea8b2c7145cf68d47c96a08" refkind="member"><highlight class="preprocessor">#define<sp/>NODEID<sp/>1</highlight><highlight class="normal"></highlight></codeline>
<codeline lineno="2" refid="node_id_8h_1a6206026f72c671f64485c7be7f4288d2" refkind="member"><highlight class="normal"></highlight><highlight class="preprocessor">#define<sp/>NB_NODES<sp/>3</highlight></codeline>
    </programlisting>
    <location file="C:/Users/Squaria/Documents/openPOWERLINK_V2_CAC/apps/CAC_CN/include/nodeId.h"/>
  </compounddef>
</doxygen>
