<?xml version='1.0' encoding='UTF-8' standalone='no'?>
<doxygen xmlns:xsi="http://www.w3.org/2001/XMLSchema-instance" xsi:noNamespaceSchemaLocation="compound.xsd" version="1.10.0" xml:lang="en-US">
  <compounddef id="struct_ligne_c_s_v" kind="struct" language="C++" prot="public">
    <compoundname>LigneCSV</compoundname>
    <includes refid="csv_8h" local="no">csv.h</includes>
    <sectiondef kind="public-attrib">
      <memberdef kind="variable" id="struct_ligne_c_s_v_1a77112e0a8c052d82fcfce6a743c78a75" prot="public" static="no" mutable="no">
        <type>int</type>
        <definition>int LigneCSV::valeur[MAX_LINE_SIZE]</definition>
        <argsstring>[MAX_LINE_SIZE]</argsstring>
        <name>valeur</name>
        <qualifiedname>LigneCSV::valeur</qualifiedname>
        <briefdescription>
        </briefdescription>
        <detaileddescription>
<para>the set value of a valve </para>
        </detaileddescription>
        <inbodydescription>
        </inbodydescription>
        <location file="C:/Users/Squaria/Documents/openPOWERLINK_V2_CAC/apps/CAC_CN/include/csv.h" line="45" column="9" bodyfile="C:/Users/Squaria/Documents/openPOWERLINK_V2_CAC/apps/CAC_CN/include/csv.h" bodystart="45" bodyend="-1"/>
      </memberdef>
      <memberdef kind="variable" id="struct_ligne_c_s_v_1a95e7740f7fa9635c25fc409817f9178c" prot="public" static="no" mutable="no">
        <type>int</type>
        <definition>int LigneCSV::dependanceVannes[MAX_LINE_SIZE][MAX_VALVES]</definition>
        <argsstring>[MAX_LINE_SIZE][MAX_VALVES]</argsstring>
        <name>dependanceVannes</name>
        <qualifiedname>LigneCSV::dependanceVannes</qualifiedname>
        <briefdescription>
        </briefdescription>
        <detaileddescription>
<para>the valve dependances array </para>
        </detaileddescription>
        <inbodydescription>
        </inbodydescription>
        <location file="C:/Users/Squaria/Documents/openPOWERLINK_V2_CAC/apps/CAC_CN/include/csv.h" line="46" column="9" bodyfile="C:/Users/Squaria/Documents/openPOWERLINK_V2_CAC/apps/CAC_CN/include/csv.h" bodystart="46" bodyend="-1"/>
      </memberdef>
      <memberdef kind="variable" id="struct_ligne_c_s_v_1a0b58ddaf08c19c940b424751ea4bf029" prot="public" static="no" mutable="no">
        <type>double</type>
        <definition>double LigneCSV::timerVannes[MAX_LINE_SIZE]</definition>
        <argsstring>[MAX_LINE_SIZE]</argsstring>
        <name>timerVannes</name>
        <qualifiedname>LigneCSV::timerVannes</qualifiedname>
        <briefdescription>
        </briefdescription>
        <detaileddescription>
<para>the timer after which the valve is triggered </para>
        </detaileddescription>
        <inbodydescription>
        </inbodydescription>
        <location file="C:/Users/Squaria/Documents/openPOWERLINK_V2_CAC/apps/CAC_CN/include/csv.h" line="47" column="12" bodyfile="C:/Users/Squaria/Documents/openPOWERLINK_V2_CAC/apps/CAC_CN/include/csv.h" bodystart="47" bodyend="-1"/>
      </memberdef>
    </sectiondef>
    <briefdescription>
<para>struct containing values taken from a general state CSV such as the value, dependance and timer dependance of each valves. </para>
    </briefdescription>
    <detaileddescription>
    </detaileddescription>
    <location file="C:/Users/Squaria/Documents/openPOWERLINK_V2_CAC/apps/CAC_CN/include/csv.h" line="44" column="1" bodyfile="C:/Users/Squaria/Documents/openPOWERLINK_V2_CAC/apps/CAC_CN/include/csv.h" bodystart="44" bodyend="48"/>
    <listofallmembers>
      <member refid="struct_ligne_c_s_v_1a95e7740f7fa9635c25fc409817f9178c" prot="public" virt="non-virtual"><scope>LigneCSV</scope><name>dependanceVannes</name></member>
      <member refid="struct_ligne_c_s_v_1a0b58ddaf08c19c940b424751ea4bf029" prot="public" virt="non-virtual"><scope>LigneCSV</scope><name>timerVannes</name></member>
      <member refid="struct_ligne_c_s_v_1a77112e0a8c052d82fcfce6a743c78a75" prot="public" virt="non-virtual"><scope>LigneCSV</scope><name>valeur</name></member>
    </listofallmembers>
  </compounddef>
</doxygen>
