<?xml version='1.0' encoding='UTF-8' standalone='no'?>
<doxygen xmlns:xsi="http://www.w3.org/2001/XMLSchema-instance" xsi:noNamespaceSchemaLocation="compound.xsd" version="1.10.0" xml:lang="en-US">
  <compounddef id="struct_p_i___o_u_t" kind="struct" language="C++" prot="public">
    <compoundname>PI_OUT</compoundname>
    <includes refid="xap_opl_8h" local="no">xapOpl.h</includes>
    <sectiondef kind="public-attrib">
      <memberdef kind="variable" id="struct_p_i___o_u_t_1a6acd9eeaf14a6221c85373ee72ca3b1a" prot="public" static="no" mutable="no">
        <type>int16_t</type>
        <definition>int16_t PI_OUT::out_CN_array[SIZE_OUT]</definition>
        <argsstring>[SIZE_OUT]</argsstring>
        <name>out_CN_array</name>
        <qualifiedname>PI_OUT::out_CN_array</qualifiedname>
        <briefdescription>
        </briefdescription>
        <detaileddescription>
        </detaileddescription>
        <inbodydescription>
        </inbodydescription>
        <location file="C:/Users/Squaria/Documents/openPOWERLINK_V2_CAC/apps/CAC_CN/include/xapOpl.h" line="14" column="9" bodyfile="C:/Users/Squaria/Documents/openPOWERLINK_V2_CAC/apps/CAC_CN/include/xapOpl.h" bodystart="14" bodyend="-1"/>
        <referencedby refid="opl_8cpp_1a52e9ad149905d67047d527f120a17c11" compoundref="opl_8cpp" startline="518" endline="569">processSync</referencedby>
      </memberdef>
    </sectiondef>
    <briefdescription>
    </briefdescription>
    <detaileddescription>
    </detaileddescription>
    <location file="C:/Users/Squaria/Documents/openPOWERLINK_V2_CAC/apps/CAC_CN/include/xapOpl.h" line="12" column="1" bodyfile="C:/Users/Squaria/Documents/openPOWERLINK_V2_CAC/apps/CAC_CN/include/xapOpl.h" bodystart="13" bodyend="15"/>
    <listofallmembers>
      <member refid="struct_p_i___o_u_t_1a6acd9eeaf14a6221c85373ee72ca3b1a" prot="public" virt="non-virtual"><scope>PI_OUT</scope><name>out_CN_array</name></member>
    </listofallmembers>
  </compounddef>
</doxygen>
