<?xml version='1.0' encoding='UTF-8' standalone='no'?>
<doxygen xmlns:xsi="http://www.w3.org/2001/XMLSchema-instance" xsi:noNamespaceSchemaLocation="compound.xsd" version="1.10.0" xml:lang="en-US">
  <compounddef id="struct_ligne_vannes" kind="struct" language="C++" prot="public">
    <compoundname>LigneVannes</compoundname>
    <includes refid="csv_8h" local="no">csv.h</includes>
    <sectiondef kind="public-attrib">
      <memberdef kind="variable" id="struct_ligne_vannes_1a413b83e1e29442b6c79f508e70132b99" prot="public" static="no" mutable="no">
        <type>uint8_t</type>
        <definition>uint8_t LigneVannes::etatInitial[MAX_PHYSICAL_LINE_SIZE]</definition>
        <argsstring>[MAX_PHYSICAL_LINE_SIZE]</argsstring>
        <name>etatInitial</name>
        <qualifiedname>LigneVannes::etatInitial</qualifiedname>
        <briefdescription>
        </briefdescription>
        <detaileddescription>
        </detaileddescription>
        <inbodydescription>
        </inbodydescription>
        <location file="C:/Users/Squaria/Documents/openPOWERLINK_V2_CAC/apps/CAC_CN/include/csv.h" line="30" column="17" bodyfile="C:/Users/Squaria/Documents/openPOWERLINK_V2_CAC/apps/CAC_CN/include/csv.h" bodystart="30" bodyend="-1"/>
      </memberdef>
      <memberdef kind="variable" id="struct_ligne_vannes_1ab74f4156992a1d50dc08493868258282" prot="public" static="no" mutable="no">
        <type>uint8_t</type>
        <definition>uint8_t LigneVannes::portGPIO[MAX_PHYSICAL_LINE_SIZE]</definition>
        <argsstring>[MAX_PHYSICAL_LINE_SIZE]</argsstring>
        <name>portGPIO</name>
        <qualifiedname>LigneVannes::portGPIO</qualifiedname>
        <briefdescription>
        </briefdescription>
        <detaileddescription>
        </detaileddescription>
        <inbodydescription>
        </inbodydescription>
        <location file="C:/Users/Squaria/Documents/openPOWERLINK_V2_CAC/apps/CAC_CN/include/csv.h" line="31" column="17" bodyfile="C:/Users/Squaria/Documents/openPOWERLINK_V2_CAC/apps/CAC_CN/include/csv.h" bodystart="31" bodyend="-1"/>
      </memberdef>
    </sectiondef>
    <briefdescription>
    </briefdescription>
    <detaileddescription>
    </detaileddescription>
    <location file="C:/Users/Squaria/Documents/openPOWERLINK_V2_CAC/apps/CAC_CN/include/csv.h" line="29" column="5" bodyfile="C:/Users/Squaria/Documents/openPOWERLINK_V2_CAC/apps/CAC_CN/include/csv.h" bodystart="29" bodyend="32"/>
    <listofallmembers>
      <member refid="struct_ligne_vannes_1a413b83e1e29442b6c79f508e70132b99" prot="public" virt="non-virtual"><scope>LigneVannes</scope><name>etatInitial</name></member>
      <member refid="struct_ligne_vannes_1ab74f4156992a1d50dc08493868258282" prot="public" virt="non-virtual"><scope>LigneVannes</scope><name>portGPIO</name></member>
    </listofallmembers>
  </compounddef>
</doxygen>
