<?xml version='1.0' encoding='UTF-8' standalone='no'?>
<doxygen xmlns:xsi="http://www.w3.org/2001/XMLSchema-instance" xsi:noNamespaceSchemaLocation="compound.xsd" version="1.10.0" xml:lang="en-US">
  <compounddef id="structdata_etats" kind="struct" language="C++" prot="public">
    <compoundname>dataEtats</compoundname>
    <briefdescription>
<para>struct containing values taken from a general state CSV such as the value, dependance and timer dependance of each valves. </para>
    </briefdescription>
    <detaileddescription>
    </detaileddescription>
    <location file="C:/Users/Squaria/Documents/openPOWERLINK_V2_CAC/apps/CAC_CN/src/csv.cpp" line="15" column="1"/>
    <listofallmembers>
    </listofallmembers>
  </compounddef>
</doxygen>
