<?xml version='1.0' encoding='UTF-8' standalone='no'?>
<doxygen xmlns:xsi="http://www.w3.org/2001/XMLSchema-instance" xsi:noNamespaceSchemaLocation="compound.xsd" version="1.10.0" xml:lang="en-US">
  <compounddef id="structdata_physical_config_sensors" kind="struct" language="C++" prot="public">
    <compoundname>dataPhysicalConfigSensors</compoundname>
    <briefdescription>
<para>struct containing values taken from &quot;physicalCONFIG_sensors.csv&quot; such as the type and modbus parameters of each sensors. </para>
    </briefdescription>
    <detaileddescription>
    </detaileddescription>
    <location file="C:/Users/Squaria/Documents/openPOWERLINK_V2_CAC/apps/CAC_CN/src/csv.cpp" line="31" column="1"/>
    <listofallmembers>
    </listofallmembers>
  </compounddef>
</doxygen>
