<?xml version='1.0' encoding='UTF-8' standalone='no'?>
<doxygen xmlns:xsi="http://www.w3.org/2001/XMLSchema-instance" xsi:noNamespaceSchemaLocation="compound.xsd" version="1.10.0" xml:lang="en-US">
  <compounddef id="xap_opl_8h" kind="file" language="C++">
    <compoundname>xapOpl.h</compoundname>
    <includes local="no">stdint.h</includes>
    <includes refid="config_define_8h" local="yes">configDefine.h</includes>
    <includedby refid="opl_8h" local="yes">C:/Users/Squaria/Documents/openPOWERLINK_V2_CAC/apps/CAC_CN/include/opl.h</includedby>
    <incdepgraph>
      <node id="3">
        <label>configDefine.h</label>
        <link refid="config_define_8h"/>
      </node>
      <node id="1">
        <label>C:/Users/Squaria/Documents/openPOWERLINK_V2_CAC/apps/CAC_CN/include/xapOpl.h</label>
        <link refid="xap_opl_8h"/>
        <childnode refid="2" relation="include">
        </childnode>
        <childnode refid="3" relation="include">
        </childnode>
      </node>
      <node id="2">
        <label>stdint.h</label>
      </node>
    </incdepgraph>
    <invincdepgraph>
      <node id="3">
        <label>C:/Users/Squaria/Documents/openPOWERLINK_V2_CAC/apps/CAC_CN/include/csv.h</label>
        <link refid="csv_8h"/>
        <childnode refid="2" relation="include">
        </childnode>
        <childnode refid="4" relation="include">
        </childnode>
        <childnode refid="5" relation="include">
        </childnode>
        <childnode refid="9" relation="include">
        </childnode>
        <childnode refid="6" relation="include">
        </childnode>
      </node>
      <node id="2">
        <label>C:/Users/Squaria/Documents/openPOWERLINK_V2_CAC/apps/CAC_CN/include/opl.h</label>
        <link refid="opl_8h"/>
        <childnode refid="3" relation="include">
        </childnode>
        <childnode refid="6" relation="include">
        </childnode>
        <childnode refid="10" relation="include">
        </childnode>
      </node>
      <node id="4">
        <label>C:/Users/Squaria/Documents/openPOWERLINK_V2_CAC/apps/CAC_CN/include/sensor.h</label>
        <link refid="sensor_8h"/>
        <childnode refid="2" relation="include">
        </childnode>
        <childnode refid="5" relation="include">
        </childnode>
        <childnode refid="6" relation="include">
        </childnode>
        <childnode refid="8" relation="include">
        </childnode>
      </node>
      <node id="5">
        <label>C:/Users/Squaria/Documents/openPOWERLINK_V2_CAC/apps/CAC_CN/include/valve.h</label>
        <link refid="valve_8h"/>
        <childnode refid="2" relation="include">
        </childnode>
        <childnode refid="6" relation="include">
        </childnode>
        <childnode refid="7" relation="include">
        </childnode>
      </node>
      <node id="1">
        <label>C:/Users/Squaria/Documents/openPOWERLINK_V2_CAC/apps/CAC_CN/include/xapOpl.h</label>
        <link refid="xap_opl_8h"/>
        <childnode refid="2" relation="include">
        </childnode>
      </node>
      <node id="9">
        <label>C:/Users/Squaria/Documents/openPOWERLINK_V2_CAC/apps/CAC_CN/src/csv.cpp</label>
        <link refid="csv_8cpp"/>
      </node>
      <node id="6">
        <label>C:/Users/Squaria/Documents/openPOWERLINK_V2_CAC/apps/CAC_CN/src/main.cpp</label>
        <link refid="main_8cpp"/>
      </node>
      <node id="10">
        <label>C:/Users/Squaria/Documents/openPOWERLINK_V2_CAC/apps/CAC_CN/src/opl.cpp</label>
        <link refid="opl_8cpp"/>
      </node>
      <node id="8">
        <label>C:/Users/Squaria/Documents/openPOWERLINK_V2_CAC/apps/CAC_CN/src/sensor.cpp</label>
        <link refid="sensor_8cpp"/>
      </node>
      <node id="7">
        <label>C:/Users/Squaria/Documents/openPOWERLINK_V2_CAC/apps/CAC_CN/src/valve.cpp</label>
        <link refid="valve_8cpp"/>
      </node>
    </invincdepgraph>
    <innerclass refid="struct_p_i___o_u_t" prot="public">PI_OUT</innerclass>
    <innerclass refid="struct_p_i___i_n" prot="public">PI_IN</innerclass>
    <briefdescription>
    </briefdescription>
    <detaileddescription>
    </detaileddescription>
    <programlisting>
<codeline lineno="1"><highlight class="comment">/*</highlight></codeline>
<codeline lineno="2"><highlight class="comment">*<sp/>This<sp/>file<sp/>was<sp/>autogenerated<sp/>by<sp/>openCONFIGURATOR-2.2.1_release<sp/>on<sp/>28-Jan-2024<sp/>17:34:27</highlight></codeline>
<codeline lineno="3"><highlight class="comment">*<sp/>Project:<sp/>ASTREOS-1_OpenPOWERLINK</highlight></codeline>
<codeline lineno="4"><highlight class="comment">*<sp/>Application<sp/>process<sp/>for<sp/>OBC_MN(240)</highlight></codeline>
<codeline lineno="5"><highlight class="comment">*/</highlight><highlight class="normal"></highlight></codeline>
<codeline lineno="6"><highlight class="normal"></highlight><highlight class="preprocessor">#ifndef<sp/>XAP_h</highlight><highlight class="normal"></highlight></codeline>
<codeline lineno="7"><highlight class="normal"></highlight><highlight class="preprocessor">#define<sp/>XAP_h</highlight><highlight class="normal"></highlight></codeline>
<codeline lineno="8"><highlight class="normal"></highlight></codeline>
<codeline lineno="9"><highlight class="normal"></highlight><highlight class="preprocessor">#include<sp/>&lt;stdint.h&gt;</highlight><highlight class="normal"></highlight></codeline>
<codeline lineno="10"><highlight class="normal"></highlight><highlight class="preprocessor">#include<sp/>&quot;<ref refid="config_define_8h" kindref="compound">configDefine.h</ref>&quot;</highlight><highlight class="normal"></highlight></codeline>
<codeline lineno="11"><highlight class="normal"></highlight></codeline>
<codeline lineno="12" refid="struct_p_i___o_u_t" refkind="compound"><highlight class="normal"></highlight><highlight class="keyword">typedef</highlight><highlight class="normal"><sp/></highlight><highlight class="keyword">struct</highlight><highlight class="normal"></highlight></codeline>
<codeline lineno="13"><highlight class="normal">{</highlight></codeline>
<codeline lineno="14" refid="struct_p_i___o_u_t_1a6acd9eeaf14a6221c85373ee72ca3b1a" refkind="member"><highlight class="normal"><sp/><sp/><sp/><sp/>int16_t<sp/>out_CN_array[<ref refid="config_define_8h_1ab5cbebecab98e4234ae1b2e5ff94ccbc" kindref="member">SIZE_OUT</ref>];</highlight></codeline>
<codeline lineno="15"><highlight class="normal">}<sp/><ref refid="struct_p_i___o_u_t" kindref="compound">PI_OUT</ref>;</highlight></codeline>
<codeline lineno="16"><highlight class="normal"></highlight></codeline>
<codeline lineno="17" refid="struct_p_i___i_n" refkind="compound"><highlight class="normal"></highlight><highlight class="keyword">typedef</highlight><highlight class="normal"><sp/></highlight><highlight class="keyword">struct</highlight><highlight class="normal"></highlight></codeline>
<codeline lineno="18"><highlight class="normal">{</highlight></codeline>
<codeline lineno="19" refid="struct_p_i___i_n_1a5a0fedeabec540480a57f2700abf8565" refkind="member"><highlight class="normal"><sp/><sp/><sp/><sp/>int16_t<sp/>in_CN_array[<ref refid="config_define_8h_1ac072f7043a3fb31b4fc2d1bcb687c157" kindref="member">SIZE_IN</ref>];</highlight></codeline>
<codeline lineno="20"><highlight class="normal">}<sp/><ref refid="struct_p_i___i_n" kindref="compound">PI_IN</ref>;</highlight></codeline>
<codeline lineno="21"><highlight class="normal"></highlight></codeline>
<codeline lineno="22"><highlight class="normal"></highlight><highlight class="preprocessor">#endif</highlight></codeline>
    </programlisting>
    <location file="C:/Users/Squaria/Documents/openPOWERLINK_V2_CAC/apps/CAC_CN/include/xapOpl.h"/>
  </compounddef>
</doxygen>
