<?xml version='1.0' encoding='UTF-8' standalone='no'?>
<doxygen xmlns:xsi="http://www.w3.org/2001/XMLSchema-instance" xsi:noNamespaceSchemaLocation="compound.xsd" version="1.10.0" xml:lang="en-US">
  <compounddef id="csv_8h" kind="file" language="C++">
    <compoundname>csv.h</compoundname>
    <includes local="no">stdio.h</includes>
    <includes local="no">stdlib.h</includes>
    <includes local="no">stdint.h</includes>
    <includes local="no">string</includes>
    <includes local="no">ctype.h</includes>
    <includes refid="config_define_8h" local="yes">configDefine.h</includes>
    <includes refid="status_error_define_8h" local="yes">statusErrorDefine.h</includes>
    <includes refid="opl_8h" local="yes">opl.h</includes>
    <includedby refid="opl_8h" local="yes">C:/Users/Squaria/Documents/openPOWERLINK_V2_CAC/apps/CAC_CN/include/opl.h</includedby>
    <includedby refid="sensor_8h" local="yes">C:/Users/Squaria/Documents/openPOWERLINK_V2_CAC/apps/CAC_CN/include/sensor.h</includedby>
    <includedby refid="valve_8h" local="yes">C:/Users/Squaria/Documents/openPOWERLINK_V2_CAC/apps/CAC_CN/include/valve.h</includedby>
    <includedby refid="csv_8cpp" local="yes">C:/Users/Squaria/Documents/openPOWERLINK_V2_CAC/apps/CAC_CN/src/csv.cpp</includedby>
    <includedby refid="main_8cpp" local="yes">C:/Users/Squaria/Documents/openPOWERLINK_V2_CAC/apps/CAC_CN/src/main.cpp</includedby>
    <incdepgraph>
      <node id="7">
        <label>configDefine.h</label>
        <link refid="config_define_8h"/>
      </node>
      <node id="1">
        <label>C:/Users/Squaria/Documents/openPOWERLINK_V2_CAC/apps/CAC_CN/include/csv.h</label>
        <link refid="csv_8h"/>
        <childnode refid="2" relation="include">
        </childnode>
        <childnode refid="3" relation="include">
        </childnode>
        <childnode refid="4" relation="include">
        </childnode>
        <childnode refid="5" relation="include">
        </childnode>
        <childnode refid="6" relation="include">
        </childnode>
        <childnode refid="7" relation="include">
        </childnode>
        <childnode refid="8" relation="include">
        </childnode>
        <childnode refid="9" relation="include">
        </childnode>
      </node>
      <node id="11">
        <label>eventOpl.h</label>
        <link refid="event_opl_8h"/>
        <childnode refid="12" relation="include">
        </childnode>
        <childnode refid="13" relation="include">
        </childnode>
        <childnode refid="14" relation="include">
        </childnode>
        <childnode refid="15" relation="include">
        </childnode>
        <childnode refid="2" relation="include">
        </childnode>
      </node>
      <node id="16">
        <label>nodeId.h</label>
        <link refid="node_id_8h"/>
      </node>
      <node id="9">
        <label>opl.h</label>
        <link refid="opl_8h"/>
        <childnode refid="10" relation="include">
        </childnode>
        <childnode refid="11" relation="include">
        </childnode>
        <childnode refid="7" relation="include">
        </childnode>
        <childnode refid="16" relation="include">
        </childnode>
        <childnode refid="8" relation="include">
        </childnode>
        <childnode refid="1" relation="include">
        </childnode>
        <childnode refid="17" relation="include">
        </childnode>
        <childnode refid="24" relation="include">
        </childnode>
        <childnode refid="12" relation="include">
        </childnode>
        <childnode refid="13" relation="include">
        </childnode>
        <childnode refid="29" relation="include">
        </childnode>
        <childnode refid="4" relation="include">
        </childnode>
        <childnode refid="30" relation="include">
        </childnode>
        <childnode refid="31" relation="include">
        </childnode>
        <childnode refid="32" relation="include">
        </childnode>
        <childnode refid="33" relation="include">
        </childnode>
        <childnode refid="22" relation="include">
        </childnode>
        <childnode refid="14" relation="include">
        </childnode>
        <childnode refid="15" relation="include">
        </childnode>
        <childnode refid="34" relation="include">
        </childnode>
        <childnode refid="2" relation="include">
        </childnode>
        <childnode refid="35" relation="include">
        </childnode>
        <childnode refid="5" relation="include">
        </childnode>
      </node>
      <node id="17">
        <label>sensor.h</label>
        <link refid="sensor_8h"/>
        <childnode refid="1" relation="include">
        </childnode>
        <childnode refid="7" relation="include">
        </childnode>
        <childnode refid="8" relation="include">
        </childnode>
        <childnode refid="2" relation="include">
        </childnode>
        <childnode refid="3" relation="include">
        </childnode>
        <childnode refid="18" relation="include">
        </childnode>
        <childnode refid="19" relation="include">
        </childnode>
        <childnode refid="20" relation="include">
        </childnode>
        <childnode refid="21" relation="include">
        </childnode>
        <childnode refid="5" relation="include">
        </childnode>
        <childnode refid="22" relation="include">
        </childnode>
        <childnode refid="23" relation="include">
        </childnode>
      </node>
      <node id="8">
        <label>statusErrorDefine.h</label>
        <link refid="status_error_define_8h"/>
      </node>
      <node id="24">
        <label>valve.h</label>
        <link refid="valve_8h"/>
        <childnode refid="1" relation="include">
        </childnode>
        <childnode refid="7" relation="include">
        </childnode>
        <childnode refid="8" relation="include">
        </childnode>
        <childnode refid="2" relation="include">
        </childnode>
        <childnode refid="3" relation="include">
        </childnode>
        <childnode refid="18" relation="include">
        </childnode>
        <childnode refid="19" relation="include">
        </childnode>
        <childnode refid="25" relation="include">
        </childnode>
        <childnode refid="20" relation="include">
        </childnode>
        <childnode refid="21" relation="include">
        </childnode>
        <childnode refid="17" relation="include">
        </childnode>
        <childnode refid="26" relation="include">
        </childnode>
        <childnode refid="27" relation="include">
        </childnode>
        <childnode refid="28" relation="include">
        </childnode>
        <childnode refid="5" relation="include">
        </childnode>
      </node>
      <node id="10">
        <label>xapOpl.h</label>
        <link refid="xap_opl_8h"/>
        <childnode refid="4" relation="include">
        </childnode>
        <childnode refid="7" relation="include">
        </childnode>
      </node>
      <node id="14">
        <label>console/console.h</label>
      </node>
      <node id="26">
        <label>cstdlib</label>
      </node>
      <node id="6">
        <label>ctype.h</label>
      </node>
      <node id="19">
        <label>errno.h</label>
      </node>
      <node id="15">
        <label>eventlog/eventlog.h</label>
      </node>
      <node id="18">
        <label>fcntl.h</label>
      </node>
      <node id="27">
        <label>filesystem</label>
      </node>
      <node id="22">
        <label>getopt/getopt.h</label>
      </node>
      <node id="31">
        <label>inttypes.h</label>
      </node>
      <node id="23">
        <label>io.h</label>
      </node>
      <node id="28">
        <label>iostream</label>
      </node>
      <node id="35">
        <label>limits.h</label>
      </node>
      <node id="34">
        <label>netselect/netselect.h</label>
      </node>
      <node id="33">
        <label>obdcreate/obdcreate.h</label>
      </node>
      <node id="13">
        <label>oplk/debugstr.h</label>
      </node>
      <node id="12">
        <label>oplk/oplk.h</label>
      </node>
      <node id="21">
        <label>signal.h</label>
      </node>
      <node id="30">
        <label>stdbool.h</label>
      </node>
      <node id="29">
        <label>stddef.h</label>
      </node>
      <node id="4">
        <label>stdint.h</label>
      </node>
      <node id="2">
        <label>stdio.h</label>
      </node>
      <node id="3">
        <label>stdlib.h</label>
      </node>
      <node id="5">
        <label>string</label>
      </node>
      <node id="20">
        <label>sys/types.h</label>
      </node>
      <node id="32">
        <label>system/system.h</label>
      </node>
      <node id="25">
        <label>time.h</label>
      </node>
    </incdepgraph>
    <invincdepgraph>
      <node id="1">
        <label>C:/Users/Squaria/Documents/openPOWERLINK_V2_CAC/apps/CAC_CN/include/csv.h</label>
        <link refid="csv_8h"/>
        <childnode refid="2" relation="include">
        </childnode>
        <childnode refid="5" relation="include">
        </childnode>
        <childnode refid="6" relation="include">
        </childnode>
        <childnode refid="9" relation="include">
        </childnode>
        <childnode refid="3" relation="include">
        </childnode>
      </node>
      <node id="2">
        <label>C:/Users/Squaria/Documents/openPOWERLINK_V2_CAC/apps/CAC_CN/include/opl.h</label>
        <link refid="opl_8h"/>
        <childnode refid="1" relation="include">
        </childnode>
        <childnode refid="3" relation="include">
        </childnode>
        <childnode refid="4" relation="include">
        </childnode>
      </node>
      <node id="5">
        <label>C:/Users/Squaria/Documents/openPOWERLINK_V2_CAC/apps/CAC_CN/include/sensor.h</label>
        <link refid="sensor_8h"/>
        <childnode refid="2" relation="include">
        </childnode>
        <childnode refid="6" relation="include">
        </childnode>
        <childnode refid="3" relation="include">
        </childnode>
        <childnode refid="8" relation="include">
        </childnode>
      </node>
      <node id="6">
        <label>C:/Users/Squaria/Documents/openPOWERLINK_V2_CAC/apps/CAC_CN/include/valve.h</label>
        <link refid="valve_8h"/>
        <childnode refid="2" relation="include">
        </childnode>
        <childnode refid="3" relation="include">
        </childnode>
        <childnode refid="7" relation="include">
        </childnode>
      </node>
      <node id="9">
        <label>C:/Users/Squaria/Documents/openPOWERLINK_V2_CAC/apps/CAC_CN/src/csv.cpp</label>
        <link refid="csv_8cpp"/>
      </node>
      <node id="3">
        <label>C:/Users/Squaria/Documents/openPOWERLINK_V2_CAC/apps/CAC_CN/src/main.cpp</label>
        <link refid="main_8cpp"/>
      </node>
      <node id="4">
        <label>C:/Users/Squaria/Documents/openPOWERLINK_V2_CAC/apps/CAC_CN/src/opl.cpp</label>
        <link refid="opl_8cpp"/>
      </node>
      <node id="8">
        <label>C:/Users/Squaria/Documents/openPOWERLINK_V2_CAC/apps/CAC_CN/src/sensor.cpp</label>
        <link refid="sensor_8cpp"/>
      </node>
      <node id="7">
        <label>C:/Users/Squaria/Documents/openPOWERLINK_V2_CAC/apps/CAC_CN/src/valve.cpp</label>
        <link refid="valve_8cpp"/>
      </node>
    </invincdepgraph>
    <innerclass refid="struct_ligne_c_s_v" prot="public">LigneCSV</innerclass>
    <innerclass refid="struct_ligne_vannes" prot="public">LigneVannes</innerclass>
    <innerclass refid="struct_ligne_sensors" prot="public">LigneSensors</innerclass>
    <innerclass refid="struct_ligne_activation" prot="public">LigneActivation</innerclass>
    <innerclass refid="struct_ligne_e_g" prot="public">LigneEG</innerclass>
    <sectiondef kind="var">
      <memberdef kind="variable" id="csv_8h_1ae4cbc04f9c4323ec7a331ddef6b578c4" prot="public" static="no" extern="yes" mutable="no">
        <type>struct <ref refid="struct_ligne_c_s_v" kindref="compound">LigneCSV</ref> *</type>
        <definition>struct LigneCSV* dataEtats</definition>
        <argsstring></argsstring>
        <name>dataEtats</name>
        <briefdescription>
        </briefdescription>
        <detaileddescription>
        </detaileddescription>
        <inbodydescription>
        </inbodydescription>
        <location file="C:/Users/Squaria/Documents/openPOWERLINK_V2_CAC/apps/CAC_CN/include/csv.h" line="79" column="27" bodyfile="C:/Users/Squaria/Documents/openPOWERLINK_V2_CAC/apps/CAC_CN/src/csv.cpp" bodystart="20" bodyend="-1" declfile="C:/Users/Squaria/Documents/openPOWERLINK_V2_CAC/apps/CAC_CN/include/csv.h" declline="79" declcolumn="27"/>
      </memberdef>
      <memberdef kind="variable" id="csv_8h_1a0604c88114d265423bd058430aef5358" prot="public" static="no" extern="yes" mutable="no">
        <type>struct <ref refid="struct_ligne_vannes" kindref="compound">LigneVannes</ref> *</type>
        <definition>struct LigneVannes* dataPhysicalConfigVannes</definition>
        <argsstring></argsstring>
        <name>dataPhysicalConfigVannes</name>
        <briefdescription>
        </briefdescription>
        <detaileddescription>
        </detaileddescription>
        <inbodydescription>
        </inbodydescription>
        <location file="C:/Users/Squaria/Documents/openPOWERLINK_V2_CAC/apps/CAC_CN/include/csv.h" line="80" column="30" bodyfile="C:/Users/Squaria/Documents/openPOWERLINK_V2_CAC/apps/CAC_CN/src/csv.cpp" bodystart="28" bodyend="-1" declfile="C:/Users/Squaria/Documents/openPOWERLINK_V2_CAC/apps/CAC_CN/include/csv.h" declline="80" declcolumn="30"/>
      </memberdef>
      <memberdef kind="variable" id="csv_8h_1a545bddd902931ddd3692b3792d3958b4" prot="public" static="no" extern="yes" mutable="no">
        <type>struct <ref refid="struct_ligne_sensors" kindref="compound">LigneSensors</ref> *</type>
        <definition>struct LigneSensors* dataPhysicalConfigSensors</definition>
        <argsstring></argsstring>
        <name>dataPhysicalConfigSensors</name>
        <briefdescription>
        </briefdescription>
        <detaileddescription>
        </detaileddescription>
        <inbodydescription>
        </inbodydescription>
        <location file="C:/Users/Squaria/Documents/openPOWERLINK_V2_CAC/apps/CAC_CN/include/csv.h" line="81" column="31" bodyfile="C:/Users/Squaria/Documents/openPOWERLINK_V2_CAC/apps/CAC_CN/src/csv.cpp" bodystart="36" bodyend="-1" declfile="C:/Users/Squaria/Documents/openPOWERLINK_V2_CAC/apps/CAC_CN/include/csv.h" declline="81" declcolumn="31"/>
      </memberdef>
      <memberdef kind="variable" id="csv_8h_1a6d01cb64bb5d3e9ccda826e7b892ae18" prot="public" static="no" extern="yes" mutable="no">
        <type>struct <ref refid="struct_ligne_activation" kindref="compound">LigneActivation</ref> *</type>
        <definition>struct LigneActivation* dataActivation</definition>
        <argsstring></argsstring>
        <name>dataActivation</name>
        <briefdescription>
        </briefdescription>
        <detaileddescription>
        </detaileddescription>
        <inbodydescription>
        </inbodydescription>
        <location file="C:/Users/Squaria/Documents/openPOWERLINK_V2_CAC/apps/CAC_CN/include/csv.h" line="82" column="34" bodyfile="C:/Users/Squaria/Documents/openPOWERLINK_V2_CAC/apps/CAC_CN/src/csv.cpp" bodystart="43" bodyend="-1" declfile="C:/Users/Squaria/Documents/openPOWERLINK_V2_CAC/apps/CAC_CN/include/csv.h" declline="82" declcolumn="34"/>
      </memberdef>
      <memberdef kind="variable" id="csv_8h_1ac119725e56f891ac0af277ad61a9eaf4" prot="public" static="no" extern="yes" mutable="no">
        <type>struct <ref refid="struct_ligne_e_g" kindref="compound">LigneEG</ref> *</type>
        <definition>struct LigneEG* dataEG</definition>
        <argsstring></argsstring>
        <name>dataEG</name>
        <briefdescription>
        </briefdescription>
        <detaileddescription>
        </detaileddescription>
        <inbodydescription>
        </inbodydescription>
        <location file="C:/Users/Squaria/Documents/openPOWERLINK_V2_CAC/apps/CAC_CN/include/csv.h" line="83" column="26" bodyfile="C:/Users/Squaria/Documents/openPOWERLINK_V2_CAC/apps/CAC_CN/src/csv.cpp" bodystart="51" bodyend="-1" declfile="C:/Users/Squaria/Documents/openPOWERLINK_V2_CAC/apps/CAC_CN/include/csv.h" declline="83" declcolumn="26"/>
        <referencedby refid="csv_8cpp_1a39604608c86deb3e5925261c5a9413ca" compoundref="csv_8cpp" startline="172" endline="181">extinctCSV</referencedby>
        <referencedby refid="csv_8cpp_1a70bcd737e5a40f36e1cccaf3a7f63379" compoundref="csv_8cpp" startline="598" endline="601">getEGcsv</referencedby>
        <referencedby refid="csv_8cpp_1a3020b0ac72052eacef78e25c399ce4a6" compoundref="csv_8cpp" startline="608" endline="617">getNomFichiercsv</referencedby>
        <referencedby refid="csv_8cpp_1a44cd2131057b27749a53caad3ec77eb9" compoundref="csv_8cpp" startline="127" endline="164">refreshCSV</referencedby>
        <referencedby refid="csv_8cpp_1acbc16f61c722ba86bac4676c366b09bb" compoundref="csv_8cpp" startline="462" endline="479">remplirEG</referencedby>
        <referencedby refid="csv_8cpp_1a6b63c44df8b905d77b2c66f1cea86204" compoundref="csv_8cpp" startline="644" endline="653">searchEG</referencedby>
      </memberdef>
    </sectiondef>
    <sectiondef kind="func">
      <memberdef kind="function" id="csv_8h_1a57ce52f959b46f63b41ea53578833174" prot="public" static="no" const="no" explicit="no" inline="no" virt="non-virtual">
        <type><ref refid="status_error_define_8h_1adf0c44f8de9b8e78b0e56caacfa1ac94" kindref="member">statusErrDef</ref></type>
        <definition>statusErrDef initCSV</definition>
        <argsstring>()</argsstring>
        <name>initCSV</name>
        <briefdescription>
<para>function to initialize the struct containing the values and read the 5 different CSV files. </para>
        </briefdescription>
        <detaileddescription>
<para><simplesect kind="return"><para>statusErrDef that values errAllocDataPhysValves, errAllocDataPhysSensors, errAllocDataActivation in case of a malloc allocation error or noError when the function exits successfully. </para>
</simplesect>
</para>
        </detaileddescription>
        <inbodydescription>
        </inbodydescription>
        <location file="C:/Users/Squaria/Documents/openPOWERLINK_V2_CAC/apps/CAC_CN/include/csv.h" line="49" column="18" bodyfile="C:/Users/Squaria/Documents/openPOWERLINK_V2_CAC/apps/CAC_CN/src/csv.cpp" bodystart="61" bodyend="116" declfile="C:/Users/Squaria/Documents/openPOWERLINK_V2_CAC/apps/CAC_CN/include/csv.h" declline="49" declcolumn="18"/>
        <references refid="config_define_8h_1af03b9ef4da5daeff7665f07931101fdb" compoundref="config_define_8h" startline="46">COMMON_PHYSICAL_CONFIG_DIRECTORY</references>
        <references refid="status_error_define_8h_1adf0c44f8de9b8e78b0e56caacfa1ac94aa748b576dd63269692bf94745ebde592" compoundref="status_error_define_8h" startline="51">errAllocDataActivation</references>
        <references refid="status_error_define_8h_1adf0c44f8de9b8e78b0e56caacfa1ac94ae97856e69e4799dd26242af002ea490d" compoundref="status_error_define_8h" startline="50">errAllocDataPhysSensors</references>
        <references refid="status_error_define_8h_1adf0c44f8de9b8e78b0e56caacfa1ac94a52c0a0dc9ef385f587dda867044b4643" compoundref="status_error_define_8h" startline="49">errAllocDataPhysValves</references>
        <references refid="csv_8cpp_1a2e7bd32b81cf14bdd3867119fe4c75c2" compoundref="csv_8cpp" startline="329" endline="349">lireFichierActivation</references>
        <references refid="csv_8cpp_1ade728b48c3405b05be12be8e6b5d5206" compoundref="csv_8cpp" startline="298" endline="318">lireFichierSensors</references>
        <references refid="csv_8cpp_1ad8987ecbd2c5ce44f2a930a28a012b99" compoundref="csv_8cpp" startline="267" endline="287">lireFichierVannes</references>
        <references refid="status_error_define_8h_1adf0c44f8de9b8e78b0e56caacfa1ac94ab22416d928134d1c6c7b2e8d2c31f20b" compoundref="status_error_define_8h" startline="6">noError</references>
        <references refid="config_define_8h_1adb2604b345fe7f2f732f29ff27f245ab" compoundref="config_define_8h" startline="45">PHYSICAL_CONFIG_SENSORS_DIRECTORY</references>
        <references refid="config_define_8h_1ab5026e01006a4457989b22c57cc98f02" compoundref="config_define_8h" startline="44">PHYSICAL_CONFIG_VANNES_DIRECTORY</references>
        <references refid="csv_8cpp_1a44cd2131057b27749a53caad3ec77eb9" compoundref="csv_8cpp" startline="127" endline="164">refreshCSV</references>
        <referencedby refid="main_8cpp_1ae66f6b31b5ad750f1fe042a706a4e3d4" compoundref="main_8cpp" startline="25" endline="240">main</referencedby>
      </memberdef>
      <memberdef kind="function" id="csv_8h_1a44cd2131057b27749a53caad3ec77eb9" prot="public" static="no" const="no" explicit="no" inline="no" virt="non-virtual">
        <type><ref refid="status_error_define_8h_1adf0c44f8de9b8e78b0e56caacfa1ac94" kindref="member">statusErrDef</ref></type>
        <definition>statusErrDef refreshCSV</definition>
        <argsstring>()</argsstring>
        <name>refreshCSV</name>
        <briefdescription>
<para>function to get values of the new general state CSV and &quot;liaisonEGEtat.csv&quot; </para>
        </briefdescription>
        <detaileddescription>
<para><simplesect kind="return"><para>statusErrDef that values errAllocDataEG , errAllocDataEtats, in case of a malloc allocation error or noError when the function exits successfully. </para>
</simplesect>
</para>
        </detaileddescription>
        <inbodydescription>
        </inbodydescription>
        <location file="C:/Users/Squaria/Documents/openPOWERLINK_V2_CAC/apps/CAC_CN/include/csv.h" line="50" column="18" bodyfile="C:/Users/Squaria/Documents/openPOWERLINK_V2_CAC/apps/CAC_CN/src/csv.cpp" bodystart="127" bodyend="164" declfile="C:/Users/Squaria/Documents/openPOWERLINK_V2_CAC/apps/CAC_CN/include/csv.h" declline="50" declcolumn="18"/>
        <references refid="csv_8cpp_1ac119725e56f891ac0af277ad61a9eaf4" compoundref="csv_8cpp" startline="51">dataEG</references>
        <references refid="config_define_8h_1a4714f9212329c04dc628e204388611a1" compoundref="config_define_8h" startline="47">EG_ETAT_DIRECTORY</references>
        <references refid="status_error_define_8h_1adf0c44f8de9b8e78b0e56caacfa1ac94a7f5fa8b07e851d30728b48a6706f3406" compoundref="status_error_define_8h" startline="47">errAllocDataEG</references>
        <references refid="status_error_define_8h_1adf0c44f8de9b8e78b0e56caacfa1ac94aa17dee312ce9f8b84311bcfeeea687e4" compoundref="status_error_define_8h" startline="48">errAllocDataEtats</references>
        <references refid="csv_8cpp_1a810cafce9c6d5bb3e3ec3e8754ca924c" compoundref="csv_8cpp" startline="225" endline="256">lireFichierCSV</references>
        <references refid="csv_8cpp_1a6c7104900937bff943d7f36f4f9cb7f0" compoundref="csv_8cpp" startline="192" endline="213">lireFichierEG</references>
        <references refid="status_error_define_8h_1adf0c44f8de9b8e78b0e56caacfa1ac94ab22416d928134d1c6c7b2e8d2c31f20b" compoundref="status_error_define_8h" startline="6">noError</references>
        <references refid="config_define_8h_1a61233d5f57b883028d50415837de9da1" compoundref="config_define_8h" startline="43">STATE_CSV_DIRECTORY</references>
        <referencedby refid="csv_8cpp_1a57ce52f959b46f63b41ea53578833174" compoundref="csv_8cpp" startline="61" endline="116">initCSV</referencedby>
        <referencedby refid="main_8cpp_1ae66f6b31b5ad750f1fe042a706a4e3d4" compoundref="main_8cpp" startline="25" endline="240">main</referencedby>
      </memberdef>
      <memberdef kind="function" id="csv_8h_1a39604608c86deb3e5925261c5a9413ca" prot="public" static="no" const="no" explicit="no" inline="no" virt="non-virtual">
        <type><ref refid="status_error_define_8h_1adf0c44f8de9b8e78b0e56caacfa1ac94" kindref="member">statusErrDef</ref></type>
        <definition>statusErrDef extinctCSV</definition>
        <argsstring>()</argsstring>
        <name>extinctCSV</name>
        <briefdescription>
<para>function to free the 5 structs </para>
        </briefdescription>
        <detaileddescription>
<para><simplesect kind="return"><para>statusErrDef noError when the function exits successfully. </para>
</simplesect>
</para>
        </detaileddescription>
        <inbodydescription>
        </inbodydescription>
        <location file="C:/Users/Squaria/Documents/openPOWERLINK_V2_CAC/apps/CAC_CN/include/csv.h" line="51" column="18" bodyfile="C:/Users/Squaria/Documents/openPOWERLINK_V2_CAC/apps/CAC_CN/src/csv.cpp" bodystart="172" bodyend="181" declfile="C:/Users/Squaria/Documents/openPOWERLINK_V2_CAC/apps/CAC_CN/include/csv.h" declline="51" declcolumn="18"/>
        <references refid="csv_8cpp_1ac119725e56f891ac0af277ad61a9eaf4" compoundref="csv_8cpp" startline="51">dataEG</references>
        <references refid="status_error_define_8h_1adf0c44f8de9b8e78b0e56caacfa1ac94ab22416d928134d1c6c7b2e8d2c31f20b" compoundref="status_error_define_8h" startline="6">noError</references>
        <referencedby refid="main_8cpp_1ae66f6b31b5ad750f1fe042a706a4e3d4" compoundref="main_8cpp" startline="25" endline="240">main</referencedby>
      </memberdef>
      <memberdef kind="function" id="csv_8h_1a810cafce9c6d5bb3e3ec3e8754ca924c" prot="public" static="no" const="no" explicit="no" inline="no" virt="non-virtual">
        <type><ref refid="status_error_define_8h_1adf0c44f8de9b8e78b0e56caacfa1ac94" kindref="member">statusErrDef</ref></type>
        <definition>statusErrDef lireFichierCSV</definition>
        <argsstring>(const char *dir)</argsstring>
        <name>lireFichierCSV</name>
        <param>
          <type>const char *</type>
          <declname>dir</declname>
        </param>
        <briefdescription>
<para>function to read a general state CSV file until the end of the file. </para>
        </briefdescription>
        <detaileddescription>
<para><parameterlist kind="param"><parameteritem>
<parameternamelist>
<parametername>dir</parametername>
</parameternamelist>
<parameterdescription>
<para>location of the CSV file to read </para>
</parameterdescription>
</parameteritem>
</parameterlist>
<simplesect kind="return"><para>statusErrDef errEGNotFoundInFile general code (EG) not found in liaisonEGEtat.csv linked with the CSV file name, errOpenEtatsFile when the file fails to open, noError when the function exits successfully. </para>
</simplesect>
</para>
        </detaileddescription>
        <inbodydescription>
        </inbodydescription>
        <location file="C:/Users/Squaria/Documents/openPOWERLINK_V2_CAC/apps/CAC_CN/include/csv.h" line="53" column="18" bodyfile="C:/Users/Squaria/Documents/openPOWERLINK_V2_CAC/apps/CAC_CN/src/csv.cpp" bodystart="225" bodyend="256" declfile="C:/Users/Squaria/Documents/openPOWERLINK_V2_CAC/apps/CAC_CN/include/csv.h" declline="53" declcolumn="18"/>
        <references refid="status_error_define_8h_1adf0c44f8de9b8e78b0e56caacfa1ac94a14f3c6267c7217f788ac3ce46bd60835" compoundref="status_error_define_8h" startline="53">errEGNotFoundInFile</references>
        <references refid="status_error_define_8h_1adf0c44f8de9b8e78b0e56caacfa1ac94a12741a8473115ee22c636b93fbef02a4" compoundref="status_error_define_8h" startline="54">errOpenEtatsFile</references>
        <references refid="csv_8cpp_1a3020b0ac72052eacef78e25c399ce4a6" compoundref="csv_8cpp" startline="608" endline="617">getNomFichiercsv</references>
        <references refid="config_define_8h_1a706068f562dd5c64a8b7bbd4b2298dd1" compoundref="config_define_8h" startline="30">MAX_LINE_SIZE</references>
        <references refid="config_define_8h_1a9eb6992d76f02128388ae95c0415604a" compoundref="config_define_8h" startline="29">MAX_PATH_LENGTH</references>
        <references refid="status_error_define_8h_1adf0c44f8de9b8e78b0e56caacfa1ac94ab22416d928134d1c6c7b2e8d2c31f20b" compoundref="status_error_define_8h" startline="6">noError</references>
        <references refid="csv_8cpp_1a134699cebaabd514d62d43ed18cee67d" compoundref="csv_8cpp" startline="357" endline="388">remplirStructure</references>
        <referencedby refid="csv_8cpp_1a44cd2131057b27749a53caad3ec77eb9" compoundref="csv_8cpp" startline="127" endline="164">refreshCSV</referencedby>
      </memberdef>
      <memberdef kind="function" id="csv_8h_1ad8987ecbd2c5ce44f2a930a28a012b99" prot="public" static="no" const="no" explicit="no" inline="no" virt="non-virtual">
        <type><ref refid="status_error_define_8h_1adf0c44f8de9b8e78b0e56caacfa1ac94" kindref="member">statusErrDef</ref></type>
        <definition>statusErrDef lireFichierVannes</definition>
        <argsstring>(const char *fileName)</argsstring>
        <name>lireFichierVannes</name>
        <param>
          <type>const char *</type>
          <declname>fileName</declname>
        </param>
        <briefdescription>
<para>function to read &quot;physicalCONFIG_valves.csv&quot; until the end of the file. </para>
        </briefdescription>
        <detaileddescription>
<para><parameterlist kind="param"><parameteritem>
<parameternamelist>
<parametername>fileName</parametername>
</parameternamelist>
<parameterdescription>
<para>location and name of the CSV file to read </para>
</parameterdescription>
</parameteritem>
</parameterlist>
<simplesect kind="return"><para>statusErrDef errOpenPhysValvesFile when the file fails to open, noError when the function exits successfully. </para>
</simplesect>
</para>
        </detaileddescription>
        <inbodydescription>
        </inbodydescription>
        <location file="C:/Users/Squaria/Documents/openPOWERLINK_V2_CAC/apps/CAC_CN/include/csv.h" line="54" column="18" bodyfile="C:/Users/Squaria/Documents/openPOWERLINK_V2_CAC/apps/CAC_CN/src/csv.cpp" bodystart="267" bodyend="287" declfile="C:/Users/Squaria/Documents/openPOWERLINK_V2_CAC/apps/CAC_CN/include/csv.h" declline="54" declcolumn="18"/>
        <references refid="status_error_define_8h_1adf0c44f8de9b8e78b0e56caacfa1ac94aec51d52bd267e359598a1910f12b65b4" compoundref="status_error_define_8h" startline="55">errOpenPhysValvesFile</references>
        <references refid="config_define_8h_1a56d2ae7dc00f8f120314a9de4a9efcbe" compoundref="config_define_8h" startline="31">MAX_PHYSICAL_LINE_SIZE</references>
        <references refid="status_error_define_8h_1adf0c44f8de9b8e78b0e56caacfa1ac94ab22416d928134d1c6c7b2e8d2c31f20b" compoundref="status_error_define_8h" startline="6">noError</references>
        <references refid="csv_8cpp_1a6a858555dd145f61931120807004cf55" compoundref="csv_8cpp" startline="396" endline="410">remplirStructureVannesPhysicalCONFIG</references>
        <referencedby refid="csv_8cpp_1a57ce52f959b46f63b41ea53578833174" compoundref="csv_8cpp" startline="61" endline="116">initCSV</referencedby>
      </memberdef>
      <memberdef kind="function" id="csv_8h_1ade728b48c3405b05be12be8e6b5d5206" prot="public" static="no" const="no" explicit="no" inline="no" virt="non-virtual">
        <type><ref refid="status_error_define_8h_1adf0c44f8de9b8e78b0e56caacfa1ac94" kindref="member">statusErrDef</ref></type>
        <definition>statusErrDef lireFichierSensors</definition>
        <argsstring>(const char *fileName)</argsstring>
        <name>lireFichierSensors</name>
        <param>
          <type>const char *</type>
          <declname>fileName</declname>
        </param>
        <briefdescription>
<para>function to read &quot;physicalCONFIG_sensors.csv&quot; until the end of the file. </para>
        </briefdescription>
        <detaileddescription>
<para><parameterlist kind="param"><parameteritem>
<parameternamelist>
<parametername>fileName</parametername>
</parameternamelist>
<parameterdescription>
<para>location and name of the CSV file to read </para>
</parameterdescription>
</parameteritem>
</parameterlist>
<simplesect kind="return"><para>statusErrDef errOpenPhysSensorsFile when the file fails to open, noError when the function exits successfully. </para>
</simplesect>
</para>
        </detaileddescription>
        <inbodydescription>
        </inbodydescription>
        <location file="C:/Users/Squaria/Documents/openPOWERLINK_V2_CAC/apps/CAC_CN/include/csv.h" line="55" column="18" bodyfile="C:/Users/Squaria/Documents/openPOWERLINK_V2_CAC/apps/CAC_CN/src/csv.cpp" bodystart="298" bodyend="318" declfile="C:/Users/Squaria/Documents/openPOWERLINK_V2_CAC/apps/CAC_CN/include/csv.h" declline="55" declcolumn="18"/>
        <references refid="status_error_define_8h_1adf0c44f8de9b8e78b0e56caacfa1ac94a9883c20b0333d35a1a7b2342627a536c" compoundref="status_error_define_8h" startline="56">errOpenPhysSensorsFile</references>
        <references refid="config_define_8h_1a56d2ae7dc00f8f120314a9de4a9efcbe" compoundref="config_define_8h" startline="31">MAX_PHYSICAL_LINE_SIZE</references>
        <references refid="status_error_define_8h_1adf0c44f8de9b8e78b0e56caacfa1ac94ab22416d928134d1c6c7b2e8d2c31f20b" compoundref="status_error_define_8h" startline="6">noError</references>
        <references refid="csv_8cpp_1a268de499892be836f042bfc112a904ea" compoundref="csv_8cpp" startline="418" endline="434">remplirStructureSensorsPhysicalCONFIG</references>
        <referencedby refid="csv_8cpp_1a57ce52f959b46f63b41ea53578833174" compoundref="csv_8cpp" startline="61" endline="116">initCSV</referencedby>
      </memberdef>
      <memberdef kind="function" id="csv_8h_1a2e7bd32b81cf14bdd3867119fe4c75c2" prot="public" static="no" const="no" explicit="no" inline="no" virt="non-virtual">
        <type><ref refid="status_error_define_8h_1adf0c44f8de9b8e78b0e56caacfa1ac94" kindref="member">statusErrDef</ref></type>
        <definition>statusErrDef lireFichierActivation</definition>
        <argsstring>(const char *fileName)</argsstring>
        <name>lireFichierActivation</name>
        <param>
          <type>const char *</type>
          <declname>fileName</declname>
        </param>
        <briefdescription>
<para>function to read &quot;activation.csv&quot; until the end of the file. </para>
        </briefdescription>
        <detaileddescription>
<para><parameterlist kind="param"><parameteritem>
<parameternamelist>
<parametername>fileName</parametername>
</parameternamelist>
<parameterdescription>
<para>location and name of the CSV file to read </para>
</parameterdescription>
</parameteritem>
</parameterlist>
<simplesect kind="return"><para>statusErrDef errOpenPhysSensorsFile when the file fails to open, noError when the function exits successfully. </para>
</simplesect>
</para>
        </detaileddescription>
        <inbodydescription>
        </inbodydescription>
        <location file="C:/Users/Squaria/Documents/openPOWERLINK_V2_CAC/apps/CAC_CN/include/csv.h" line="56" column="18" bodyfile="C:/Users/Squaria/Documents/openPOWERLINK_V2_CAC/apps/CAC_CN/src/csv.cpp" bodystart="329" bodyend="349" declfile="C:/Users/Squaria/Documents/openPOWERLINK_V2_CAC/apps/CAC_CN/include/csv.h" declline="56" declcolumn="18"/>
        <references refid="status_error_define_8h_1adf0c44f8de9b8e78b0e56caacfa1ac94aa8dbde321e31e69aeaa49dc7f37bbc16" compoundref="status_error_define_8h" startline="57">errOpenActivationFile</references>
        <references refid="config_define_8h_1a706068f562dd5c64a8b7bbd4b2298dd1" compoundref="config_define_8h" startline="30">MAX_LINE_SIZE</references>
        <references refid="status_error_define_8h_1adf0c44f8de9b8e78b0e56caacfa1ac94ab22416d928134d1c6c7b2e8d2c31f20b" compoundref="status_error_define_8h" startline="6">noError</references>
        <references refid="csv_8cpp_1ab2ab3ac11ce7f23bde4ddf923050b533" compoundref="csv_8cpp" startline="442" endline="454">remplirStructureCommon</references>
        <referencedby refid="csv_8cpp_1a57ce52f959b46f63b41ea53578833174" compoundref="csv_8cpp" startline="61" endline="116">initCSV</referencedby>
      </memberdef>
      <memberdef kind="function" id="csv_8h_1a6c7104900937bff943d7f36f4f9cb7f0" prot="public" static="no" const="no" explicit="no" inline="no" virt="non-virtual">
        <type><ref refid="status_error_define_8h_1adf0c44f8de9b8e78b0e56caacfa1ac94" kindref="member">statusErrDef</ref></type>
        <definition>statusErrDef lireFichierEG</definition>
        <argsstring>(const char *fileName)</argsstring>
        <name>lireFichierEG</name>
        <param>
          <type>const char *</type>
          <declname>fileName</declname>
        </param>
        <briefdescription>
<para>function to read &quot;liaisonEGEtat.csv&quot; until the end of the file. </para>
        </briefdescription>
        <detaileddescription>
<para><parameterlist kind="param"><parameteritem>
<parameternamelist>
<parametername>fileName</parametername>
</parameternamelist>
<parameterdescription>
<para>location and name of the CSV file to read </para>
</parameterdescription>
</parameteritem>
</parameterlist>
<simplesect kind="return"><para>statusErrDef errOpenEGFile when the file fails to open, noError when the function exits successfully. </para>
</simplesect>
</para>
        </detaileddescription>
        <inbodydescription>
        </inbodydescription>
        <location file="C:/Users/Squaria/Documents/openPOWERLINK_V2_CAC/apps/CAC_CN/include/csv.h" line="57" column="18" bodyfile="C:/Users/Squaria/Documents/openPOWERLINK_V2_CAC/apps/CAC_CN/src/csv.cpp" bodystart="192" bodyend="213" declfile="C:/Users/Squaria/Documents/openPOWERLINK_V2_CAC/apps/CAC_CN/include/csv.h" declline="57" declcolumn="18"/>
        <references refid="status_error_define_8h_1adf0c44f8de9b8e78b0e56caacfa1ac94a30f34309a812bd0a316489459b8bb55d" compoundref="status_error_define_8h" startline="52">errOpenEGFile</references>
        <references refid="config_define_8h_1a706068f562dd5c64a8b7bbd4b2298dd1" compoundref="config_define_8h" startline="30">MAX_LINE_SIZE</references>
        <references refid="status_error_define_8h_1adf0c44f8de9b8e78b0e56caacfa1ac94ab22416d928134d1c6c7b2e8d2c31f20b" compoundref="status_error_define_8h" startline="6">noError</references>
        <references refid="csv_8cpp_1acbc16f61c722ba86bac4676c366b09bb" compoundref="csv_8cpp" startline="462" endline="479">remplirEG</references>
        <referencedby refid="csv_8cpp_1a44cd2131057b27749a53caad3ec77eb9" compoundref="csv_8cpp" startline="127" endline="164">refreshCSV</referencedby>
      </memberdef>
      <memberdef kind="function" id="csv_8h_1a134699cebaabd514d62d43ed18cee67d" prot="public" static="no" const="no" explicit="no" inline="no" virt="non-virtual">
        <type>void</type>
        <definition>void remplirStructure</definition>
        <argsstring>(char *ligne, int id)</argsstring>
        <name>remplirStructure</name>
        <param>
          <type>char *</type>
          <declname>ligne</declname>
        </param>
        <param>
          <type>int</type>
          <declname>id</declname>
        </param>
        <briefdescription>
<para>function to fill in the general CSV structure. </para>
        </briefdescription>
        <detaileddescription>
<para><parameterlist kind="param"><parameteritem>
<parameternamelist>
<parametername>ligne</parametername>
</parameternamelist>
<parameterdescription>
<para>the CSV line to read. </para>
</parameterdescription>
</parameteritem>
<parameteritem>
<parameternamelist>
<parametername>id</parametername>
</parameternamelist>
<parameterdescription>
<para>the position of the line in the CSV file. </para>
</parameterdescription>
</parameteritem>
</parameterlist>
</para>
        </detaileddescription>
        <inbodydescription>
        </inbodydescription>
        <location file="C:/Users/Squaria/Documents/openPOWERLINK_V2_CAC/apps/CAC_CN/include/csv.h" line="59" column="10" bodyfile="C:/Users/Squaria/Documents/openPOWERLINK_V2_CAC/apps/CAC_CN/src/csv.cpp" bodystart="357" bodyend="388" declfile="C:/Users/Squaria/Documents/openPOWERLINK_V2_CAC/apps/CAC_CN/include/csv.h" declline="59" declcolumn="10"/>
        <references refid="sensor_8cpp_1acb559820d9ca11295b4500f179ef6392" compoundref="sensor_8cpp" startline="14">i</references>
        <referencedby refid="csv_8cpp_1a810cafce9c6d5bb3e3ec3e8754ca924c" compoundref="csv_8cpp" startline="225" endline="256">lireFichierCSV</referencedby>
      </memberdef>
      <memberdef kind="function" id="csv_8h_1a6a858555dd145f61931120807004cf55" prot="public" static="no" const="no" explicit="no" inline="no" virt="non-virtual">
        <type>void</type>
        <definition>void remplirStructureVannesPhysicalCONFIG</definition>
        <argsstring>(char *ligne, int id)</argsstring>
        <name>remplirStructureVannesPhysicalCONFIG</name>
        <param>
          <type>char *</type>
          <declname>ligne</declname>
        </param>
        <param>
          <type>int</type>
          <declname>id</declname>
        </param>
        <briefdescription>
<para>function to fill in the physical config valves structure. </para>
        </briefdescription>
        <detaileddescription>
<para><parameterlist kind="param"><parameteritem>
<parameternamelist>
<parametername>ligne</parametername>
</parameternamelist>
<parameterdescription>
<para>the CSV line to read. </para>
</parameterdescription>
</parameteritem>
<parameteritem>
<parameternamelist>
<parametername>id</parametername>
</parameternamelist>
<parameterdescription>
<para>the position of the line in the CSV file. </para>
</parameterdescription>
</parameteritem>
</parameterlist>
</para>
        </detaileddescription>
        <inbodydescription>
        </inbodydescription>
        <location file="C:/Users/Squaria/Documents/openPOWERLINK_V2_CAC/apps/CAC_CN/include/csv.h" line="60" column="10" bodyfile="C:/Users/Squaria/Documents/openPOWERLINK_V2_CAC/apps/CAC_CN/src/csv.cpp" bodystart="396" bodyend="410" declfile="C:/Users/Squaria/Documents/openPOWERLINK_V2_CAC/apps/CAC_CN/include/csv.h" declline="60" declcolumn="10"/>
        <referencedby refid="csv_8cpp_1ad8987ecbd2c5ce44f2a930a28a012b99" compoundref="csv_8cpp" startline="267" endline="287">lireFichierVannes</referencedby>
      </memberdef>
      <memberdef kind="function" id="csv_8h_1a268de499892be836f042bfc112a904ea" prot="public" static="no" const="no" explicit="no" inline="no" virt="non-virtual">
        <type>void</type>
        <definition>void remplirStructureSensorsPhysicalCONFIG</definition>
        <argsstring>(char *ligne, int id)</argsstring>
        <name>remplirStructureSensorsPhysicalCONFIG</name>
        <param>
          <type>char *</type>
          <declname>ligne</declname>
        </param>
        <param>
          <type>int</type>
          <declname>id</declname>
        </param>
        <briefdescription>
<para>function to fill in the physical config sensors structure. </para>
        </briefdescription>
        <detaileddescription>
<para><parameterlist kind="param"><parameteritem>
<parameternamelist>
<parametername>ligne</parametername>
</parameternamelist>
<parameterdescription>
<para>the CSV line to read. </para>
</parameterdescription>
</parameteritem>
<parameteritem>
<parameternamelist>
<parametername>id</parametername>
</parameternamelist>
<parameterdescription>
<para>the position of the line in the CSV file. </para>
</parameterdescription>
</parameteritem>
</parameterlist>
</para>
        </detaileddescription>
        <inbodydescription>
        </inbodydescription>
        <location file="C:/Users/Squaria/Documents/openPOWERLINK_V2_CAC/apps/CAC_CN/include/csv.h" line="61" column="10" bodyfile="C:/Users/Squaria/Documents/openPOWERLINK_V2_CAC/apps/CAC_CN/src/csv.cpp" bodystart="418" bodyend="434" declfile="C:/Users/Squaria/Documents/openPOWERLINK_V2_CAC/apps/CAC_CN/include/csv.h" declline="61" declcolumn="10"/>
        <referencedby refid="csv_8cpp_1ade728b48c3405b05be12be8e6b5d5206" compoundref="csv_8cpp" startline="298" endline="318">lireFichierSensors</referencedby>
      </memberdef>
      <memberdef kind="function" id="csv_8h_1ab2ab3ac11ce7f23bde4ddf923050b533" prot="public" static="no" const="no" explicit="no" inline="no" virt="non-virtual">
        <type>void</type>
        <definition>void remplirStructureCommon</definition>
        <argsstring>(char *ligne, int id)</argsstring>
        <name>remplirStructureCommon</name>
        <param>
          <type>char *</type>
          <declname>ligne</declname>
        </param>
        <param>
          <type>int</type>
          <declname>id</declname>
        </param>
        <briefdescription>
<para>function to fill in the activation CSV structure. </para>
        </briefdescription>
        <detaileddescription>
<para><parameterlist kind="param"><parameteritem>
<parameternamelist>
<parametername>ligne</parametername>
</parameternamelist>
<parameterdescription>
<para>the CSV line to read. </para>
</parameterdescription>
</parameteritem>
<parameteritem>
<parameternamelist>
<parametername>id</parametername>
</parameternamelist>
<parameterdescription>
<para>the position of the line in the CSV file. </para>
</parameterdescription>
</parameteritem>
</parameterlist>
</para>
        </detaileddescription>
        <inbodydescription>
        </inbodydescription>
        <location file="C:/Users/Squaria/Documents/openPOWERLINK_V2_CAC/apps/CAC_CN/include/csv.h" line="62" column="10" bodyfile="C:/Users/Squaria/Documents/openPOWERLINK_V2_CAC/apps/CAC_CN/src/csv.cpp" bodystart="442" bodyend="454" declfile="C:/Users/Squaria/Documents/openPOWERLINK_V2_CAC/apps/CAC_CN/include/csv.h" declline="62" declcolumn="10"/>
        <referencedby refid="csv_8cpp_1a2e7bd32b81cf14bdd3867119fe4c75c2" compoundref="csv_8cpp" startline="329" endline="349">lireFichierActivation</referencedby>
      </memberdef>
      <memberdef kind="function" id="csv_8h_1acbc16f61c722ba86bac4676c366b09bb" prot="public" static="no" const="no" explicit="no" inline="no" virt="non-virtual">
        <type>void</type>
        <definition>void remplirEG</definition>
        <argsstring>(char *ligne, int id)</argsstring>
        <name>remplirEG</name>
        <param>
          <type>char *</type>
          <declname>ligne</declname>
        </param>
        <param>
          <type>int</type>
          <declname>id</declname>
        </param>
        <briefdescription>
<para>function to fill in the link between EG and CSV file name structure. </para>
        </briefdescription>
        <detaileddescription>
<para><parameterlist kind="param"><parameteritem>
<parameternamelist>
<parametername>ligne</parametername>
</parameternamelist>
<parameterdescription>
<para>the CSV line to read. </para>
</parameterdescription>
</parameteritem>
<parameteritem>
<parameternamelist>
<parametername>id</parametername>
</parameternamelist>
<parameterdescription>
<para>the position of the line in the CSV file. </para>
</parameterdescription>
</parameteritem>
</parameterlist>
</para>
        </detaileddescription>
        <inbodydescription>
        </inbodydescription>
        <location file="C:/Users/Squaria/Documents/openPOWERLINK_V2_CAC/apps/CAC_CN/include/csv.h" line="63" column="10" bodyfile="C:/Users/Squaria/Documents/openPOWERLINK_V2_CAC/apps/CAC_CN/src/csv.cpp" bodystart="462" bodyend="479" declfile="C:/Users/Squaria/Documents/openPOWERLINK_V2_CAC/apps/CAC_CN/include/csv.h" declline="63" declcolumn="10"/>
        <references refid="csv_8cpp_1ac119725e56f891ac0af277ad61a9eaf4" compoundref="csv_8cpp" startline="51">dataEG</references>
        <references refid="struct_ligne_e_g_1a798f7a58703288236d76c6fb141f5756" compoundref="csv_8h" startline="45">LigneEG::EG</references>
        <references refid="struct_ligne_e_g_1a466c1a46947d19a6cb596d48f8726c92" compoundref="csv_8h" startline="46">LigneEG::nom</references>
        <references refid="csv_8cpp_1a12cdfbd8ea531195d20d46386535a300" compoundref="csv_8cpp" startline="624" endline="636">removeCarriageReturn</references>
        <referencedby refid="csv_8cpp_1a6c7104900937bff943d7f36f4f9cb7f0" compoundref="csv_8cpp" startline="192" endline="213">lireFichierEG</referencedby>
      </memberdef>
      <memberdef kind="function" id="csv_8h_1ab23dd7339a925518cc7ccb9c8ff617c9" prot="public" static="no" const="no" explicit="no" inline="no" virt="non-virtual">
        <type>int</type>
        <definition>int getValeur</definition>
        <argsstring>(int ligne)</argsstring>
        <name>getValeur</name>
        <param>
          <type>int</type>
          <declname>ligne</declname>
        </param>
        <briefdescription>
<para>function getter of the value of valves from a general state CSV </para>
        </briefdescription>
        <detaileddescription>
<para><parameterlist kind="param"><parameteritem>
<parameternamelist>
<parametername>ligne</parametername>
</parameternamelist>
<parameterdescription>
<para>the line in the CSV file </para>
</parameterdescription>
</parameteritem>
</parameterlist>
<simplesect kind="return"><para>int the value of the valve from a specific line </para>
</simplesect>
</para>
        </detaileddescription>
        <inbodydescription>
        </inbodydescription>
        <location file="C:/Users/Squaria/Documents/openPOWERLINK_V2_CAC/apps/CAC_CN/include/csv.h" line="65" column="9" bodyfile="C:/Users/Squaria/Documents/openPOWERLINK_V2_CAC/apps/CAC_CN/src/csv.cpp" bodystart="487" bodyend="490" declfile="C:/Users/Squaria/Documents/openPOWERLINK_V2_CAC/apps/CAC_CN/include/csv.h" declline="65" declcolumn="9"/>
        <referencedby refid="classvalve_1aac2cd5441d1c1a1180e18af2468a4547" compoundref="valve_8cpp" startline="161" endline="194">valve::actionnementValve</referencedby>
        <referencedby refid="valve_8cpp_1a659d21ba354b3f756293314bf2c8dfc4" compoundref="valve_8cpp" startline="491" endline="498">getValveValue</referencedby>
        <referencedby refid="classvalve_1ae69c309265ce0269e0207043fb6b06ca" compoundref="valve_8cpp" startline="301" endline="363">valve::isDependanceActive</referencedby>
        <referencedby refid="valve_8cpp_1add60b51091e6e3c9653ed8400895e3a1" compoundref="valve_8cpp" startline="446" endline="455">setValvesValue</referencedby>
        <referencedby refid="classvalve_1a1364f1770f8218d7a0077ca2a953371b" compoundref="valve_8cpp" startline="208" endline="280">valve::verifDependanceValves</referencedby>
      </memberdef>
      <memberdef kind="function" id="csv_8h_1a8a1a11a2771226955ece875f170f2f0c" prot="public" static="no" const="no" explicit="no" inline="no" virt="non-virtual">
        <type>int *</type>
        <definition>int * getDependanceVannes</definition>
        <argsstring>(int ligne)</argsstring>
        <name>getDependanceVannes</name>
        <param>
          <type>int</type>
          <declname>ligne</declname>
        </param>
        <briefdescription>
<para>function getter of all the dependances for a valve from a general state CSV </para>
        </briefdescription>
        <detaileddescription>
<para><parameterlist kind="param"><parameteritem>
<parameternamelist>
<parametername>ligne</parametername>
</parameternamelist>
<parameterdescription>
<para>the line in the CSV file </para>
</parameterdescription>
</parameteritem>
</parameterlist>
<simplesect kind="return"><para>int* an array of all the dependances for a valve </para>
</simplesect>
</para>
        </detaileddescription>
        <inbodydescription>
        </inbodydescription>
        <location file="C:/Users/Squaria/Documents/openPOWERLINK_V2_CAC/apps/CAC_CN/include/csv.h" line="66" column="9" bodyfile="C:/Users/Squaria/Documents/openPOWERLINK_V2_CAC/apps/CAC_CN/src/csv.cpp" bodystart="498" bodyend="513" declfile="C:/Users/Squaria/Documents/openPOWERLINK_V2_CAC/apps/CAC_CN/include/csv.h" declline="66" declcolumn="9"/>
        <references refid="sensor_8cpp_1acb559820d9ca11295b4500f179ef6392" compoundref="sensor_8cpp" startline="14">i</references>
        <references refid="config_define_8h_1abcc3ea803cac2ea690fac3f5ceb23211" compoundref="config_define_8h" startline="26">MAX_VALVES</references>
        <referencedby refid="classvalve_1ae69c309265ce0269e0207043fb6b06ca" compoundref="valve_8cpp" startline="301" endline="363">valve::isDependanceActive</referencedby>
      </memberdef>
      <memberdef kind="function" id="csv_8h_1a42f02acae60cc52772c5933fd490bac0" prot="public" static="no" const="no" explicit="no" inline="no" virt="non-virtual">
        <type>double</type>
        <definition>double getTimerVannes</definition>
        <argsstring>(int ligne)</argsstring>
        <name>getTimerVannes</name>
        <param>
          <type>int</type>
          <declname>ligne</declname>
        </param>
        <briefdescription>
<para>function getter of the timer until value is set for a valve from a general state CSV </para>
        </briefdescription>
        <detaileddescription>
<para><parameterlist kind="param"><parameteritem>
<parameternamelist>
<parametername>ligne</parametername>
</parameternamelist>
<parameterdescription>
<para>the line in the CSV file </para>
</parameterdescription>
</parameteritem>
</parameterlist>
<simplesect kind="return"><para>double the value of the timer </para>
</simplesect>
</para>
        </detaileddescription>
        <inbodydescription>
        </inbodydescription>
        <location file="C:/Users/Squaria/Documents/openPOWERLINK_V2_CAC/apps/CAC_CN/include/csv.h" line="67" column="12" bodyfile="C:/Users/Squaria/Documents/openPOWERLINK_V2_CAC/apps/CAC_CN/src/csv.cpp" bodystart="521" bodyend="524" declfile="C:/Users/Squaria/Documents/openPOWERLINK_V2_CAC/apps/CAC_CN/include/csv.h" declline="67" declcolumn="12"/>
        <referencedby refid="classvalve_1a5dae9e8165e79289e59e2426f9d75d29" compoundref="valve_8cpp" startline="390" endline="401">valve::isTimerExeeded</referencedby>
      </memberdef>
      <memberdef kind="function" id="csv_8h_1a06ba5d2bce46c751d895dbf5678036ae" prot="public" static="no" const="no" explicit="no" inline="no" virt="non-virtual">
        <type>uint8_t</type>
        <definition>uint8_t getEtatInitialVannes</definition>
        <argsstring>(int ligne)</argsstring>
        <name>getEtatInitialVannes</name>
        <param>
          <type>int</type>
          <declname>ligne</declname>
        </param>
        <briefdescription>
<para>function getter of the initial value of a valve from &quot;physicalCONFIG_valves.csv&quot; </para>
        </briefdescription>
        <detaileddescription>
<para><parameterlist kind="param"><parameteritem>
<parameternamelist>
<parametername>ligne</parametername>
</parameternamelist>
<parameterdescription>
<para>the line in the CSV file </para>
</parameterdescription>
</parameteritem>
</parameterlist>
<simplesect kind="return"><para>uint8_t the initial value of the valve </para>
</simplesect>
</para>
        </detaileddescription>
        <inbodydescription>
        </inbodydescription>
        <location file="C:/Users/Squaria/Documents/openPOWERLINK_V2_CAC/apps/CAC_CN/include/csv.h" line="68" column="13" bodyfile="C:/Users/Squaria/Documents/openPOWERLINK_V2_CAC/apps/CAC_CN/src/csv.cpp" bodystart="532" bodyend="535" declfile="C:/Users/Squaria/Documents/openPOWERLINK_V2_CAC/apps/CAC_CN/include/csv.h" declline="68" declcolumn="13"/>
        <referencedby refid="valve_8cpp_1ad4e5b817af0b9501d2a6e6deb0c89445" compoundref="valve_8cpp" startline="465" endline="481">getValvesInitValue</referencedby>
        <referencedby refid="classvalve_1a86e16a5cc95d9bec4ee8eec6722760fe" compoundref="valve_8cpp" startline="55" endline="106">valve::initValve</referencedby>
      </memberdef>
      <memberdef kind="function" id="csv_8h_1a050486592cf733f404f0f5b0b6406272" prot="public" static="no" const="no" explicit="no" inline="no" virt="non-virtual">
        <type>uint8_t</type>
        <definition>uint8_t getEtatInitialSensors</definition>
        <argsstring>(int ligne)</argsstring>
        <name>getEtatInitialSensors</name>
        <param>
          <type>int</type>
          <declname>ligne</declname>
        </param>
        <briefdescription>
<para>function getter of the initial value of a sensor from &quot;physicalCONFIG_sensors.csv&quot; </para>
        </briefdescription>
        <detaileddescription>
<para><parameterlist kind="param"><parameteritem>
<parameternamelist>
<parametername>ligne</parametername>
</parameternamelist>
<parameterdescription>
<para>the line in the CSV file </para>
</parameterdescription>
</parameteritem>
</parameterlist>
<simplesect kind="return"><para>uint8_t the initial value of the sensor </para>
</simplesect>
</para>
        </detaileddescription>
        <inbodydescription>
        </inbodydescription>
        <location file="C:/Users/Squaria/Documents/openPOWERLINK_V2_CAC/apps/CAC_CN/include/csv.h" line="69" column="13" bodyfile="C:/Users/Squaria/Documents/openPOWERLINK_V2_CAC/apps/CAC_CN/src/csv.cpp" bodystart="543" bodyend="546" declfile="C:/Users/Squaria/Documents/openPOWERLINK_V2_CAC/apps/CAC_CN/include/csv.h" declline="69" declcolumn="13"/>
      </memberdef>
      <memberdef kind="function" id="csv_8h_1a208a08d00b78203d1aa620f641f0b9c9" prot="public" static="no" const="no" explicit="no" inline="no" virt="non-virtual">
        <type>uint8_t</type>
        <definition>uint8_t getPortGPIO</definition>
        <argsstring>(int ligne)</argsstring>
        <name>getPortGPIO</name>
        <param>
          <type>int</type>
          <declname>ligne</declname>
        </param>
        <briefdescription>
<para>function getter of the GPIO port of a valve from &quot;physicalCONFIG_valves.csv&quot; </para>
        </briefdescription>
        <detaileddescription>
<para><parameterlist kind="param"><parameteritem>
<parameternamelist>
<parametername>ligne</parametername>
</parameternamelist>
<parameterdescription>
<para>the line in the CSV file </para>
</parameterdescription>
</parameteritem>
</parameterlist>
<simplesect kind="return"><para>uint8_t the GPIO port of the valve </para>
</simplesect>
</para>
        </detaileddescription>
        <inbodydescription>
        </inbodydescription>
        <location file="C:/Users/Squaria/Documents/openPOWERLINK_V2_CAC/apps/CAC_CN/include/csv.h" line="70" column="13" bodyfile="C:/Users/Squaria/Documents/openPOWERLINK_V2_CAC/apps/CAC_CN/src/csv.cpp" bodystart="554" bodyend="557" declfile="C:/Users/Squaria/Documents/openPOWERLINK_V2_CAC/apps/CAC_CN/include/csv.h" declline="70" declcolumn="13"/>
        <referencedby refid="classvalve_1a86e16a5cc95d9bec4ee8eec6722760fe" compoundref="valve_8cpp" startline="55" endline="106">valve::initValve</referencedby>
      </memberdef>
      <memberdef kind="function" id="csv_8h_1aaf462157030206acbd3f8ef56719914a" prot="public" static="no" const="no" explicit="no" inline="no" virt="non-virtual">
        <type>float</type>
        <definition>float getMinValue</definition>
        <argsstring>(int ligne)</argsstring>
        <name>getMinValue</name>
        <param>
          <type>int</type>
          <declname>ligne</declname>
        </param>
        <briefdescription>
<para>function getter of the max value of a sensor from &quot;physicalCONFIG_sensors.csv&quot; </para>
        </briefdescription>
        <detaileddescription>
<para><parameterlist kind="param"><parameteritem>
<parameternamelist>
<parametername>ligne</parametername>
</parameternamelist>
<parameterdescription>
<para>the line in the CSV file </para>
</parameterdescription>
</parameteritem>
</parameterlist>
<simplesect kind="return"><para>uint8_t the max value of the sensor </para>
</simplesect>
</para>
        </detaileddescription>
        <inbodydescription>
        </inbodydescription>
        <location file="C:/Users/Squaria/Documents/openPOWERLINK_V2_CAC/apps/CAC_CN/include/csv.h" line="71" column="11" bodyfile="C:/Users/Squaria/Documents/openPOWERLINK_V2_CAC/apps/CAC_CN/src/csv.cpp" bodystart="565" bodyend="568" declfile="C:/Users/Squaria/Documents/openPOWERLINK_V2_CAC/apps/CAC_CN/include/csv.h" declline="71" declcolumn="11"/>
      </memberdef>
      <memberdef kind="function" id="csv_8h_1a35dcea7747c07d8fb2fecdb75d30b86d" prot="public" static="no" const="no" explicit="no" inline="no" virt="non-virtual">
        <type>float</type>
        <definition>float getMaxValue</definition>
        <argsstring>(int ligne)</argsstring>
        <name>getMaxValue</name>
        <param>
          <type>int</type>
          <declname>ligne</declname>
        </param>
        <briefdescription>
<para>function getter of the min value of a sensor from &quot;physicalCONFIG_sensors.csv&quot; </para>
        </briefdescription>
        <detaileddescription>
<para><parameterlist kind="param"><parameteritem>
<parameternamelist>
<parametername>ligne</parametername>
</parameternamelist>
<parameterdescription>
<para>the line in the CSV file </para>
</parameterdescription>
</parameteritem>
</parameterlist>
<simplesect kind="return"><para>uint8_t the min value of the sensor </para>
</simplesect>
</para>
        </detaileddescription>
        <inbodydescription>
        </inbodydescription>
        <location file="C:/Users/Squaria/Documents/openPOWERLINK_V2_CAC/apps/CAC_CN/include/csv.h" line="72" column="11" bodyfile="C:/Users/Squaria/Documents/openPOWERLINK_V2_CAC/apps/CAC_CN/src/csv.cpp" bodystart="576" bodyend="579" declfile="C:/Users/Squaria/Documents/openPOWERLINK_V2_CAC/apps/CAC_CN/include/csv.h" declline="72" declcolumn="11"/>
      </memberdef>
      <memberdef kind="function" id="csv_8h_1a59b3cd375160ea778a774e62c7c64f7d" prot="public" static="no" const="no" explicit="no" inline="no" virt="non-virtual">
        <type>uint8_t</type>
        <definition>uint8_t getActivation</definition>
        <argsstring>(int ligne)</argsstring>
        <name>getActivation</name>
        <param>
          <type>int</type>
          <declname>ligne</declname>
        </param>
        <briefdescription>
<para>function getter of the activation of a sensor or a valve from &quot;activation.csv&quot; </para>
        </briefdescription>
        <detaileddescription>
<para><parameterlist kind="param"><parameteritem>
<parameternamelist>
<parametername>ligne</parametername>
</parameternamelist>
<parameterdescription>
<para>the line in the CSV file </para>
</parameterdescription>
</parameteritem>
</parameterlist>
<simplesect kind="return"><para>uint8_t the activation of a sensor or a valve (1 if activated or 0 if not) </para>
</simplesect>
</para>
        </detaileddescription>
        <inbodydescription>
        </inbodydescription>
        <location file="C:/Users/Squaria/Documents/openPOWERLINK_V2_CAC/apps/CAC_CN/include/csv.h" line="73" column="13" bodyfile="C:/Users/Squaria/Documents/openPOWERLINK_V2_CAC/apps/CAC_CN/src/csv.cpp" bodystart="587" bodyend="590" declfile="C:/Users/Squaria/Documents/openPOWERLINK_V2_CAC/apps/CAC_CN/include/csv.h" declline="73" declcolumn="13"/>
        <referencedby refid="classvalve_1a82140bbfd1329eea0100b8359cc9ebc2" compoundref="valve_8cpp" startline="117" endline="146">valve::actionnementValvesInit</referencedby>
        <referencedby refid="classvalve_1a3db8975d7c2cc46b33fd65e683e8c6df" compoundref="valve_8cpp" startline="413" endline="438">valve::extinctValve</referencedby>
        <referencedby refid="valve_8cpp_1ad4e5b817af0b9501d2a6e6deb0c89445" compoundref="valve_8cpp" startline="465" endline="481">getValvesInitValue</referencedby>
        <referencedby refid="classsensor_1a136fdef7c492900f3ff9baa211607cb5" compoundref="sensor_8cpp" startline="40" endline="52">sensor::initSensor</referencedby>
        <referencedby refid="classvalve_1a86e16a5cc95d9bec4ee8eec6722760fe" compoundref="valve_8cpp" startline="55" endline="106">valve::initValve</referencedby>
        <referencedby refid="valve_8cpp_1ad6ff3dc82333091b53b2fbdc3ef5842e" compoundref="valve_8cpp" startline="507" endline="518">resetTimers</referencedby>
        <referencedby refid="opl_8cpp_1a72f880ddaa32ea28cd0e12658c3e8d67" compoundref="opl_8cpp" startline="161" endline="167">setActivated_Out_CN</referencedby>
        <referencedby refid="valve_8cpp_1add60b51091e6e3c9653ed8400895e3a1" compoundref="valve_8cpp" startline="446" endline="455">setValvesValue</referencedby>
        <referencedby refid="classvalve_1a1364f1770f8218d7a0077ca2a953371b" compoundref="valve_8cpp" startline="208" endline="280">valve::verifDependanceValves</referencedby>
      </memberdef>
      <memberdef kind="function" id="csv_8h_1a70bcd737e5a40f36e1cccaf3a7f63379" prot="public" static="no" const="no" explicit="no" inline="no" virt="non-virtual">
        <type>int16_t</type>
        <definition>int16_t getEGcsv</definition>
        <argsstring>(int ligne)</argsstring>
        <name>getEGcsv</name>
        <param>
          <type>int</type>
          <declname>ligne</declname>
        </param>
        <briefdescription>
<para>function getter of the general state from &quot;liaisonEGEtat.csv&quot; </para>
        </briefdescription>
        <detaileddescription>
<para><parameterlist kind="param"><parameteritem>
<parameternamelist>
<parametername>ligne</parametername>
</parameternamelist>
<parameterdescription>
<para>the line in the CSV file </para>
</parameterdescription>
</parameteritem>
</parameterlist>
<simplesect kind="return"><para>uint16_t the value of the general state of a specific line </para>
</simplesect>
</para>
        </detaileddescription>
        <inbodydescription>
        </inbodydescription>
        <location file="C:/Users/Squaria/Documents/openPOWERLINK_V2_CAC/apps/CAC_CN/include/csv.h" line="74" column="13" bodyfile="C:/Users/Squaria/Documents/openPOWERLINK_V2_CAC/apps/CAC_CN/src/csv.cpp" bodystart="598" bodyend="601" declfile="C:/Users/Squaria/Documents/openPOWERLINK_V2_CAC/apps/CAC_CN/include/csv.h" declline="74" declcolumn="13"/>
        <references refid="csv_8cpp_1ac119725e56f891ac0af277ad61a9eaf4" compoundref="csv_8cpp" startline="51">dataEG</references>
        <references refid="struct_ligne_e_g_1a798f7a58703288236d76c6fb141f5756" compoundref="csv_8h" startline="45">LigneEG::EG</references>
      </memberdef>
      <memberdef kind="function" id="csv_8h_1a3020b0ac72052eacef78e25c399ce4a6" prot="public" static="no" const="no" explicit="no" inline="no" virt="non-virtual">
        <type>const char *</type>
        <definition>const char * getNomFichiercsv</definition>
        <argsstring>()</argsstring>
        <name>getNomFichiercsv</name>
        <briefdescription>
<para>function getter of the name of a general state CSV file of the current general state (EG) </para>
        </briefdescription>
        <detaileddescription>
<para><simplesect kind="return"><para>const char* the name of a general state CSV file </para>
</simplesect>
</para>
        </detaileddescription>
        <inbodydescription>
        </inbodydescription>
        <location file="C:/Users/Squaria/Documents/openPOWERLINK_V2_CAC/apps/CAC_CN/include/csv.h" line="75" column="16" bodyfile="C:/Users/Squaria/Documents/openPOWERLINK_V2_CAC/apps/CAC_CN/src/csv.cpp" bodystart="608" bodyend="617" declfile="C:/Users/Squaria/Documents/openPOWERLINK_V2_CAC/apps/CAC_CN/include/csv.h" declline="75" declcolumn="16"/>
        <references refid="csv_8cpp_1ac119725e56f891ac0af277ad61a9eaf4" compoundref="csv_8cpp" startline="51">dataEG</references>
        <references refid="struct_ligne_e_g_1a466c1a46947d19a6cb596d48f8726c92" compoundref="csv_8h" startline="46">LigneEG::nom</references>
        <references refid="csv_8cpp_1a6b63c44df8b905d77b2c66f1cea86204" compoundref="csv_8cpp" startline="644" endline="653">searchEG</references>
        <referencedby refid="csv_8cpp_1a810cafce9c6d5bb3e3ec3e8754ca924c" compoundref="csv_8cpp" startline="225" endline="256">lireFichierCSV</referencedby>
      </memberdef>
      <memberdef kind="function" id="csv_8h_1a6b63c44df8b905d77b2c66f1cea86204" prot="public" static="no" const="no" explicit="no" inline="no" virt="non-virtual">
        <type>int</type>
        <definition>int searchEG</definition>
        <argsstring>()</argsstring>
        <name>searchEG</name>
        <briefdescription>
<para>search the general state (EG) from the link between EG and CSV file name structure </para>
        </briefdescription>
        <detaileddescription>
<para><simplesect kind="return"><para>int the general state (EG) </para>
</simplesect>
</para>
        </detaileddescription>
        <inbodydescription>
        </inbodydescription>
        <location file="C:/Users/Squaria/Documents/openPOWERLINK_V2_CAC/apps/CAC_CN/include/csv.h" line="76" column="9" bodyfile="C:/Users/Squaria/Documents/openPOWERLINK_V2_CAC/apps/CAC_CN/src/csv.cpp" bodystart="644" bodyend="653" declfile="C:/Users/Squaria/Documents/openPOWERLINK_V2_CAC/apps/CAC_CN/include/csv.h" declline="76" declcolumn="9"/>
        <references refid="csv_8cpp_1ac119725e56f891ac0af277ad61a9eaf4" compoundref="csv_8cpp" startline="51">dataEG</references>
        <references refid="struct_ligne_e_g_1a798f7a58703288236d76c6fb141f5756" compoundref="csv_8h" startline="45">LigneEG::EG</references>
        <references refid="opl_8cpp_1a063c1e70bcbeb72b1c2483b200839a85" compoundref="opl_8cpp" startline="14">EG</references>
        <references refid="sensor_8cpp_1acb559820d9ca11295b4500f179ef6392" compoundref="sensor_8cpp" startline="14">i</references>
        <references refid="config_define_8h_1a706068f562dd5c64a8b7bbd4b2298dd1" compoundref="config_define_8h" startline="30">MAX_LINE_SIZE</references>
        <referencedby refid="csv_8cpp_1a3020b0ac72052eacef78e25c399ce4a6" compoundref="csv_8cpp" startline="608" endline="617">getNomFichiercsv</referencedby>
      </memberdef>
      <memberdef kind="function" id="csv_8h_1a12cdfbd8ea531195d20d46386535a300" prot="public" static="no" const="no" explicit="no" inline="no" virt="non-virtual">
        <type>void</type>
        <definition>void removeCarriageReturn</definition>
        <argsstring>(char *str)</argsstring>
        <name>removeCarriageReturn</name>
        <param>
          <type>char *</type>
          <declname>str</declname>
        </param>
        <briefdescription>
<para>function that removes the carriage return from the end a line of a general state CSV file before strdup is called. </para>
        </briefdescription>
        <detaileddescription>
<para><parameterlist kind="param"><parameteritem>
<parameternamelist>
<parametername>str</parametername>
</parameternamelist>
<parameterdescription>
<para>the line in the CSV file </para>
</parameterdescription>
</parameteritem>
</parameterlist>
</para>
        </detaileddescription>
        <inbodydescription>
        </inbodydescription>
        <location file="C:/Users/Squaria/Documents/openPOWERLINK_V2_CAC/apps/CAC_CN/include/csv.h" line="77" column="10" bodyfile="C:/Users/Squaria/Documents/openPOWERLINK_V2_CAC/apps/CAC_CN/src/csv.cpp" bodystart="624" bodyend="636" declfile="C:/Users/Squaria/Documents/openPOWERLINK_V2_CAC/apps/CAC_CN/include/csv.h" declline="77" declcolumn="10"/>
        <references refid="sensor_8cpp_1acb559820d9ca11295b4500f179ef6392" compoundref="sensor_8cpp" startline="14">i</references>
        <referencedby refid="csv_8cpp_1acbc16f61c722ba86bac4676c366b09bb" compoundref="csv_8cpp" startline="462" endline="479">remplirEG</referencedby>
      </memberdef>
    </sectiondef>
    <briefdescription>
    </briefdescription>
    <detaileddescription>
    </detaileddescription>
    <programlisting>
<codeline lineno="1"><highlight class="preprocessor">#ifndef<sp/>CSV_H</highlight><highlight class="normal"></highlight></codeline>
<codeline lineno="2"><highlight class="normal"></highlight><highlight class="preprocessor">#define<sp/>CSV_H</highlight><highlight class="normal"></highlight></codeline>
<codeline lineno="3"><highlight class="normal"></highlight></codeline>
<codeline lineno="4"><highlight class="normal"></highlight><highlight class="preprocessor">#include<sp/>&lt;stdio.h&gt;</highlight><highlight class="normal"></highlight></codeline>
<codeline lineno="5"><highlight class="normal"></highlight><highlight class="preprocessor">#include<sp/>&lt;stdlib.h&gt;</highlight><highlight class="normal"></highlight></codeline>
<codeline lineno="6"><highlight class="normal"></highlight><highlight class="preprocessor">#include<sp/>&lt;stdint.h&gt;</highlight><highlight class="normal"></highlight></codeline>
<codeline lineno="7"><highlight class="normal"></highlight><highlight class="preprocessor">#include<sp/>&lt;string&gt;</highlight><highlight class="normal"></highlight></codeline>
<codeline lineno="8"><highlight class="normal"></highlight><highlight class="preprocessor">#include<sp/>&lt;ctype.h&gt;</highlight><highlight class="normal"></highlight></codeline>
<codeline lineno="9"><highlight class="normal"></highlight><highlight class="preprocessor">#include<sp/>&quot;<ref refid="config_define_8h" kindref="compound">configDefine.h</ref>&quot;</highlight><highlight class="normal"></highlight></codeline>
<codeline lineno="10"><highlight class="normal"></highlight><highlight class="preprocessor">#include<sp/>&quot;<ref refid="status_error_define_8h" kindref="compound">statusErrorDefine.h</ref>&quot;</highlight><highlight class="normal"></highlight></codeline>
<codeline lineno="11"><highlight class="normal"></highlight><highlight class="preprocessor">#include<sp/>&quot;<ref refid="opl_8h" kindref="compound">opl.h</ref>&quot;</highlight><highlight class="normal"></highlight></codeline>
<codeline lineno="12"><highlight class="normal"></highlight></codeline>
<codeline lineno="13"><highlight class="normal"></highlight><highlight class="preprocessor">#if<sp/>(TARGET_SYSTEM<sp/>==<sp/>_WIN32_)</highlight><highlight class="normal"></highlight></codeline>
<codeline lineno="14"><highlight class="normal"></highlight><highlight class="preprocessor">#else</highlight><highlight class="normal"></highlight></codeline>
<codeline lineno="15"><highlight class="normal"></highlight><highlight class="preprocessor">#include<sp/>&lt;unistd.h&gt;</highlight><highlight class="normal"></highlight></codeline>
<codeline lineno="16"><highlight class="normal"></highlight><highlight class="preprocessor">#endif</highlight><highlight class="normal"></highlight></codeline>
<codeline lineno="17"><highlight class="normal"></highlight></codeline>
<codeline lineno="18"><highlight class="normal"></highlight><highlight class="preprocessor">#ifdef<sp/>__cplusplus</highlight><highlight class="normal"></highlight></codeline>
<codeline lineno="19"><highlight class="normal"></highlight><highlight class="keyword">extern</highlight><highlight class="normal"><sp/></highlight><highlight class="stringliteral">&quot;C&quot;</highlight><highlight class="normal"></highlight></codeline>
<codeline lineno="20"><highlight class="normal">{</highlight></codeline>
<codeline lineno="21"><highlight class="normal"></highlight><highlight class="preprocessor">#endif</highlight><highlight class="normal"></highlight></codeline>
<codeline lineno="22"><highlight class="normal"></highlight></codeline>
<codeline lineno="23" refid="struct_ligne_c_s_v" refkind="compound"><highlight class="normal"><sp/><sp/><sp/><sp/></highlight><highlight class="keyword">struct<sp/></highlight><highlight class="normal"><ref refid="struct_ligne_c_s_v" kindref="compound">LigneCSV</ref><sp/>{</highlight></codeline>
<codeline lineno="24" refid="struct_ligne_c_s_v_1a77112e0a8c052d82fcfce6a743c78a75" refkind="member"><highlight class="normal"><sp/><sp/><sp/><sp/><sp/><sp/><sp/><sp/></highlight><highlight class="keywordtype">int</highlight><highlight class="normal"><sp/><ref refid="struct_ligne_c_s_v_1a77112e0a8c052d82fcfce6a743c78a75" kindref="member">valeur</ref>[<ref refid="config_define_8h_1a706068f562dd5c64a8b7bbd4b2298dd1" kindref="member">MAX_LINE_SIZE</ref>];</highlight></codeline>
<codeline lineno="25" refid="struct_ligne_c_s_v_1a95e7740f7fa9635c25fc409817f9178c" refkind="member"><highlight class="normal"><sp/><sp/><sp/><sp/><sp/><sp/><sp/><sp/></highlight><highlight class="keywordtype">int</highlight><highlight class="normal"><sp/><ref refid="struct_ligne_c_s_v_1a95e7740f7fa9635c25fc409817f9178c" kindref="member">dependanceVannes</ref>[<ref refid="config_define_8h_1a706068f562dd5c64a8b7bbd4b2298dd1" kindref="member">MAX_LINE_SIZE</ref>][<ref refid="config_define_8h_1abcc3ea803cac2ea690fac3f5ceb23211" kindref="member">MAX_VALVES</ref>];</highlight></codeline>
<codeline lineno="26" refid="struct_ligne_c_s_v_1a0b58ddaf08c19c940b424751ea4bf029" refkind="member"><highlight class="normal"><sp/><sp/><sp/><sp/><sp/><sp/><sp/><sp/></highlight><highlight class="keywordtype">double</highlight><highlight class="normal"><sp/><ref refid="struct_ligne_c_s_v_1a0b58ddaf08c19c940b424751ea4bf029" kindref="member">timerVannes</ref>[<ref refid="config_define_8h_1a706068f562dd5c64a8b7bbd4b2298dd1" kindref="member">MAX_LINE_SIZE</ref>];</highlight></codeline>
<codeline lineno="27"><highlight class="normal"><sp/><sp/><sp/><sp/>};</highlight></codeline>
<codeline lineno="28"><highlight class="normal"></highlight></codeline>
<codeline lineno="29" refid="struct_ligne_vannes" refkind="compound"><highlight class="normal"><sp/><sp/><sp/><sp/></highlight><highlight class="keyword">struct<sp/></highlight><highlight class="normal"><ref refid="struct_ligne_vannes" kindref="compound">LigneVannes</ref><sp/>{</highlight></codeline>
<codeline lineno="30" refid="struct_ligne_vannes_1a413b83e1e29442b6c79f508e70132b99" refkind="member"><highlight class="normal"><sp/><sp/><sp/><sp/><sp/><sp/><sp/><sp/>uint8_t<sp/><ref refid="struct_ligne_vannes_1a413b83e1e29442b6c79f508e70132b99" kindref="member">etatInitial</ref>[<ref refid="config_define_8h_1a56d2ae7dc00f8f120314a9de4a9efcbe" kindref="member">MAX_PHYSICAL_LINE_SIZE</ref>];</highlight></codeline>
<codeline lineno="31" refid="struct_ligne_vannes_1ab74f4156992a1d50dc08493868258282" refkind="member"><highlight class="normal"><sp/><sp/><sp/><sp/><sp/><sp/><sp/><sp/>uint8_t<sp/><ref refid="struct_ligne_vannes_1ab74f4156992a1d50dc08493868258282" kindref="member">portGPIO</ref>[<ref refid="config_define_8h_1a56d2ae7dc00f8f120314a9de4a9efcbe" kindref="member">MAX_PHYSICAL_LINE_SIZE</ref>];</highlight></codeline>
<codeline lineno="32"><highlight class="normal"><sp/><sp/><sp/><sp/>};</highlight></codeline>
<codeline lineno="33"><highlight class="normal"></highlight></codeline>
<codeline lineno="34" refid="struct_ligne_sensors" refkind="compound"><highlight class="normal"><sp/><sp/><sp/><sp/></highlight><highlight class="keyword">struct<sp/></highlight><highlight class="normal"><ref refid="struct_ligne_sensors" kindref="compound">LigneSensors</ref><sp/>{</highlight></codeline>
<codeline lineno="35" refid="struct_ligne_sensors_1ac9c86088dd1113febf304c9da01a3cb3" refkind="member"><highlight class="normal"><sp/><sp/><sp/><sp/><sp/><sp/><sp/><sp/>uint8_t<sp/><ref refid="struct_ligne_sensors_1ac9c86088dd1113febf304c9da01a3cb3" kindref="member">etatInitial</ref>[<ref refid="config_define_8h_1a56d2ae7dc00f8f120314a9de4a9efcbe" kindref="member">MAX_PHYSICAL_LINE_SIZE</ref>];</highlight></codeline>
<codeline lineno="36" refid="struct_ligne_sensors_1afd60eeb6d4029750e659fc029b261171" refkind="member"><highlight class="normal"><sp/><sp/><sp/><sp/><sp/><sp/><sp/><sp/></highlight><highlight class="keywordtype">float</highlight><highlight class="normal"><sp/><ref refid="struct_ligne_sensors_1afd60eeb6d4029750e659fc029b261171" kindref="member">minValue</ref>[<ref refid="config_define_8h_1a56d2ae7dc00f8f120314a9de4a9efcbe" kindref="member">MAX_PHYSICAL_LINE_SIZE</ref>];</highlight></codeline>
<codeline lineno="37" refid="struct_ligne_sensors_1a118149e0588323c79b8519d7a167f948" refkind="member"><highlight class="normal"><sp/><sp/><sp/><sp/><sp/><sp/><sp/><sp/></highlight><highlight class="keywordtype">float</highlight><highlight class="normal"><sp/><ref refid="struct_ligne_sensors_1a118149e0588323c79b8519d7a167f948" kindref="member">maxValue</ref>[<ref refid="config_define_8h_1a56d2ae7dc00f8f120314a9de4a9efcbe" kindref="member">MAX_PHYSICAL_LINE_SIZE</ref>];</highlight></codeline>
<codeline lineno="38"><highlight class="normal"><sp/><sp/><sp/><sp/>};</highlight></codeline>
<codeline lineno="39"><highlight class="normal"></highlight></codeline>
<codeline lineno="40" refid="struct_ligne_activation" refkind="compound"><highlight class="normal"><sp/><sp/><sp/><sp/></highlight><highlight class="keyword">struct<sp/></highlight><highlight class="normal"><ref refid="struct_ligne_activation" kindref="compound">LigneActivation</ref><sp/>{</highlight></codeline>
<codeline lineno="41" refid="struct_ligne_activation_1a75f37006d60ba54e0cc20b3cf0e6c449" refkind="member"><highlight class="normal"><sp/><sp/><sp/><sp/><sp/><sp/><sp/><sp/>uint8_t<sp/><ref refid="struct_ligne_activation_1a75f37006d60ba54e0cc20b3cf0e6c449" kindref="member">activation</ref>[<ref refid="config_define_8h_1a706068f562dd5c64a8b7bbd4b2298dd1" kindref="member">MAX_LINE_SIZE</ref>];</highlight></codeline>
<codeline lineno="42"><highlight class="normal"><sp/><sp/><sp/><sp/>};</highlight></codeline>
<codeline lineno="43"><highlight class="normal"></highlight></codeline>
<codeline lineno="44" refid="struct_ligne_e_g" refkind="compound"><highlight class="normal"><sp/><sp/><sp/><sp/></highlight><highlight class="keyword">struct<sp/></highlight><highlight class="normal"><ref refid="struct_ligne_e_g" kindref="compound">LigneEG</ref><sp/>{</highlight></codeline>
<codeline lineno="45" refid="struct_ligne_e_g_1a798f7a58703288236d76c6fb141f5756" refkind="member"><highlight class="normal"><sp/><sp/><sp/><sp/><sp/><sp/><sp/><sp/><sp/>int16_t<sp/><ref refid="struct_ligne_e_g_1a798f7a58703288236d76c6fb141f5756" kindref="member">EG</ref>[<ref refid="config_define_8h_1a706068f562dd5c64a8b7bbd4b2298dd1" kindref="member">MAX_LINE_SIZE</ref>];</highlight></codeline>
<codeline lineno="46" refid="struct_ligne_e_g_1a466c1a46947d19a6cb596d48f8726c92" refkind="member"><highlight class="normal"><sp/><sp/><sp/><sp/><sp/><sp/><sp/><sp/><sp/></highlight><highlight class="keywordtype">char</highlight><highlight class="normal">*<sp/><ref refid="struct_ligne_e_g_1a466c1a46947d19a6cb596d48f8726c92" kindref="member">nom</ref>[<ref refid="config_define_8h_1a706068f562dd5c64a8b7bbd4b2298dd1" kindref="member">MAX_LINE_SIZE</ref>];</highlight></codeline>
<codeline lineno="47"><highlight class="normal"><sp/><sp/><sp/><sp/>};</highlight></codeline>
<codeline lineno="48"><highlight class="normal"></highlight></codeline>
<codeline lineno="49"><highlight class="normal"><sp/><sp/><sp/><sp/><ref refid="status_error_define_8h_1adf0c44f8de9b8e78b0e56caacfa1ac94" kindref="member">statusErrDef</ref><sp/><ref refid="csv_8h_1a57ce52f959b46f63b41ea53578833174" kindref="member">initCSV</ref>();</highlight></codeline>
<codeline lineno="50"><highlight class="normal"><sp/><sp/><sp/><sp/><ref refid="status_error_define_8h_1adf0c44f8de9b8e78b0e56caacfa1ac94" kindref="member">statusErrDef</ref><sp/><ref refid="csv_8h_1a44cd2131057b27749a53caad3ec77eb9" kindref="member">refreshCSV</ref>();</highlight></codeline>
<codeline lineno="51"><highlight class="normal"><sp/><sp/><sp/><sp/><ref refid="status_error_define_8h_1adf0c44f8de9b8e78b0e56caacfa1ac94" kindref="member">statusErrDef</ref><sp/><ref refid="csv_8h_1a39604608c86deb3e5925261c5a9413ca" kindref="member">extinctCSV</ref>();</highlight></codeline>
<codeline lineno="52"><highlight class="normal"></highlight></codeline>
<codeline lineno="53"><highlight class="normal"><sp/><sp/><sp/><sp/><ref refid="status_error_define_8h_1adf0c44f8de9b8e78b0e56caacfa1ac94" kindref="member">statusErrDef</ref><sp/><ref refid="csv_8h_1a810cafce9c6d5bb3e3ec3e8754ca924c" kindref="member">lireFichierCSV</ref>(</highlight><highlight class="keyword">const</highlight><highlight class="normal"><sp/></highlight><highlight class="keywordtype">char</highlight><highlight class="normal">*<sp/>dir);</highlight></codeline>
<codeline lineno="54"><highlight class="normal"><sp/><sp/><sp/><sp/><ref refid="status_error_define_8h_1adf0c44f8de9b8e78b0e56caacfa1ac94" kindref="member">statusErrDef</ref><sp/><ref refid="csv_8h_1ad8987ecbd2c5ce44f2a930a28a012b99" kindref="member">lireFichierVannes</ref>(</highlight><highlight class="keyword">const</highlight><highlight class="normal"><sp/></highlight><highlight class="keywordtype">char</highlight><highlight class="normal">*<sp/>fileName);</highlight></codeline>
<codeline lineno="55"><highlight class="normal"><sp/><sp/><sp/><sp/><ref refid="status_error_define_8h_1adf0c44f8de9b8e78b0e56caacfa1ac94" kindref="member">statusErrDef</ref><sp/><ref refid="csv_8h_1ade728b48c3405b05be12be8e6b5d5206" kindref="member">lireFichierSensors</ref>(</highlight><highlight class="keyword">const</highlight><highlight class="normal"><sp/></highlight><highlight class="keywordtype">char</highlight><highlight class="normal">*<sp/>fileName);</highlight></codeline>
<codeline lineno="56"><highlight class="normal"><sp/><sp/><sp/><sp/><ref refid="status_error_define_8h_1adf0c44f8de9b8e78b0e56caacfa1ac94" kindref="member">statusErrDef</ref><sp/><ref refid="csv_8h_1a2e7bd32b81cf14bdd3867119fe4c75c2" kindref="member">lireFichierActivation</ref>(</highlight><highlight class="keyword">const</highlight><highlight class="normal"><sp/></highlight><highlight class="keywordtype">char</highlight><highlight class="normal">*<sp/>fileName);</highlight></codeline>
<codeline lineno="57"><highlight class="normal"><sp/><sp/><sp/><sp/><ref refid="status_error_define_8h_1adf0c44f8de9b8e78b0e56caacfa1ac94" kindref="member">statusErrDef</ref><sp/><ref refid="csv_8h_1a6c7104900937bff943d7f36f4f9cb7f0" kindref="member">lireFichierEG</ref>(</highlight><highlight class="keyword">const</highlight><highlight class="normal"><sp/></highlight><highlight class="keywordtype">char</highlight><highlight class="normal">*<sp/>fileName);</highlight></codeline>
<codeline lineno="58"><highlight class="normal"></highlight></codeline>
<codeline lineno="59"><highlight class="normal"><sp/><sp/><sp/><sp/></highlight><highlight class="keywordtype">void</highlight><highlight class="normal"><sp/><ref refid="csv_8h_1a134699cebaabd514d62d43ed18cee67d" kindref="member">remplirStructure</ref>(</highlight><highlight class="keywordtype">char</highlight><highlight class="normal">*<sp/>ligne,<sp/></highlight><highlight class="keywordtype">int</highlight><highlight class="normal"><sp/></highlight><highlight class="keywordtype">id</highlight><highlight class="normal">);</highlight></codeline>
<codeline lineno="60"><highlight class="normal"><sp/><sp/><sp/><sp/></highlight><highlight class="keywordtype">void</highlight><highlight class="normal"><sp/><ref refid="csv_8h_1a6a858555dd145f61931120807004cf55" kindref="member">remplirStructureVannesPhysicalCONFIG</ref>(</highlight><highlight class="keywordtype">char</highlight><highlight class="normal">*<sp/>ligne,<sp/></highlight><highlight class="keywordtype">int</highlight><highlight class="normal"><sp/></highlight><highlight class="keywordtype">id</highlight><highlight class="normal">);</highlight></codeline>
<codeline lineno="61"><highlight class="normal"><sp/><sp/><sp/><sp/></highlight><highlight class="keywordtype">void</highlight><highlight class="normal"><sp/><ref refid="csv_8h_1a268de499892be836f042bfc112a904ea" kindref="member">remplirStructureSensorsPhysicalCONFIG</ref>(</highlight><highlight class="keywordtype">char</highlight><highlight class="normal">*<sp/>ligne,<sp/></highlight><highlight class="keywordtype">int</highlight><highlight class="normal"><sp/></highlight><highlight class="keywordtype">id</highlight><highlight class="normal">);</highlight></codeline>
<codeline lineno="62"><highlight class="normal"><sp/><sp/><sp/><sp/></highlight><highlight class="keywordtype">void</highlight><highlight class="normal"><sp/><ref refid="csv_8h_1ab2ab3ac11ce7f23bde4ddf923050b533" kindref="member">remplirStructureCommon</ref>(</highlight><highlight class="keywordtype">char</highlight><highlight class="normal">*<sp/>ligne,<sp/></highlight><highlight class="keywordtype">int</highlight><highlight class="normal"><sp/></highlight><highlight class="keywordtype">id</highlight><highlight class="normal">);</highlight></codeline>
<codeline lineno="63"><highlight class="normal"><sp/><sp/><sp/><sp/></highlight><highlight class="keywordtype">void</highlight><highlight class="normal"><sp/><ref refid="csv_8h_1acbc16f61c722ba86bac4676c366b09bb" kindref="member">remplirEG</ref>(</highlight><highlight class="keywordtype">char</highlight><highlight class="normal">*<sp/>ligne,<sp/></highlight><highlight class="keywordtype">int</highlight><highlight class="normal"><sp/></highlight><highlight class="keywordtype">id</highlight><highlight class="normal">);</highlight></codeline>
<codeline lineno="64"><highlight class="normal"></highlight></codeline>
<codeline lineno="65"><highlight class="normal"><sp/><sp/><sp/><sp/></highlight><highlight class="keywordtype">int</highlight><highlight class="normal"><sp/><ref refid="csv_8h_1ab23dd7339a925518cc7ccb9c8ff617c9" kindref="member">getValeur</ref>(</highlight><highlight class="keywordtype">int</highlight><highlight class="normal"><sp/>ligne);</highlight></codeline>
<codeline lineno="66"><highlight class="normal"><sp/><sp/><sp/><sp/></highlight><highlight class="keywordtype">int</highlight><highlight class="normal">*<sp/><ref refid="csv_8h_1a8a1a11a2771226955ece875f170f2f0c" kindref="member">getDependanceVannes</ref>(</highlight><highlight class="keywordtype">int</highlight><highlight class="normal"><sp/>ligne);</highlight></codeline>
<codeline lineno="67"><highlight class="normal"><sp/><sp/><sp/><sp/></highlight><highlight class="keywordtype">double</highlight><highlight class="normal"><sp/><ref refid="csv_8h_1a42f02acae60cc52772c5933fd490bac0" kindref="member">getTimerVannes</ref>(</highlight><highlight class="keywordtype">int</highlight><highlight class="normal"><sp/>ligne);</highlight></codeline>
<codeline lineno="68"><highlight class="normal"><sp/><sp/><sp/><sp/>uint8_t<sp/><ref refid="csv_8h_1a06ba5d2bce46c751d895dbf5678036ae" kindref="member">getEtatInitialVannes</ref>(</highlight><highlight class="keywordtype">int</highlight><highlight class="normal"><sp/>ligne);</highlight></codeline>
<codeline lineno="69"><highlight class="normal"><sp/><sp/><sp/><sp/>uint8_t<sp/><ref refid="csv_8h_1a050486592cf733f404f0f5b0b6406272" kindref="member">getEtatInitialSensors</ref>(</highlight><highlight class="keywordtype">int</highlight><highlight class="normal"><sp/>ligne);</highlight></codeline>
<codeline lineno="70"><highlight class="normal"><sp/><sp/><sp/><sp/>uint8_t<sp/><ref refid="csv_8h_1a208a08d00b78203d1aa620f641f0b9c9" kindref="member">getPortGPIO</ref>(</highlight><highlight class="keywordtype">int</highlight><highlight class="normal"><sp/>ligne);</highlight></codeline>
<codeline lineno="71"><highlight class="normal"><sp/><sp/><sp/><sp/></highlight><highlight class="keywordtype">float</highlight><highlight class="normal"><sp/><ref refid="csv_8h_1aaf462157030206acbd3f8ef56719914a" kindref="member">getMinValue</ref>(</highlight><highlight class="keywordtype">int</highlight><highlight class="normal"><sp/>ligne);</highlight></codeline>
<codeline lineno="72"><highlight class="normal"><sp/><sp/><sp/><sp/></highlight><highlight class="keywordtype">float</highlight><highlight class="normal"><sp/><ref refid="csv_8h_1a35dcea7747c07d8fb2fecdb75d30b86d" kindref="member">getMaxValue</ref>(</highlight><highlight class="keywordtype">int</highlight><highlight class="normal"><sp/>ligne);</highlight></codeline>
<codeline lineno="73"><highlight class="normal"><sp/><sp/><sp/><sp/>uint8_t<sp/><ref refid="csv_8h_1a59b3cd375160ea778a774e62c7c64f7d" kindref="member">getActivation</ref>(</highlight><highlight class="keywordtype">int</highlight><highlight class="normal"><sp/>ligne);</highlight></codeline>
<codeline lineno="74"><highlight class="normal"><sp/><sp/><sp/><sp/>int16_t<sp/><ref refid="csv_8h_1a70bcd737e5a40f36e1cccaf3a7f63379" kindref="member">getEGcsv</ref>(</highlight><highlight class="keywordtype">int</highlight><highlight class="normal"><sp/>ligne);</highlight></codeline>
<codeline lineno="75"><highlight class="normal"><sp/><sp/><sp/><sp/></highlight><highlight class="keyword">const</highlight><highlight class="normal"><sp/></highlight><highlight class="keywordtype">char</highlight><highlight class="normal">*<sp/><ref refid="csv_8h_1a3020b0ac72052eacef78e25c399ce4a6" kindref="member">getNomFichiercsv</ref>();</highlight></codeline>
<codeline lineno="76"><highlight class="normal"><sp/><sp/><sp/><sp/></highlight><highlight class="keywordtype">int</highlight><highlight class="normal"><sp/><ref refid="csv_8h_1a6b63c44df8b905d77b2c66f1cea86204" kindref="member">searchEG</ref>();</highlight></codeline>
<codeline lineno="77"><highlight class="normal"><sp/><sp/><sp/><sp/></highlight><highlight class="keywordtype">void</highlight><highlight class="normal"><sp/><ref refid="csv_8h_1a12cdfbd8ea531195d20d46386535a300" kindref="member">removeCarriageReturn</ref>(</highlight><highlight class="keywordtype">char</highlight><highlight class="normal">*<sp/>str);</highlight></codeline>
<codeline lineno="78"><highlight class="normal"></highlight></codeline>
<codeline lineno="79"><highlight class="normal"><sp/><sp/><sp/><sp/></highlight><highlight class="keyword">extern</highlight><highlight class="normal"><sp/></highlight><highlight class="keyword">struct<sp/></highlight><highlight class="normal"><ref refid="struct_ligne_c_s_v" kindref="compound">LigneCSV</ref>*<sp/><ref refid="csv_8h_1ae4cbc04f9c4323ec7a331ddef6b578c4" kindref="member">dataEtats</ref>;</highlight></codeline>
<codeline lineno="80"><highlight class="normal"><sp/><sp/><sp/><sp/></highlight><highlight class="keyword">extern</highlight><highlight class="normal"><sp/></highlight><highlight class="keyword">struct<sp/></highlight><highlight class="normal"><ref refid="struct_ligne_vannes" kindref="compound">LigneVannes</ref>*<sp/><ref refid="csv_8h_1a0604c88114d265423bd058430aef5358" kindref="member">dataPhysicalConfigVannes</ref>;</highlight></codeline>
<codeline lineno="81"><highlight class="normal"><sp/><sp/><sp/><sp/></highlight><highlight class="keyword">extern</highlight><highlight class="normal"><sp/></highlight><highlight class="keyword">struct<sp/></highlight><highlight class="normal"><ref refid="struct_ligne_sensors" kindref="compound">LigneSensors</ref>*<sp/><ref refid="csv_8h_1a545bddd902931ddd3692b3792d3958b4" kindref="member">dataPhysicalConfigSensors</ref>;</highlight></codeline>
<codeline lineno="82"><highlight class="normal"><sp/><sp/><sp/><sp/></highlight><highlight class="keyword">extern</highlight><highlight class="normal"><sp/></highlight><highlight class="keyword">struct<sp/></highlight><highlight class="normal"><ref refid="struct_ligne_activation" kindref="compound">LigneActivation</ref>*<sp/><ref refid="csv_8h_1a6d01cb64bb5d3e9ccda826e7b892ae18" kindref="member">dataActivation</ref>;</highlight></codeline>
<codeline lineno="83"><highlight class="normal"><sp/><sp/><sp/><sp/></highlight><highlight class="keyword">extern</highlight><highlight class="normal"><sp/></highlight><highlight class="keyword">struct<sp/></highlight><highlight class="normal"><ref refid="struct_ligne_e_g" kindref="compound">LigneEG</ref>*<sp/><ref refid="csv_8h_1ac119725e56f891ac0af277ad61a9eaf4" kindref="member">dataEG</ref>;</highlight></codeline>
<codeline lineno="84"><highlight class="normal"></highlight></codeline>
<codeline lineno="85"><highlight class="normal"></highlight><highlight class="preprocessor">#ifdef<sp/>__cplusplus</highlight><highlight class="normal"></highlight></codeline>
<codeline lineno="86"><highlight class="normal">}</highlight></codeline>
<codeline lineno="87"><highlight class="normal"></highlight><highlight class="preprocessor">#endif</highlight><highlight class="normal"></highlight></codeline>
<codeline lineno="88"><highlight class="normal"></highlight></codeline>
<codeline lineno="89"><highlight class="normal"></highlight><highlight class="preprocessor">#endif<sp/></highlight><highlight class="comment">//<sp/>CSV_H</highlight></codeline>
    </programlisting>
    <location file="C:/Users/Squaria/Documents/openPOWERLINK_V2_CAC/apps/CAC_CN/include/csv.h"/>
  </compounddef>
</doxygen>
