<?xml version='1.0' encoding='UTF-8' standalone='no'?>
<doxygen xmlns:xsi="http://www.w3.org/2001/XMLSchema-instance" xsi:noNamespaceSchemaLocation="compound.xsd" version="1.10.0" xml:lang="en-US">
  <compounddef id="config_define_8h" kind="file" language="C++">
    <compoundname>configDefine.h</compoundname>
    <includes refid="nb_nodes_8h" local="yes">nbNodes.h</includes>
    <includedby refid="csv_8h" local="yes">C:/Users/Squaria/Documents/openPOWERLINK_V2_CAC/apps/OBC_MN/include/csv.h</includedby>
    <includedby refid="file_8h" local="yes">C:/Users/Squaria/Documents/openPOWERLINK_V2_CAC/apps/OBC_MN/include/file.h</includedby>
    <includedby refid="opl_8h" local="yes">C:/Users/Squaria/Documents/openPOWERLINK_V2_CAC/apps/OBC_MN/include/opl.h</includedby>
    <includedby refid="xap_opl_8h" local="yes">C:/Users/Squaria/Documents/openPOWERLINK_V2_CAC/apps/OBC_MN/include/xapOpl.h</includedby>
    <incdepgraph>
      <node id="1">
        <label>C:/Users/Squaria/Documents/openPOWERLINK_V2_CAC/apps/OBC_MN/include/configDefine.h</label>
        <link refid="config_define_8h"/>
        <childnode refid="2" relation="include">
        </childnode>
      </node>
      <node id="2">
        <label>nbNodes.h</label>
        <link refid="nb_nodes_8h"/>
      </node>
    </incdepgraph>
    <invincdepgraph>
      <node id="1">
        <label>C:/Users/Squaria/Documents/openPOWERLINK_V2_CAC/apps/OBC_MN/include/configDefine.h</label>
        <link refid="config_define_8h"/>
        <childnode refid="2" relation="include">
        </childnode>
        <childnode refid="7" relation="include">
        </childnode>
        <childnode refid="3" relation="include">
        </childnode>
        <childnode refid="9" relation="include">
        </childnode>
      </node>
      <node id="2">
        <label>C:/Users/Squaria/Documents/openPOWERLINK_V2_CAC/apps/OBC_MN/include/csv.h</label>
        <link refid="csv_8h"/>
        <childnode refid="3" relation="include">
        </childnode>
        <childnode refid="6" relation="include">
        </childnode>
        <childnode refid="4" relation="include">
        </childnode>
      </node>
      <node id="7">
        <label>C:/Users/Squaria/Documents/openPOWERLINK_V2_CAC/apps/OBC_MN/include/file.h</label>
        <link refid="file_8h"/>
        <childnode refid="8" relation="include">
        </childnode>
        <childnode refid="4" relation="include">
        </childnode>
      </node>
      <node id="3">
        <label>C:/Users/Squaria/Documents/openPOWERLINK_V2_CAC/apps/OBC_MN/include/opl.h</label>
        <link refid="opl_8h"/>
        <childnode refid="2" relation="include">
        </childnode>
        <childnode refid="4" relation="include">
        </childnode>
        <childnode refid="5" relation="include">
        </childnode>
      </node>
      <node id="9">
        <label>C:/Users/Squaria/Documents/openPOWERLINK_V2_CAC/apps/OBC_MN/include/xapOpl.h</label>
        <link refid="xap_opl_8h"/>
        <childnode refid="3" relation="include">
        </childnode>
      </node>
      <node id="6">
        <label>C:/Users/Squaria/Documents/openPOWERLINK_V2_CAC/apps/OBC_MN/src/csv.cpp</label>
        <link refid="csv_8cpp"/>
      </node>
      <node id="8">
        <label>C:/Users/Squaria/Documents/openPOWERLINK_V2_CAC/apps/OBC_MN/src/file.cpp</label>
        <link refid="file_8cpp"/>
      </node>
      <node id="4">
        <label>C:/Users/Squaria/Documents/openPOWERLINK_V2_CAC/apps/OBC_MN/src/main.cpp</label>
        <link refid="main_8cpp"/>
      </node>
      <node id="5">
        <label>C:/Users/Squaria/Documents/openPOWERLINK_V2_CAC/apps/OBC_MN/src/opl.cpp</label>
        <link refid="opl_8cpp"/>
      </node>
    </invincdepgraph>
    <sectiondef kind="define">
      <memberdef kind="define" id="config_define_8h_1ac9ac8ba41c4385306791b6640b1d51dc" prot="public" static="no">
        <name>CYCLE_LEN</name>
        <initializer>UINT_MAX</initializer>
        <briefdescription>
<para>OpenPOWERLINK cycle length, not shown in the MN but in the CNs. </para>
        </briefdescription>
        <detaileddescription>
        </detaileddescription>
        <inbodydescription>
        </inbodydescription>
        <location file="C:/Users/Squaria/Documents/openPOWERLINK_V2_CAC/apps/OBC_MN/include/configDefine.h" line="23" column="9" bodyfile="C:/Users/Squaria/Documents/openPOWERLINK_V2_CAC/apps/OBC_MN/include/configDefine.h" bodystart="23" bodyend="-1"/>
      </memberdef>
      <memberdef kind="define" id="config_define_8h_1a2f7945514ea8b2c7145cf68d47c96a08" prot="public" static="no">
        <name>NODEID</name>
        <initializer>0xF0</initializer>
        <briefdescription>
<para>the MN node ID (240 by default) </para>
        </briefdescription>
        <detaileddescription>
        </detaileddescription>
        <inbodydescription>
        </inbodydescription>
        <location file="C:/Users/Squaria/Documents/openPOWERLINK_V2_CAC/apps/OBC_MN/include/configDefine.h" line="27" column="9" bodyfile="C:/Users/Squaria/Documents/openPOWERLINK_V2_CAC/apps/OBC_MN/include/configDefine.h" bodystart="27" bodyend="-1"/>
      </memberdef>
      <memberdef kind="define" id="config_define_8h_1a14b0a7da8cf3edbfec9630c2ec290148" prot="public" static="no">
        <name>IP_ADDR</name>
        <initializer>0xc0a801F0</initializer>
        <briefdescription>
<para>The MN default ip address (not important) </para>
        </briefdescription>
        <detaileddescription>
        </detaileddescription>
        <inbodydescription>
        </inbodydescription>
        <location file="C:/Users/Squaria/Documents/openPOWERLINK_V2_CAC/apps/OBC_MN/include/configDefine.h" line="31" column="9" bodyfile="C:/Users/Squaria/Documents/openPOWERLINK_V2_CAC/apps/OBC_MN/include/configDefine.h" bodystart="31" bodyend="-1"/>
      </memberdef>
      <memberdef kind="define" id="config_define_8h_1a2277cfa773d618a987524fc0590fe253" prot="public" static="no">
        <name>SUBNET_MASK</name>
        <initializer>0xFFFFFF00</initializer>
        <briefdescription>
<para>Network mask of /24. </para>
        </briefdescription>
        <detaileddescription>
        </detaileddescription>
        <inbodydescription>
        </inbodydescription>
        <location file="C:/Users/Squaria/Documents/openPOWERLINK_V2_CAC/apps/OBC_MN/include/configDefine.h" line="35" column="9" bodyfile="C:/Users/Squaria/Documents/openPOWERLINK_V2_CAC/apps/OBC_MN/include/configDefine.h" bodystart="35" bodyend="-1"/>
      </memberdef>
      <memberdef kind="define" id="config_define_8h_1ab0092e2619bef8d5375800f507d3080c" prot="public" static="no">
        <name>DEFAULT_GATEWAY</name>
        <initializer>0xC0A864FE</initializer>
        <briefdescription>
<para>The MN default gateway (not important) </para>
        </briefdescription>
        <detaileddescription>
        </detaileddescription>
        <inbodydescription>
        </inbodydescription>
        <location file="C:/Users/Squaria/Documents/openPOWERLINK_V2_CAC/apps/OBC_MN/include/configDefine.h" line="39" column="9" bodyfile="C:/Users/Squaria/Documents/openPOWERLINK_V2_CAC/apps/OBC_MN/include/configDefine.h" bodystart="39" bodyend="-1"/>
      </memberdef>
      <memberdef kind="define" id="config_define_8h_1abd2aacdca9cb2a1a30f3392256b96ea3" prot="public" static="no">
        <name>MAX_NODES</name>
        <initializer>255</initializer>
        <briefdescription>
<para>The maximum number of MN and CN. </para>
        </briefdescription>
        <detaileddescription>
        </detaileddescription>
        <inbodydescription>
        </inbodydescription>
        <location file="C:/Users/Squaria/Documents/openPOWERLINK_V2_CAC/apps/OBC_MN/include/configDefine.h" line="43" column="9" bodyfile="C:/Users/Squaria/Documents/openPOWERLINK_V2_CAC/apps/OBC_MN/include/configDefine.h" bodystart="43" bodyend="-1"/>
      </memberdef>
      <memberdef kind="define" id="config_define_8h_1a563cad7e347a704508920c0c59f74808" prot="public" static="no">
        <name>DEVNAME</name>
        <initializer>&quot;eth0&quot;</initializer>
        <briefdescription>
<para>The MN device name (look in /etc/network/interfaces for the name in Linux) </para>
        </briefdescription>
        <detaileddescription>
        </detaileddescription>
        <inbodydescription>
        </inbodydescription>
        <location file="C:/Users/Squaria/Documents/openPOWERLINK_V2_CAC/apps/OBC_MN/include/configDefine.h" line="47" column="9" bodyfile="C:/Users/Squaria/Documents/openPOWERLINK_V2_CAC/apps/OBC_MN/include/configDefine.h" bodystart="47" bodyend="-1"/>
      </memberdef>
      <memberdef kind="define" id="config_define_8h_1aa8a09c72ec4b0fb08add063f03dec883" prot="public" static="no">
        <name>CDCFILE</name>
        <initializer>&quot;mnobd.cdc&quot;</initializer>
        <briefdescription>
<para>The OpenPOWERLINK binary file name containing all RPDO and TPDO structures between the MN and the CNs. This file is generated by OpenCONFIGURATOR. </para>
        </briefdescription>
        <detaileddescription>
        </detaileddescription>
        <inbodydescription>
        </inbodydescription>
        <location file="C:/Users/Squaria/Documents/openPOWERLINK_V2_CAC/apps/OBC_MN/include/configDefine.h" line="52" column="9" bodyfile="C:/Users/Squaria/Documents/openPOWERLINK_V2_CAC/apps/OBC_MN/include/configDefine.h" bodystart="52" bodyend="-1"/>
      </memberdef>
      <memberdef kind="define" id="config_define_8h_1ab5cbebecab98e4234ae1b2e5ff94ccbc" prot="public" static="no">
        <name>SIZE_OUT</name>
        <initializer>(<ref refid="nb_nodes_8h_1a6206026f72c671f64485c7be7f4288d2" kindref="member">NB_NODES</ref> * 25)</initializer>
        <briefdescription>
<para>Total size of RPDOs coming into every CNs. </para>
        </briefdescription>
        <detaileddescription>
        </detaileddescription>
        <inbodydescription>
        </inbodydescription>
        <location file="C:/Users/Squaria/Documents/openPOWERLINK_V2_CAC/apps/OBC_MN/include/configDefine.h" line="58" column="9" bodyfile="C:/Users/Squaria/Documents/openPOWERLINK_V2_CAC/apps/OBC_MN/include/configDefine.h" bodystart="58" bodyend="-1"/>
      </memberdef>
      <memberdef kind="define" id="config_define_8h_1ac072f7043a3fb31b4fc2d1bcb687c157" prot="public" static="no">
        <name>SIZE_IN</name>
        <initializer>(<ref refid="nb_nodes_8h_1a6206026f72c671f64485c7be7f4288d2" kindref="member">NB_NODES</ref> * 13)</initializer>
        <briefdescription>
<para>Total size of TPDOs coming out of every CNs. </para>
        </briefdescription>
        <detaileddescription>
        </detaileddescription>
        <inbodydescription>
        </inbodydescription>
        <location file="C:/Users/Squaria/Documents/openPOWERLINK_V2_CAC/apps/OBC_MN/include/configDefine.h" line="62" column="9" bodyfile="C:/Users/Squaria/Documents/openPOWERLINK_V2_CAC/apps/OBC_MN/include/configDefine.h" bodystart="62" bodyend="-1"/>
      </memberdef>
      <memberdef kind="define" id="config_define_8h_1a4e49face896c52c0f543cd14338d503d" prot="public" static="no">
        <name>COMPUTED_PI_OUT_SIZE</name>
        <initializer>((<ref refid="config_define_8h_1ab5cbebecab98e4234ae1b2e5ff94ccbc" kindref="member">SIZE_OUT</ref> + 1) * 2)</initializer>
        <briefdescription>
<para>Total size in bytes for every RPDOs (int16_t is 2 bytes) </para>
        </briefdescription>
        <detaileddescription>
        </detaileddescription>
        <inbodydescription>
        </inbodydescription>
        <location file="C:/Users/Squaria/Documents/openPOWERLINK_V2_CAC/apps/OBC_MN/include/configDefine.h" line="66" column="9" bodyfile="C:/Users/Squaria/Documents/openPOWERLINK_V2_CAC/apps/OBC_MN/include/configDefine.h" bodystart="66" bodyend="-1"/>
      </memberdef>
      <memberdef kind="define" id="config_define_8h_1a14557d5857db9a5a599b852033ce8de5" prot="public" static="no">
        <name>COMPUTED_PI_IN_SIZE</name>
        <initializer>((<ref refid="config_define_8h_1ac072f7043a3fb31b4fc2d1bcb687c157" kindref="member">SIZE_IN</ref> + 1) * 2)</initializer>
        <briefdescription>
<para>Total size in bytes for every TPDOs (int16_t is 2 bytes) </para>
        </briefdescription>
        <detaileddescription>
        </detaileddescription>
        <inbodydescription>
        </inbodydescription>
        <location file="C:/Users/Squaria/Documents/openPOWERLINK_V2_CAC/apps/OBC_MN/include/configDefine.h" line="70" column="9" bodyfile="C:/Users/Squaria/Documents/openPOWERLINK_V2_CAC/apps/OBC_MN/include/configDefine.h" bodystart="70" bodyend="-1"/>
      </memberdef>
      <memberdef kind="define" id="config_define_8h_1a9eb6992d76f02128388ae95c0415604a" prot="public" static="no">
        <name>MAX_PATH_LENGTH</name>
        <initializer>1024</initializer>
        <briefdescription>
<para>maximum path length for a general state CSV file </para>
        </briefdescription>
        <detaileddescription>
        </detaileddescription>
        <inbodydescription>
        </inbodydescription>
        <location file="C:/Users/Squaria/Documents/openPOWERLINK_V2_CAC/apps/OBC_MN/include/configDefine.h" line="76" column="9" bodyfile="C:/Users/Squaria/Documents/openPOWERLINK_V2_CAC/apps/OBC_MN/include/configDefine.h" bodystart="76" bodyend="-1"/>
      </memberdef>
      <memberdef kind="define" id="config_define_8h_1a706068f562dd5c64a8b7bbd4b2298dd1" prot="public" static="no">
        <name>MAX_LINE_SIZE</name>
        <initializer>2832</initializer>
        <briefdescription>
<para>maximum line size for every common CSV file </para>
        </briefdescription>
        <detaileddescription>
        </detaileddescription>
        <inbodydescription>
        </inbodydescription>
        <location file="C:/Users/Squaria/Documents/openPOWERLINK_V2_CAC/apps/OBC_MN/include/configDefine.h" line="80" column="9" bodyfile="C:/Users/Squaria/Documents/openPOWERLINK_V2_CAC/apps/OBC_MN/include/configDefine.h" bodystart="80" bodyend="-1"/>
      </memberdef>
      <memberdef kind="define" id="config_define_8h_1af03b9ef4da5daeff7665f07931101fdb" prot="public" static="no">
        <name>COMMON_PHYSICAL_CONFIG_DIRECTORY</name>
        <initializer>&quot;../../../common/commonCSVFiles/activation.csv&quot;</initializer>
        <briefdescription>
<para>maximum line size for every physical CSV file </para>
        </briefdescription>
        <detaileddescription>
<para>relative directory and file location used by the program </para>
        </detaileddescription>
        <inbodydescription>
        </inbodydescription>
        <location file="C:/Users/Squaria/Documents/openPOWERLINK_V2_CAC/apps/OBC_MN/include/configDefine.h" line="94" column="10" bodyfile="C:/Users/Squaria/Documents/openPOWERLINK_V2_CAC/apps/OBC_MN/include/configDefine.h" bodystart="94" bodyend="-1"/>
      </memberdef>
      <memberdef kind="define" id="config_define_8h_1a4714f9212329c04dc628e204388611a1" prot="public" static="no">
        <name>EG_ETAT_DIRECTORY</name>
        <initializer>&quot;../../../common/commonCSVFiles/liaisonEGEtat.csv&quot;</initializer>
        <briefdescription>
        </briefdescription>
        <detaileddescription>
        </detaileddescription>
        <inbodydescription>
        </inbodydescription>
        <location file="C:/Users/Squaria/Documents/openPOWERLINK_V2_CAC/apps/OBC_MN/include/configDefine.h" line="95" column="9" bodyfile="C:/Users/Squaria/Documents/openPOWERLINK_V2_CAC/apps/OBC_MN/include/configDefine.h" bodystart="95" bodyend="-1"/>
      </memberdef>
      <memberdef kind="define" id="config_define_8h_1aeead33868b09a953457fd5235525bd39" prot="public" static="no">
        <name>TELEMFILES_DIRECTORY</name>
        <initializer>&quot;../../include/telemFiles&quot;</initializer>
        <briefdescription>
        </briefdescription>
        <detaileddescription>
        </detaileddescription>
        <inbodydescription>
        </inbodydescription>
        <location file="C:/Users/Squaria/Documents/openPOWERLINK_V2_CAC/apps/OBC_MN/include/configDefine.h" line="97" column="9" bodyfile="C:/Users/Squaria/Documents/openPOWERLINK_V2_CAC/apps/OBC_MN/include/configDefine.h" bodystart="97" bodyend="-1"/>
      </memberdef>
      <memberdef kind="define" id="config_define_8h_1a33e0ce62bb48bae39a3086aa66f18abf" prot="public" static="no">
        <name>EVENTLOG_MAX_LENGTH</name>
        <initializer>1024</initializer>
        <briefdescription>
<para>maximum length of telemetry status or error message </para>
        </briefdescription>
        <detaileddescription>
        </detaileddescription>
        <inbodydescription>
        </inbodydescription>
        <location file="C:/Users/Squaria/Documents/openPOWERLINK_V2_CAC/apps/OBC_MN/include/configDefine.h" line="104" column="9" bodyfile="C:/Users/Squaria/Documents/openPOWERLINK_V2_CAC/apps/OBC_MN/include/configDefine.h" bodystart="104" bodyend="-1"/>
      </memberdef>
      <memberdef kind="define" id="config_define_8h_1a2c15aa6025df557ee17f49ec0de3ca3e" prot="public" static="no">
        <name>DELAYMSINIT</name>
        <initializer>2000</initializer>
        <briefdescription>
<para>delay in milliseconds at the end of the initialisation state to wait for the CN to connect to the MN. </para>
        </briefdescription>
        <detaileddescription>
        </detaileddescription>
        <inbodydescription>
        </inbodydescription>
        <location file="C:/Users/Squaria/Documents/openPOWERLINK_V2_CAC/apps/OBC_MN/include/configDefine.h" line="111" column="9" bodyfile="C:/Users/Squaria/Documents/openPOWERLINK_V2_CAC/apps/OBC_MN/include/configDefine.h" bodystart="111" bodyend="-1"/>
      </memberdef>
      <memberdef kind="define" id="config_define_8h_1a0cb3b08249c5a31d756d998565ed6a35" prot="public" static="no">
        <name>DELAYMSCONTROL</name>
        <initializer>1</initializer>
        <briefdescription>
<para>delay in milliseconds at the end of the controlAndAcquisition state to avoid dropping the connexion between the CN and the MN. </para>
        </briefdescription>
        <detaileddescription>
        </detaileddescription>
        <inbodydescription>
        </inbodydescription>
        <location file="C:/Users/Squaria/Documents/openPOWERLINK_V2_CAC/apps/OBC_MN/include/configDefine.h" line="116" column="9" bodyfile="C:/Users/Squaria/Documents/openPOWERLINK_V2_CAC/apps/OBC_MN/include/configDefine.h" bodystart="116" bodyend="-1"/>
      </memberdef>
    </sectiondef>
    <briefdescription>
<para>header file that contains all the program defines </para>
    </briefdescription>
    <detaileddescription>
<para><simplesect kind="author"><para>Mael Parot </para>
</simplesect>
<simplesect kind="version"><para>1.2 </para>
</simplesect>
<simplesect kind="date"><para>11/04/2024</para>
</simplesect>
Contains all of the program defines from each module. The defines are set at compile time so they can&apos;t be changed at runtime. </para>
    </detaileddescription>
    <programlisting>
<codeline lineno="1"></codeline>
<codeline lineno="13"><highlight class="normal"></highlight><highlight class="preprocessor">#ifndef<sp/>CONFIGOPL_H</highlight><highlight class="normal"></highlight></codeline>
<codeline lineno="14"><highlight class="normal"></highlight><highlight class="preprocessor">#define<sp/>CONFIGOPL_H</highlight><highlight class="normal"></highlight></codeline>
<codeline lineno="15"><highlight class="normal"></highlight></codeline>
<codeline lineno="16"><highlight class="normal"></highlight><highlight class="preprocessor">#include<sp/>&quot;<ref refid="nb_nodes_8h" kindref="compound">nbNodes.h</ref>&quot;</highlight><highlight class="normal"></highlight></codeline>
<codeline lineno="17"><highlight class="normal"></highlight></codeline>
<codeline lineno="18"><highlight class="normal"></highlight><highlight class="comment">//<sp/>OPL</highlight></codeline>
<codeline lineno="23" refid="config_define_8h_1ac9ac8ba41c4385306791b6640b1d51dc" refkind="member"><highlight class="preprocessor">#define<sp/>CYCLE_LEN<sp/><sp/><sp/><sp/><sp/><sp/><sp/><sp/><sp/><sp/><sp/>UINT_MAX</highlight></codeline>
<codeline lineno="27" refid="config_define_8h_1a2f7945514ea8b2c7145cf68d47c96a08" refkind="member"><highlight class="normal"></highlight><highlight class="preprocessor">#define<sp/>NODEID<sp/><sp/><sp/><sp/><sp/><sp/><sp/><sp/><sp/><sp/><sp/><sp/><sp/><sp/>0xF0<sp/><sp/><sp/><sp/><sp/><sp/><sp/><sp/><sp/><sp/><sp/><sp/><sp/><sp/><sp/><sp/></highlight><highlight class="comment">//=&gt;<sp/>MN</highlight></codeline>
<codeline lineno="31" refid="config_define_8h_1a14b0a7da8cf3edbfec9630c2ec290148" refkind="member"><highlight class="normal">#define<sp/>IP_ADDR<sp/><sp/><sp/><sp/><sp/><sp/><sp/><sp/><sp/><sp/><sp/><sp/><sp/>0xc0a801F0<sp/><sp/><sp/><sp/><sp/><sp/><sp/><sp/><sp/><sp/></highlight><highlight class="comment">//<sp/>192.168.100.1</highlight></codeline>
<codeline lineno="35" refid="config_define_8h_1a2277cfa773d618a987524fc0590fe253" refkind="member"><highlight class="normal">#define<sp/>SUBNET_MASK<sp/><sp/><sp/><sp/><sp/><sp/><sp/><sp/><sp/>0xFFFFFF00<sp/><sp/><sp/><sp/><sp/><sp/><sp/><sp/><sp/><sp/></highlight><highlight class="comment">//<sp/>255.255.255.0</highlight></codeline>
<codeline lineno="39" refid="config_define_8h_1ab0092e2619bef8d5375800f507d3080c" refkind="member"><highlight class="normal">#define<sp/>DEFAULT_GATEWAY<sp/><sp/><sp/><sp/><sp/>0xC0A864FE<sp/><sp/><sp/><sp/><sp/><sp/><sp/><sp/><sp/><sp/></highlight><highlight class="comment">//<sp/>192.168.100.C_ADR_RT1_DEF_NODE_ID</highlight></codeline>
<codeline lineno="43" refid="config_define_8h_1abd2aacdca9cb2a1a30f3392256b96ea3" refkind="member"><highlight class="normal">#define<sp/>MAX_NODES<sp/><sp/><sp/><sp/><sp/><sp/><sp/><sp/><sp/><sp/><sp/><sp/><sp/><sp/><sp/>255</highlight></codeline>
<codeline lineno="47" refid="config_define_8h_1a563cad7e347a704508920c0c59f74808" refkind="member"><highlight class="normal"></highlight><highlight class="preprocessor">#define<sp/>DEVNAME<sp/><sp/><sp/><sp/><sp/><sp/><sp/><sp/><sp/><sp/><sp/><sp/><sp/><sp/><sp/><sp/><sp/>&quot;eth0&quot;</highlight></codeline>
<codeline lineno="52" refid="config_define_8h_1aa8a09c72ec4b0fb08add063f03dec883" refkind="member"><highlight class="normal"></highlight><highlight class="preprocessor">#define<sp/>CDCFILE<sp/><sp/><sp/><sp/><sp/><sp/><sp/><sp/><sp/><sp/><sp/><sp/><sp/><sp/><sp/><sp/><sp/>&quot;mnobd.cdc&quot;</highlight><highlight class="normal"></highlight></codeline>
<codeline lineno="53"><highlight class="normal"></highlight></codeline>
<codeline lineno="54"><highlight class="normal"></highlight><highlight class="comment">//<sp/>xapOpl</highlight></codeline>
<codeline lineno="58" refid="config_define_8h_1ab5cbebecab98e4234ae1b2e5ff94ccbc" refkind="member"><highlight class="preprocessor">#define<sp/>SIZE_OUT<sp/><sp/><sp/><sp/>(NB_NODES<sp/>*<sp/>25)</highlight></codeline>
<codeline lineno="62" refid="config_define_8h_1ac072f7043a3fb31b4fc2d1bcb687c157" refkind="member"><highlight class="normal"></highlight><highlight class="preprocessor">#define<sp/>SIZE_IN<sp/><sp/><sp/><sp/><sp/>(NB_NODES<sp/>*<sp/>13)</highlight></codeline>
<codeline lineno="66" refid="config_define_8h_1a4e49face896c52c0f543cd14338d503d" refkind="member"><highlight class="normal"></highlight><highlight class="preprocessor">#define<sp/>COMPUTED_PI_OUT_SIZE<sp/><sp/><sp/>((SIZE_OUT<sp/>+<sp/>1)<sp/>*<sp/>2)</highlight></codeline>
<codeline lineno="70" refid="config_define_8h_1a14557d5857db9a5a599b852033ce8de5" refkind="member"><highlight class="normal"></highlight><highlight class="preprocessor">#define<sp/>COMPUTED_PI_IN_SIZE<sp/><sp/><sp/><sp/>((SIZE_IN<sp/>+<sp/>1)<sp/>*<sp/>2)</highlight><highlight class="normal"></highlight></codeline>
<codeline lineno="71"><highlight class="normal"></highlight></codeline>
<codeline lineno="72"><highlight class="normal"></highlight><highlight class="comment">//<sp/>CSV</highlight></codeline>
<codeline lineno="76" refid="config_define_8h_1a9eb6992d76f02128388ae95c0415604a" refkind="member"><highlight class="preprocessor">#define<sp/>MAX_PATH_LENGTH<sp/>1024</highlight></codeline>
<codeline lineno="80" refid="config_define_8h_1a706068f562dd5c64a8b7bbd4b2298dd1" refkind="member"><highlight class="normal"></highlight><highlight class="preprocessor">#define<sp/>MAX_LINE_SIZE<sp/>2832</highlight></codeline>
<codeline lineno="88"><highlight class="normal"></highlight><highlight class="preprocessor">#ifdef<sp/>_WIN32</highlight><highlight class="normal"></highlight></codeline>
<codeline lineno="89"><highlight class="normal"></highlight><highlight class="preprocessor">#define<sp/>COMMON_PHYSICAL_CONFIG_DIRECTORY<sp/>&quot;..\\..\\..\\..\\common\\commonCSVFiles\\activation.csv&quot;</highlight><highlight class="normal"></highlight></codeline>
<codeline lineno="90"><highlight class="normal"></highlight><highlight class="preprocessor">#define<sp/>EG_ETAT_DIRECTORY<sp/>&quot;..\\..\\..\\..\\common\\commonCSVFiles\\liaisonEGEtat.csv&quot;</highlight><highlight class="normal"></highlight></codeline>
<codeline lineno="91"><highlight class="normal"></highlight><highlight class="comment">//<sp/>TelemFiles</highlight><highlight class="normal"></highlight></codeline>
<codeline lineno="92"><highlight class="normal"></highlight><highlight class="preprocessor">#define<sp/>TELEMFILES_DIRECTORY<sp/>&quot;..\\..\\..\\include\\telemFiles\\&quot;</highlight><highlight class="normal"></highlight></codeline>
<codeline lineno="93"><highlight class="normal"></highlight><highlight class="preprocessor">#else</highlight><highlight class="normal"></highlight></codeline>
<codeline lineno="94" refid="config_define_8h_1af03b9ef4da5daeff7665f07931101fdb" refkind="member"><highlight class="normal"></highlight><highlight class="preprocessor">#define<sp/>COMMON_PHYSICAL_CONFIG_DIRECTORY<sp/>&quot;../../../common/commonCSVFiles/activation.csv&quot;</highlight><highlight class="normal"></highlight></codeline>
<codeline lineno="95" refid="config_define_8h_1a4714f9212329c04dc628e204388611a1" refkind="member"><highlight class="normal"></highlight><highlight class="preprocessor">#define<sp/>EG_ETAT_DIRECTORY<sp/>&quot;../../../common/commonCSVFiles/liaisonEGEtat.csv&quot;</highlight><highlight class="normal"></highlight></codeline>
<codeline lineno="96"><highlight class="normal"></highlight><highlight class="comment">//<sp/>TelemFiles</highlight><highlight class="normal"></highlight></codeline>
<codeline lineno="97" refid="config_define_8h_1aeead33868b09a953457fd5235525bd39" refkind="member"><highlight class="normal"></highlight><highlight class="preprocessor">#define<sp/>TELEMFILES_DIRECTORY<sp/>&quot;../../include/telemFiles&quot;</highlight><highlight class="normal"></highlight></codeline>
<codeline lineno="98"><highlight class="normal"></highlight><highlight class="preprocessor">#endif</highlight><highlight class="normal"></highlight></codeline>
<codeline lineno="99"><highlight class="normal"></highlight></codeline>
<codeline lineno="100"><highlight class="normal"></highlight><highlight class="comment">//<sp/>TelemFiles</highlight></codeline>
<codeline lineno="104" refid="config_define_8h_1a33e0ce62bb48bae39a3086aa66f18abf" refkind="member"><highlight class="preprocessor">#define<sp/>EVENTLOG_MAX_LENGTH<sp/>1024</highlight><highlight class="normal"></highlight></codeline>
<codeline lineno="105"><highlight class="normal"></highlight></codeline>
<codeline lineno="106"><highlight class="normal"></highlight><highlight class="comment">//<sp/>Main</highlight></codeline>
<codeline lineno="111" refid="config_define_8h_1a2c15aa6025df557ee17f49ec0de3ca3e" refkind="member"><highlight class="preprocessor">#define<sp/>DELAYMSINIT<sp/>2000</highlight></codeline>
<codeline lineno="116" refid="config_define_8h_1a0cb3b08249c5a31d756d998565ed6a35" refkind="member"><highlight class="normal"></highlight><highlight class="preprocessor">#define<sp/>DELAYMSCONTROL<sp/>1</highlight><highlight class="normal"></highlight></codeline>
<codeline lineno="117"><highlight class="normal"></highlight></codeline>
<codeline lineno="118"><highlight class="normal"></highlight><highlight class="preprocessor">#endif</highlight></codeline>
    </programlisting>
    <location file="C:/Users/Squaria/Documents/openPOWERLINK_V2_CAC/apps/OBC_MN/include/configDefine.h"/>
  </compounddef>
</doxygen>
