<?xml version='1.0' encoding='UTF-8' standalone='no'?>
<doxygen xmlns:xsi="http://www.w3.org/2001/XMLSchema-instance" xsi:noNamespaceSchemaLocation="compound.xsd" version="1.10.0" xml:lang="en-US">
  <compounddef id="csv_8h" kind="file" language="C++">
    <compoundname>csv.h</compoundname>
    <includes local="no">stdio.h</includes>
    <includes local="no">stdlib.h</includes>
    <includes local="no">stdint.h</includes>
    <includes local="no">string</includes>
    <includes local="no">ctype.h</includes>
    <includes refid="config_define_8h" local="yes">configDefine.h</includes>
    <includes refid="status_error_define_8h" local="yes">statusErrorDefine.h</includes>
    <includes refid="opl_8h" local="yes">opl.h</includes>
    <includedby refid="opl_8h" local="yes">C:/Users/Squaria/Documents/openPOWERLINK_V2_CAC/apps/OBC_MN/include/opl.h</includedby>
    <includedby refid="csv_8cpp" local="yes">C:/Users/Squaria/Documents/openPOWERLINK_V2_CAC/apps/OBC_MN/src/csv.cpp</includedby>
    <includedby refid="main_8cpp" local="yes">C:/Users/Squaria/Documents/openPOWERLINK_V2_CAC/apps/OBC_MN/src/main.cpp</includedby>
    <incdepgraph>
      <node id="7">
        <label>configDefine.h</label>
        <link refid="config_define_8h"/>
        <childnode refid="8" relation="include">
        </childnode>
      </node>
      <node id="1">
        <label>C:/Users/Squaria/Documents/openPOWERLINK_V2_CAC/apps/OBC_MN/include/csv.h</label>
        <link refid="csv_8h"/>
        <childnode refid="2" relation="include">
        </childnode>
        <childnode refid="3" relation="include">
        </childnode>
        <childnode refid="4" relation="include">
        </childnode>
        <childnode refid="5" relation="include">
        </childnode>
        <childnode refid="6" relation="include">
        </childnode>
        <childnode refid="7" relation="include">
        </childnode>
        <childnode refid="9" relation="include">
        </childnode>
        <childnode refid="10" relation="include">
        </childnode>
      </node>
      <node id="12">
        <label>eventOpl.h</label>
        <link refid="event_opl_8h"/>
        <childnode refid="13" relation="include">
        </childnode>
        <childnode refid="14" relation="include">
        </childnode>
        <childnode refid="15" relation="include">
        </childnode>
        <childnode refid="16" relation="include">
        </childnode>
        <childnode refid="2" relation="include">
        </childnode>
      </node>
      <node id="8">
        <label>nbNodes.h</label>
        <link refid="nb_nodes_8h"/>
      </node>
      <node id="10">
        <label>opl.h</label>
        <link refid="opl_8h"/>
        <childnode refid="11" relation="include">
        </childnode>
        <childnode refid="12" relation="include">
        </childnode>
        <childnode refid="7" relation="include">
        </childnode>
        <childnode refid="9" relation="include">
        </childnode>
        <childnode refid="1" relation="include">
        </childnode>
        <childnode refid="13" relation="include">
        </childnode>
        <childnode refid="14" relation="include">
        </childnode>
        <childnode refid="17" relation="include">
        </childnode>
        <childnode refid="4" relation="include">
        </childnode>
        <childnode refid="18" relation="include">
        </childnode>
        <childnode refid="19" relation="include">
        </childnode>
        <childnode refid="20" relation="include">
        </childnode>
        <childnode refid="21" relation="include">
        </childnode>
        <childnode refid="15" relation="include">
        </childnode>
        <childnode refid="16" relation="include">
        </childnode>
        <childnode refid="22" relation="include">
        </childnode>
        <childnode refid="23" relation="include">
        </childnode>
        <childnode refid="2" relation="include">
        </childnode>
        <childnode refid="24" relation="include">
        </childnode>
        <childnode refid="25" relation="include">
        </childnode>
      </node>
      <node id="9">
        <label>statusErrorDefine.h</label>
        <link refid="status_error_define_8h"/>
      </node>
      <node id="11">
        <label>xapOpl.h</label>
        <link refid="xap_opl_8h"/>
        <childnode refid="4" relation="include">
        </childnode>
        <childnode refid="7" relation="include">
        </childnode>
      </node>
      <node id="15">
        <label>console/console.h</label>
      </node>
      <node id="6">
        <label>ctype.h</label>
      </node>
      <node id="16">
        <label>eventlog/eventlog.h</label>
      </node>
      <node id="22">
        <label>firmwaremanager/firmwaremanager.h</label>
      </node>
      <node id="21">
        <label>getopt/getopt.h</label>
      </node>
      <node id="24">
        <label>limits.h</label>
      </node>
      <node id="23">
        <label>netselect/netselect.h</label>
      </node>
      <node id="20">
        <label>obdcreate/obdcreate.h</label>
      </node>
      <node id="17">
        <label>obdpi.h</label>
      </node>
      <node id="14">
        <label>oplk/debugstr.h</label>
      </node>
      <node id="13">
        <label>oplk/oplk.h</label>
      </node>
      <node id="18">
        <label>stdbool.h</label>
      </node>
      <node id="4">
        <label>stdint.h</label>
      </node>
      <node id="2">
        <label>stdio.h</label>
      </node>
      <node id="3">
        <label>stdlib.h</label>
      </node>
      <node id="5">
        <label>string</label>
      </node>
      <node id="25">
        <label>string.h</label>
      </node>
      <node id="19">
        <label>system/system.h</label>
      </node>
    </incdepgraph>
    <invincdepgraph>
      <node id="1">
        <label>C:/Users/Squaria/Documents/openPOWERLINK_V2_CAC/apps/OBC_MN/include/csv.h</label>
        <link refid="csv_8h"/>
        <childnode refid="2" relation="include">
        </childnode>
        <childnode refid="5" relation="include">
        </childnode>
        <childnode refid="3" relation="include">
        </childnode>
      </node>
      <node id="2">
        <label>C:/Users/Squaria/Documents/openPOWERLINK_V2_CAC/apps/OBC_MN/include/opl.h</label>
        <link refid="opl_8h"/>
        <childnode refid="1" relation="include">
        </childnode>
        <childnode refid="3" relation="include">
        </childnode>
        <childnode refid="4" relation="include">
        </childnode>
      </node>
      <node id="5">
        <label>C:/Users/Squaria/Documents/openPOWERLINK_V2_CAC/apps/OBC_MN/src/csv.cpp</label>
        <link refid="csv_8cpp"/>
      </node>
      <node id="3">
        <label>C:/Users/Squaria/Documents/openPOWERLINK_V2_CAC/apps/OBC_MN/src/main.cpp</label>
        <link refid="main_8cpp"/>
      </node>
      <node id="4">
        <label>C:/Users/Squaria/Documents/openPOWERLINK_V2_CAC/apps/OBC_MN/src/opl.cpp</label>
        <link refid="opl_8cpp"/>
      </node>
    </invincdepgraph>
    <innerclass refid="struct_ligne_activation" prot="public">LigneActivation</innerclass>
    <innerclass refid="struct_ligne_e_g" prot="public">LigneEG</innerclass>
    <sectiondef kind="var">
      <memberdef kind="variable" id="csv_8h_1a6d01cb64bb5d3e9ccda826e7b892ae18" prot="public" static="no" extern="yes" mutable="no">
        <type>struct <ref refid="struct_ligne_activation" kindref="compound">LigneActivation</ref> *</type>
        <definition>struct LigneActivation* dataActivation</definition>
        <argsstring></argsstring>
        <name>dataActivation</name>
        <briefdescription>
        </briefdescription>
        <detaileddescription>
        </detaileddescription>
        <inbodydescription>
        </inbodydescription>
        <location file="C:/Users/Squaria/Documents/openPOWERLINK_V2_CAC/apps/OBC_MN/include/csv.h" line="70" column="30" bodyfile="C:/Users/Squaria/Documents/openPOWERLINK_V2_CAC/apps/OBC_MN/src/csv.cpp" bodystart="19" bodyend="-1" declfile="C:/Users/Squaria/Documents/openPOWERLINK_V2_CAC/apps/OBC_MN/include/csv.h" declline="70" declcolumn="30"/>
      </memberdef>
      <memberdef kind="variable" id="csv_8h_1ac119725e56f891ac0af277ad61a9eaf4" prot="public" static="no" extern="yes" mutable="no">
        <type>struct <ref refid="struct_ligne_e_g" kindref="compound">LigneEG</ref> *</type>
        <definition>struct LigneEG* dataEG</definition>
        <argsstring></argsstring>
        <name>dataEG</name>
        <briefdescription>
        </briefdescription>
        <detaileddescription>
        </detaileddescription>
        <inbodydescription>
        </inbodydescription>
        <location file="C:/Users/Squaria/Documents/openPOWERLINK_V2_CAC/apps/OBC_MN/include/csv.h" line="71" column="22" bodyfile="C:/Users/Squaria/Documents/openPOWERLINK_V2_CAC/apps/OBC_MN/src/csv.cpp" bodystart="27" bodyend="-1" declfile="C:/Users/Squaria/Documents/openPOWERLINK_V2_CAC/apps/OBC_MN/include/csv.h" declline="71" declcolumn="22"/>
      </memberdef>
    </sectiondef>
    <sectiondef kind="func">
      <memberdef kind="function" id="csv_8h_1a57ce52f959b46f63b41ea53578833174" prot="public" static="no" const="no" explicit="no" inline="no" virt="non-virtual">
        <type><ref refid="status_error_define_8h_1adf0c44f8de9b8e78b0e56caacfa1ac94" kindref="member">statusErrDef</ref></type>
        <definition>statusErrDef initCSV</definition>
        <argsstring>()</argsstring>
        <name>initCSV</name>
        <briefdescription>
<para>function to initialize the struct containing the values and read the the activation CSV file. </para>
        </briefdescription>
        <detaileddescription>
<para><simplesect kind="return"><para>statusErrDef that values errAllocDataPhysValves, errAllocDataPhysSensors, errAllocDataActivation in case of a malloc allocation error or noError when the function exits successfully. </para>
</simplesect>
</para>
        </detaileddescription>
        <inbodydescription>
        </inbodydescription>
        <location file="C:/Users/Squaria/Documents/openPOWERLINK_V2_CAC/apps/OBC_MN/include/csv.h" line="58" column="14" bodyfile="C:/Users/Squaria/Documents/openPOWERLINK_V2_CAC/apps/OBC_MN/src/csv.cpp" bodystart="37" bodyend="71" declfile="C:/Users/Squaria/Documents/openPOWERLINK_V2_CAC/apps/OBC_MN/include/csv.h" declline="58" declcolumn="14"/>
        <references refid="config_define_8h_1af03b9ef4da5daeff7665f07931101fdb" compoundref="config_define_8h" startline="94">COMMON_PHYSICAL_CONFIG_DIRECTORY</references>
        <references refid="config_define_8h_1a4714f9212329c04dc628e204388611a1" compoundref="config_define_8h" startline="95">EG_ETAT_DIRECTORY</references>
        <references refid="status_error_define_8h_1adf0c44f8de9b8e78b0e56caacfa1ac94aa748b576dd63269692bf94745ebde592" compoundref="status_error_define_8h" startline="66">errAllocDataActivation</references>
        <references refid="status_error_define_8h_1adf0c44f8de9b8e78b0e56caacfa1ac94a7f5fa8b07e851d30728b48a6706f3406" compoundref="status_error_define_8h" startline="62">errAllocDataEG</references>
        <references refid="csv_8cpp_1a2e7bd32b81cf14bdd3867119fe4c75c2" compoundref="csv_8cpp" startline="96" endline="116">lireFichierActivation</references>
        <references refid="csv_8cpp_1a6c7104900937bff943d7f36f4f9cb7f0" compoundref="csv_8cpp" startline="127" endline="148">lireFichierEG</references>
        <references refid="status_error_define_8h_1adf0c44f8de9b8e78b0e56caacfa1ac94ab22416d928134d1c6c7b2e8d2c31f20b" compoundref="status_error_define_8h" startline="22">noError</references>
        <referencedby refid="main_8cpp_1ae66f6b31b5ad750f1fe042a706a4e3d4" compoundref="main_8cpp" startline="25" endline="161">main</referencedby>
      </memberdef>
      <memberdef kind="function" id="csv_8h_1a39604608c86deb3e5925261c5a9413ca" prot="public" static="no" const="no" explicit="no" inline="no" virt="non-virtual">
        <type><ref refid="status_error_define_8h_1adf0c44f8de9b8e78b0e56caacfa1ac94" kindref="member">statusErrDef</ref></type>
        <definition>statusErrDef extinctCSV</definition>
        <argsstring>()</argsstring>
        <name>extinctCSV</name>
        <briefdescription>
<para>function to free the 5 structs </para>
        </briefdescription>
        <detaileddescription>
<para><simplesect kind="return"><para>statusErrDef noError when the function exits successfully. </para>
</simplesect>
</para>
        </detaileddescription>
        <inbodydescription>
        </inbodydescription>
        <location file="C:/Users/Squaria/Documents/openPOWERLINK_V2_CAC/apps/OBC_MN/include/csv.h" line="59" column="14" bodyfile="C:/Users/Squaria/Documents/openPOWERLINK_V2_CAC/apps/OBC_MN/src/csv.cpp" bodystart="79" bodyend="85" declfile="C:/Users/Squaria/Documents/openPOWERLINK_V2_CAC/apps/OBC_MN/include/csv.h" declline="59" declcolumn="14"/>
        <references refid="status_error_define_8h_1adf0c44f8de9b8e78b0e56caacfa1ac94ab22416d928134d1c6c7b2e8d2c31f20b" compoundref="status_error_define_8h" startline="22">noError</references>
        <referencedby refid="main_8cpp_1ae66f6b31b5ad750f1fe042a706a4e3d4" compoundref="main_8cpp" startline="25" endline="161">main</referencedby>
      </memberdef>
      <memberdef kind="function" id="csv_8h_1a2e7bd32b81cf14bdd3867119fe4c75c2" prot="public" static="no" const="no" explicit="no" inline="no" virt="non-virtual">
        <type><ref refid="status_error_define_8h_1adf0c44f8de9b8e78b0e56caacfa1ac94" kindref="member">statusErrDef</ref></type>
        <definition>statusErrDef lireFichierActivation</definition>
        <argsstring>(const char *fileName)</argsstring>
        <name>lireFichierActivation</name>
        <param>
          <type>const char *</type>
          <declname>fileName</declname>
        </param>
        <briefdescription>
<para>function to read &quot;activation.csv&quot; until the end of the file. </para>
        </briefdescription>
        <detaileddescription>
<para><parameterlist kind="param"><parameteritem>
<parameternamelist>
<parametername>fileName</parametername>
</parameternamelist>
<parameterdescription>
<para>location and name of the CSV file to read </para>
</parameterdescription>
</parameteritem>
</parameterlist>
<simplesect kind="return"><para>statusErrDef errOpenPhysSensorsFile when the file fails to open, noError when the function exits successfully. </para>
</simplesect>
</para>
        </detaileddescription>
        <inbodydescription>
        </inbodydescription>
        <location file="C:/Users/Squaria/Documents/openPOWERLINK_V2_CAC/apps/OBC_MN/include/csv.h" line="61" column="14" bodyfile="C:/Users/Squaria/Documents/openPOWERLINK_V2_CAC/apps/OBC_MN/src/csv.cpp" bodystart="96" bodyend="116" declfile="C:/Users/Squaria/Documents/openPOWERLINK_V2_CAC/apps/OBC_MN/include/csv.h" declline="61" declcolumn="14"/>
        <references refid="status_error_define_8h_1adf0c44f8de9b8e78b0e56caacfa1ac94aa8dbde321e31e69aeaa49dc7f37bbc16" compoundref="status_error_define_8h" startline="72">errOpenActivationFile</references>
        <references refid="config_define_8h_1a706068f562dd5c64a8b7bbd4b2298dd1" compoundref="config_define_8h" startline="80">MAX_LINE_SIZE</references>
        <references refid="status_error_define_8h_1adf0c44f8de9b8e78b0e56caacfa1ac94ab22416d928134d1c6c7b2e8d2c31f20b" compoundref="status_error_define_8h" startline="22">noError</references>
        <references refid="csv_8cpp_1ab2ab3ac11ce7f23bde4ddf923050b533" compoundref="csv_8cpp" startline="156" endline="168">remplirStructureCommon</references>
        <referencedby refid="csv_8cpp_1a57ce52f959b46f63b41ea53578833174" compoundref="csv_8cpp" startline="37" endline="71">initCSV</referencedby>
      </memberdef>
      <memberdef kind="function" id="csv_8h_1a6c7104900937bff943d7f36f4f9cb7f0" prot="public" static="no" const="no" explicit="no" inline="no" virt="non-virtual">
        <type><ref refid="status_error_define_8h_1adf0c44f8de9b8e78b0e56caacfa1ac94" kindref="member">statusErrDef</ref></type>
        <definition>statusErrDef lireFichierEG</definition>
        <argsstring>(const char *fileName)</argsstring>
        <name>lireFichierEG</name>
        <param>
          <type>const char *</type>
          <declname>fileName</declname>
        </param>
        <briefdescription>
<para>function to read &quot;liaisonEGEtat.csv&quot; until the end of the file. </para>
        </briefdescription>
        <detaileddescription>
<para><parameterlist kind="param"><parameteritem>
<parameternamelist>
<parametername>fileName</parametername>
</parameternamelist>
<parameterdescription>
<para>location and name of the CSV file to read </para>
</parameterdescription>
</parameteritem>
</parameterlist>
<simplesect kind="return"><para>statusErrDef errOpenEGFile when the file fails to open, noError when the function exits successfully. </para>
</simplesect>
</para>
        </detaileddescription>
        <inbodydescription>
        </inbodydescription>
        <location file="C:/Users/Squaria/Documents/openPOWERLINK_V2_CAC/apps/OBC_MN/include/csv.h" line="62" column="14" bodyfile="C:/Users/Squaria/Documents/openPOWERLINK_V2_CAC/apps/OBC_MN/src/csv.cpp" bodystart="127" bodyend="148" declfile="C:/Users/Squaria/Documents/openPOWERLINK_V2_CAC/apps/OBC_MN/include/csv.h" declline="62" declcolumn="14"/>
        <references refid="status_error_define_8h_1adf0c44f8de9b8e78b0e56caacfa1ac94a30f34309a812bd0a316489459b8bb55d" compoundref="status_error_define_8h" startline="67">errOpenEGFile</references>
        <references refid="config_define_8h_1a706068f562dd5c64a8b7bbd4b2298dd1" compoundref="config_define_8h" startline="80">MAX_LINE_SIZE</references>
        <references refid="status_error_define_8h_1adf0c44f8de9b8e78b0e56caacfa1ac94ab22416d928134d1c6c7b2e8d2c31f20b" compoundref="status_error_define_8h" startline="22">noError</references>
        <references refid="csv_8cpp_1acbc16f61c722ba86bac4676c366b09bb" compoundref="csv_8cpp" startline="176" endline="198">remplirEG</references>
        <referencedby refid="csv_8cpp_1a57ce52f959b46f63b41ea53578833174" compoundref="csv_8cpp" startline="37" endline="71">initCSV</referencedby>
      </memberdef>
      <memberdef kind="function" id="csv_8h_1ab2ab3ac11ce7f23bde4ddf923050b533" prot="public" static="no" const="no" explicit="no" inline="no" virt="non-virtual">
        <type>void</type>
        <definition>void remplirStructureCommon</definition>
        <argsstring>(char *ligne, int id)</argsstring>
        <name>remplirStructureCommon</name>
        <param>
          <type>char *</type>
          <declname>ligne</declname>
        </param>
        <param>
          <type>int</type>
          <declname>id</declname>
        </param>
        <briefdescription>
<para>function to fill in the activation CSV structure. </para>
        </briefdescription>
        <detaileddescription>
<para><parameterlist kind="param"><parameteritem>
<parameternamelist>
<parametername>ligne</parametername>
</parameternamelist>
<parameterdescription>
<para>the CSV line to read. </para>
</parameterdescription>
</parameteritem>
<parameteritem>
<parameternamelist>
<parametername>id</parametername>
</parameternamelist>
<parameterdescription>
<para>the position of the line in the CSV file. </para>
</parameterdescription>
</parameteritem>
</parameterlist>
</para>
        </detaileddescription>
        <inbodydescription>
        </inbodydescription>
        <location file="C:/Users/Squaria/Documents/openPOWERLINK_V2_CAC/apps/OBC_MN/include/csv.h" line="63" column="6" bodyfile="C:/Users/Squaria/Documents/openPOWERLINK_V2_CAC/apps/OBC_MN/src/csv.cpp" bodystart="156" bodyend="168" declfile="C:/Users/Squaria/Documents/openPOWERLINK_V2_CAC/apps/OBC_MN/include/csv.h" declline="63" declcolumn="6"/>
        <referencedby refid="csv_8cpp_1a2e7bd32b81cf14bdd3867119fe4c75c2" compoundref="csv_8cpp" startline="96" endline="116">lireFichierActivation</referencedby>
      </memberdef>
      <memberdef kind="function" id="csv_8h_1acbc16f61c722ba86bac4676c366b09bb" prot="public" static="no" const="no" explicit="no" inline="no" virt="non-virtual">
        <type>void</type>
        <definition>void remplirEG</definition>
        <argsstring>(char *ligne, int id)</argsstring>
        <name>remplirEG</name>
        <param>
          <type>char *</type>
          <declname>ligne</declname>
        </param>
        <param>
          <type>int</type>
          <declname>id</declname>
        </param>
        <briefdescription>
<para>function to fill in the link between EG and CSV file name structure. </para>
        </briefdescription>
        <detaileddescription>
<para><parameterlist kind="param"><parameteritem>
<parameternamelist>
<parametername>ligne</parametername>
</parameternamelist>
<parameterdescription>
<para>the CSV line to read. </para>
</parameterdescription>
</parameteritem>
<parameteritem>
<parameternamelist>
<parametername>id</parametername>
</parameternamelist>
<parameterdescription>
<para>the position of the line in the CSV file. </para>
</parameterdescription>
</parameteritem>
</parameterlist>
</para>
        </detaileddescription>
        <inbodydescription>
        </inbodydescription>
        <location file="C:/Users/Squaria/Documents/openPOWERLINK_V2_CAC/apps/OBC_MN/include/csv.h" line="64" column="6" bodyfile="C:/Users/Squaria/Documents/openPOWERLINK_V2_CAC/apps/OBC_MN/src/csv.cpp" bodystart="176" bodyend="198" declfile="C:/Users/Squaria/Documents/openPOWERLINK_V2_CAC/apps/OBC_MN/include/csv.h" declline="64" declcolumn="6"/>
        <references refid="csv_8cpp_1a12cdfbd8ea531195d20d46386535a300" compoundref="csv_8cpp" startline="226" endline="238">removeCarriageReturn</references>
        <referencedby refid="csv_8cpp_1a6c7104900937bff943d7f36f4f9cb7f0" compoundref="csv_8cpp" startline="127" endline="148">lireFichierEG</referencedby>
      </memberdef>
      <memberdef kind="function" id="csv_8h_1a59b3cd375160ea778a774e62c7c64f7d" prot="public" static="no" const="no" explicit="no" inline="no" virt="non-virtual">
        <type>uint8_t</type>
        <definition>uint8_t getActivation</definition>
        <argsstring>(int ligne)</argsstring>
        <name>getActivation</name>
        <param>
          <type>int</type>
          <declname>ligne</declname>
        </param>
        <briefdescription>
<para>function getter of the activation of a sensor or a valve from &quot;activation.csv&quot; </para>
        </briefdescription>
        <detaileddescription>
<para><parameterlist kind="param"><parameteritem>
<parameternamelist>
<parametername>ligne</parametername>
</parameternamelist>
<parameterdescription>
<para>the line in the CSV file </para>
</parameterdescription>
</parameteritem>
</parameterlist>
<simplesect kind="return"><para>uint8_t the activation of a sensor or a valve (1 if activated or 0 if not) </para>
</simplesect>
</para>
        </detaileddescription>
        <inbodydescription>
        </inbodydescription>
        <location file="C:/Users/Squaria/Documents/openPOWERLINK_V2_CAC/apps/OBC_MN/include/csv.h" line="66" column="9" bodyfile="C:/Users/Squaria/Documents/openPOWERLINK_V2_CAC/apps/OBC_MN/src/csv.cpp" bodystart="206" bodyend="208" declfile="C:/Users/Squaria/Documents/openPOWERLINK_V2_CAC/apps/OBC_MN/include/csv.h" declline="66" declcolumn="9"/>
        <referencedby refid="opl_8cpp_1a49a4367dee21b29ba4289959d09bdbfc" compoundref="opl_8cpp" startline="117" endline="123">setActivated_In_MN</referencedby>
      </memberdef>
      <memberdef kind="function" id="csv_8h_1a70bcd737e5a40f36e1cccaf3a7f63379" prot="public" static="no" const="no" explicit="no" inline="no" virt="non-virtual">
        <type>int16_t</type>
        <definition>int16_t getEGcsv</definition>
        <argsstring>(int ligne)</argsstring>
        <name>getEGcsv</name>
        <param>
          <type>int</type>
          <declname>ligne</declname>
        </param>
        <briefdescription>
<para>function getter of the general state from &quot;liaisonEGEtat.csv&quot; </para>
        </briefdescription>
        <detaileddescription>
<para><parameterlist kind="param"><parameteritem>
<parameternamelist>
<parametername>ligne</parametername>
</parameternamelist>
<parameterdescription>
<para>the line in the CSV file </para>
</parameterdescription>
</parameteritem>
</parameterlist>
<simplesect kind="return"><para>uint16_t the value of the general state of a specific line </para>
</simplesect>
</para>
        </detaileddescription>
        <inbodydescription>
        </inbodydescription>
        <location file="C:/Users/Squaria/Documents/openPOWERLINK_V2_CAC/apps/OBC_MN/include/csv.h" line="67" column="9" bodyfile="C:/Users/Squaria/Documents/openPOWERLINK_V2_CAC/apps/OBC_MN/src/csv.cpp" bodystart="216" bodyend="219" declfile="C:/Users/Squaria/Documents/openPOWERLINK_V2_CAC/apps/OBC_MN/include/csv.h" declline="67" declcolumn="9"/>
        <referencedby refid="opl_8cpp_1a42ffa874fd1654b63c707c7444c5f5a7" compoundref="opl_8cpp" startline="204" endline="217">changeEG</referencedby>
      </memberdef>
      <memberdef kind="function" id="csv_8h_1a12cdfbd8ea531195d20d46386535a300" prot="public" static="no" const="no" explicit="no" inline="no" virt="non-virtual">
        <type>void</type>
        <definition>void removeCarriageReturn</definition>
        <argsstring>(char *str)</argsstring>
        <name>removeCarriageReturn</name>
        <param>
          <type>char *</type>
          <declname>str</declname>
        </param>
        <briefdescription>
<para>function that removes the carriage return from the end a line of a general state CSV file before strdup is called. </para>
        </briefdescription>
        <detaileddescription>
<para><parameterlist kind="param"><parameteritem>
<parameternamelist>
<parametername>str</parametername>
</parameternamelist>
<parameterdescription>
<para>the line in the CSV file </para>
</parameterdescription>
</parameteritem>
</parameterlist>
</para>
        </detaileddescription>
        <inbodydescription>
        </inbodydescription>
        <location file="C:/Users/Squaria/Documents/openPOWERLINK_V2_CAC/apps/OBC_MN/include/csv.h" line="68" column="6" bodyfile="C:/Users/Squaria/Documents/openPOWERLINK_V2_CAC/apps/OBC_MN/src/csv.cpp" bodystart="226" bodyend="238" declfile="C:/Users/Squaria/Documents/openPOWERLINK_V2_CAC/apps/OBC_MN/include/csv.h" declline="68" declcolumn="6"/>
        <referencedby refid="csv_8cpp_1acbc16f61c722ba86bac4676c366b09bb" compoundref="csv_8cpp" startline="176" endline="198">remplirEG</referencedby>
      </memberdef>
    </sectiondef>
    <briefdescription>
<para>header file of the CSV module that reads CSV configuration files </para>
    </briefdescription>
    <detaileddescription>
<para><simplesect kind="author"><para>Mael Parot </para>
</simplesect>
<simplesect kind="version"><para>1.2 </para>
</simplesect>
<simplesect kind="date"><para>11/04/2024</para>
</simplesect>
Contains all functions related to reading CSV files and writing the content into structures. </para>
    </detaileddescription>
    <programlisting>
<codeline lineno="1"></codeline>
<codeline lineno="12"><highlight class="normal"></highlight><highlight class="preprocessor">#ifndef<sp/>CSV_H</highlight><highlight class="normal"></highlight></codeline>
<codeline lineno="13"><highlight class="normal"></highlight><highlight class="preprocessor">#define<sp/>CSV_H</highlight><highlight class="normal"></highlight></codeline>
<codeline lineno="14"><highlight class="normal"></highlight></codeline>
<codeline lineno="15"><highlight class="normal"></highlight><highlight class="preprocessor">#include<sp/>&lt;stdio.h&gt;</highlight><highlight class="normal"></highlight></codeline>
<codeline lineno="16"><highlight class="normal"></highlight><highlight class="preprocessor">#include<sp/>&lt;stdlib.h&gt;</highlight><highlight class="normal"></highlight></codeline>
<codeline lineno="17"><highlight class="normal"></highlight><highlight class="preprocessor">#include<sp/>&lt;stdint.h&gt;</highlight><highlight class="normal"></highlight></codeline>
<codeline lineno="18"><highlight class="normal"></highlight><highlight class="preprocessor">#include<sp/>&lt;string&gt;</highlight><highlight class="normal"></highlight></codeline>
<codeline lineno="19"><highlight class="normal"></highlight><highlight class="preprocessor">#include<sp/>&lt;ctype.h&gt;</highlight><highlight class="normal"></highlight></codeline>
<codeline lineno="20"><highlight class="normal"></highlight><highlight class="preprocessor">#include<sp/>&quot;<ref refid="config_define_8h" kindref="compound">configDefine.h</ref>&quot;</highlight><highlight class="normal"></highlight></codeline>
<codeline lineno="21"><highlight class="normal"></highlight><highlight class="preprocessor">#include<sp/>&quot;<ref refid="status_error_define_8h" kindref="compound">statusErrorDefine.h</ref>&quot;</highlight><highlight class="normal"></highlight></codeline>
<codeline lineno="22"><highlight class="normal"></highlight><highlight class="preprocessor">#include<sp/>&quot;<ref refid="opl_8h" kindref="compound">opl.h</ref>&quot;</highlight><highlight class="normal"></highlight></codeline>
<codeline lineno="23"><highlight class="normal"></highlight></codeline>
<codeline lineno="24"><highlight class="normal"></highlight><highlight class="comment">//------------------------------------------------------------------------------</highlight><highlight class="normal"></highlight></codeline>
<codeline lineno="25"><highlight class="normal"></highlight><highlight class="comment">//<sp/>includes</highlight><highlight class="normal"></highlight></codeline>
<codeline lineno="26"><highlight class="normal"></highlight><highlight class="comment">//------------------------------------------------------------------------------</highlight><highlight class="normal"></highlight></codeline>
<codeline lineno="27"><highlight class="normal"></highlight></codeline>
<codeline lineno="28"><highlight class="normal"></highlight><highlight class="preprocessor">#if<sp/>(TARGET_SYSTEM<sp/>==<sp/>_WIN32_)</highlight><highlight class="normal"></highlight></codeline>
<codeline lineno="29"><highlight class="normal"></highlight><highlight class="preprocessor">#else</highlight><highlight class="normal"></highlight></codeline>
<codeline lineno="30"><highlight class="normal"></highlight><highlight class="preprocessor">#include<sp/>&lt;unistd.h&gt;</highlight><highlight class="normal"></highlight></codeline>
<codeline lineno="31"><highlight class="normal"></highlight><highlight class="preprocessor">#endif</highlight><highlight class="normal"></highlight></codeline>
<codeline lineno="32"><highlight class="normal"></highlight></codeline>
<codeline lineno="33"><highlight class="normal"></highlight><highlight class="preprocessor">#ifdef<sp/>__cplusplus</highlight><highlight class="normal"></highlight></codeline>
<codeline lineno="34"><highlight class="normal"></highlight><highlight class="keyword">extern</highlight><highlight class="normal"><sp/></highlight><highlight class="stringliteral">&quot;C&quot;</highlight><highlight class="normal"></highlight></codeline>
<codeline lineno="35"><highlight class="normal">{</highlight></codeline>
<codeline lineno="36"><highlight class="normal"></highlight><highlight class="preprocessor">#endif</highlight><highlight class="normal"></highlight></codeline>
<codeline lineno="37"><highlight class="normal"></highlight></codeline>
<codeline lineno="43" refid="struct_ligne_activation" refkind="compound"><highlight class="normal"></highlight><highlight class="keyword">struct<sp/></highlight><highlight class="normal"><ref refid="struct_ligne_activation" kindref="compound">LigneActivation</ref><sp/>{</highlight></codeline>
<codeline lineno="44" refid="struct_ligne_activation_1a75f37006d60ba54e0cc20b3cf0e6c449" refkind="member"><highlight class="normal"><sp/><sp/><sp/><sp/>uint8_t<sp/><ref refid="struct_ligne_activation_1a75f37006d60ba54e0cc20b3cf0e6c449" kindref="member">activation</ref>[<ref refid="config_define_8h_1a706068f562dd5c64a8b7bbd4b2298dd1" kindref="member">MAX_LINE_SIZE</ref>];<sp/><sp/><sp/><sp/><sp/><sp/><sp/><sp/><sp/><sp/><sp/><sp/><sp/><sp/><sp/><sp/><sp/><sp/><sp/><sp/><sp/><sp/></highlight></codeline>
<codeline lineno="45"><highlight class="normal">};</highlight></codeline>
<codeline lineno="46"><highlight class="normal"></highlight></codeline>
<codeline lineno="53" refid="struct_ligne_e_g" refkind="compound"><highlight class="normal"></highlight><highlight class="keyword">struct<sp/></highlight><highlight class="normal"><ref refid="struct_ligne_e_g" kindref="compound">LigneEG</ref><sp/>{</highlight></codeline>
<codeline lineno="54" refid="struct_ligne_e_g_1a798f7a58703288236d76c6fb141f5756" refkind="member"><highlight class="normal"><sp/><sp/><sp/><sp/>int16_t<sp/><ref refid="struct_ligne_e_g_1a798f7a58703288236d76c6fb141f5756" kindref="member">EG</ref>[<ref refid="config_define_8h_1a706068f562dd5c64a8b7bbd4b2298dd1" kindref="member">MAX_LINE_SIZE</ref>];<sp/><sp/><sp/><sp/><sp/><sp/><sp/><sp/><sp/><sp/><sp/><sp/><sp/><sp/><sp/><sp/><sp/><sp/><sp/><sp/><sp/><sp/><sp/><sp/><sp/><sp/></highlight></codeline>
<codeline lineno="55" refid="struct_ligne_e_g_1a466c1a46947d19a6cb596d48f8726c92" refkind="member"><highlight class="normal"><sp/><sp/><sp/><sp/></highlight><highlight class="keywordtype">char</highlight><highlight class="normal">*<sp/><ref refid="struct_ligne_e_g_1a466c1a46947d19a6cb596d48f8726c92" kindref="member">nom</ref>[<ref refid="config_define_8h_1a706068f562dd5c64a8b7bbd4b2298dd1" kindref="member">MAX_LINE_SIZE</ref>];<sp/><sp/><sp/><sp/><sp/><sp/><sp/><sp/><sp/><sp/><sp/><sp/><sp/><sp/><sp/><sp/><sp/><sp/><sp/><sp/><sp/><sp/><sp/><sp/><sp/><sp/><sp/></highlight></codeline>
<codeline lineno="56"><highlight class="normal">};</highlight></codeline>
<codeline lineno="57"><highlight class="normal"></highlight></codeline>
<codeline lineno="58"><highlight class="normal"><ref refid="status_error_define_8h_1adf0c44f8de9b8e78b0e56caacfa1ac94" kindref="member">statusErrDef</ref><sp/><ref refid="csv_8h_1a57ce52f959b46f63b41ea53578833174" kindref="member">initCSV</ref>();</highlight></codeline>
<codeline lineno="59"><highlight class="normal"><ref refid="status_error_define_8h_1adf0c44f8de9b8e78b0e56caacfa1ac94" kindref="member">statusErrDef</ref><sp/><ref refid="csv_8h_1a39604608c86deb3e5925261c5a9413ca" kindref="member">extinctCSV</ref>();</highlight></codeline>
<codeline lineno="60"><highlight class="normal"></highlight></codeline>
<codeline lineno="61"><highlight class="normal"><ref refid="status_error_define_8h_1adf0c44f8de9b8e78b0e56caacfa1ac94" kindref="member">statusErrDef</ref><sp/><ref refid="csv_8h_1a2e7bd32b81cf14bdd3867119fe4c75c2" kindref="member">lireFichierActivation</ref>(</highlight><highlight class="keyword">const</highlight><highlight class="normal"><sp/></highlight><highlight class="keywordtype">char</highlight><highlight class="normal">*<sp/>fileName);</highlight></codeline>
<codeline lineno="62"><highlight class="normal"><ref refid="status_error_define_8h_1adf0c44f8de9b8e78b0e56caacfa1ac94" kindref="member">statusErrDef</ref><sp/><ref refid="csv_8h_1a6c7104900937bff943d7f36f4f9cb7f0" kindref="member">lireFichierEG</ref>(</highlight><highlight class="keyword">const</highlight><highlight class="normal"><sp/></highlight><highlight class="keywordtype">char</highlight><highlight class="normal">*<sp/>fileName);</highlight></codeline>
<codeline lineno="63"><highlight class="normal"></highlight><highlight class="keywordtype">void</highlight><highlight class="normal"><sp/><ref refid="csv_8h_1ab2ab3ac11ce7f23bde4ddf923050b533" kindref="member">remplirStructureCommon</ref>(</highlight><highlight class="keywordtype">char</highlight><highlight class="normal">*<sp/>ligne,<sp/></highlight><highlight class="keywordtype">int</highlight><highlight class="normal"><sp/></highlight><highlight class="keywordtype">id</highlight><highlight class="normal">);</highlight></codeline>
<codeline lineno="64"><highlight class="normal"></highlight><highlight class="keywordtype">void</highlight><highlight class="normal"><sp/><ref refid="csv_8h_1acbc16f61c722ba86bac4676c366b09bb" kindref="member">remplirEG</ref>(</highlight><highlight class="keywordtype">char</highlight><highlight class="normal">*<sp/>ligne,<sp/></highlight><highlight class="keywordtype">int</highlight><highlight class="normal"><sp/></highlight><highlight class="keywordtype">id</highlight><highlight class="normal">);</highlight></codeline>
<codeline lineno="65"><highlight class="normal"></highlight></codeline>
<codeline lineno="66"><highlight class="normal">uint8_t<sp/><ref refid="csv_8h_1a59b3cd375160ea778a774e62c7c64f7d" kindref="member">getActivation</ref>(</highlight><highlight class="keywordtype">int</highlight><highlight class="normal"><sp/>ligne);</highlight></codeline>
<codeline lineno="67"><highlight class="normal">int16_t<sp/><ref refid="csv_8h_1a70bcd737e5a40f36e1cccaf3a7f63379" kindref="member">getEGcsv</ref>(</highlight><highlight class="keywordtype">int</highlight><highlight class="normal"><sp/>ligne);</highlight></codeline>
<codeline lineno="68"><highlight class="normal"></highlight><highlight class="keywordtype">void</highlight><highlight class="normal"><sp/><ref refid="csv_8h_1a12cdfbd8ea531195d20d46386535a300" kindref="member">removeCarriageReturn</ref>(</highlight><highlight class="keywordtype">char</highlight><highlight class="normal">*<sp/>str);</highlight></codeline>
<codeline lineno="69"><highlight class="normal"></highlight></codeline>
<codeline lineno="70"><highlight class="normal"></highlight><highlight class="keyword">extern</highlight><highlight class="normal"><sp/></highlight><highlight class="keyword">struct<sp/></highlight><highlight class="normal"><ref refid="struct_ligne_activation" kindref="compound">LigneActivation</ref>*<sp/><ref refid="csv_8h_1a6d01cb64bb5d3e9ccda826e7b892ae18" kindref="member">dataActivation</ref>;</highlight></codeline>
<codeline lineno="71"><highlight class="normal"></highlight><highlight class="keyword">extern</highlight><highlight class="normal"><sp/></highlight><highlight class="keyword">struct<sp/></highlight><highlight class="normal"><ref refid="struct_ligne_e_g" kindref="compound">LigneEG</ref>*<sp/><ref refid="csv_8h_1ac119725e56f891ac0af277ad61a9eaf4" kindref="member">dataEG</ref>;</highlight></codeline>
<codeline lineno="72"><highlight class="normal"></highlight></codeline>
<codeline lineno="73"><highlight class="normal"></highlight><highlight class="preprocessor">#ifdef<sp/>__cplusplus</highlight><highlight class="normal"></highlight></codeline>
<codeline lineno="74"><highlight class="normal">}</highlight></codeline>
<codeline lineno="75"><highlight class="normal"></highlight><highlight class="preprocessor">#endif</highlight><highlight class="normal"></highlight></codeline>
<codeline lineno="76"><highlight class="normal"></highlight></codeline>
<codeline lineno="77"><highlight class="normal"></highlight><highlight class="preprocessor">#endif<sp/></highlight><highlight class="comment">//<sp/>CSV_H</highlight></codeline>
    </programlisting>
    <location file="C:/Users/Squaria/Documents/openPOWERLINK_V2_CAC/apps/OBC_MN/include/csv.h"/>
  </compounddef>
</doxygen>
