<?xml version='1.0' encoding='UTF-8' standalone='no'?>
<doxygen xmlns:xsi="http://www.w3.org/2001/XMLSchema-instance" xsi:noNamespaceSchemaLocation="compound.xsd" version="1.10.0" xml:lang="en-US">
  <compounddef id="csv_8cpp" kind="file" language="C++">
    <compoundname>csv.cpp</compoundname>
    <includes refid="csv_8h" local="yes">csv.h</includes>
    <incdepgraph>
      <node id="8">
        <label>configDefine.h</label>
        <link refid="config_define_8h"/>
        <childnode refid="9" relation="include">
        </childnode>
      </node>
      <node id="2">
        <label>csv.h</label>
        <link refid="csv_8h"/>
        <childnode refid="3" relation="include">
        </childnode>
        <childnode refid="4" relation="include">
        </childnode>
        <childnode refid="5" relation="include">
        </childnode>
        <childnode refid="6" relation="include">
        </childnode>
        <childnode refid="7" relation="include">
        </childnode>
        <childnode refid="8" relation="include">
        </childnode>
        <childnode refid="10" relation="include">
        </childnode>
        <childnode refid="11" relation="include">
        </childnode>
      </node>
      <node id="13">
        <label>eventOpl.h</label>
        <link refid="event_opl_8h"/>
        <childnode refid="14" relation="include">
        </childnode>
        <childnode refid="15" relation="include">
        </childnode>
        <childnode refid="16" relation="include">
        </childnode>
        <childnode refid="17" relation="include">
        </childnode>
        <childnode refid="3" relation="include">
        </childnode>
      </node>
      <node id="9">
        <label>nbNodes.h</label>
        <link refid="nb_nodes_8h"/>
      </node>
      <node id="11">
        <label>opl.h</label>
        <link refid="opl_8h"/>
        <childnode refid="12" relation="include">
        </childnode>
        <childnode refid="13" relation="include">
        </childnode>
        <childnode refid="8" relation="include">
        </childnode>
        <childnode refid="10" relation="include">
        </childnode>
        <childnode refid="2" relation="include">
        </childnode>
        <childnode refid="14" relation="include">
        </childnode>
        <childnode refid="15" relation="include">
        </childnode>
        <childnode refid="18" relation="include">
        </childnode>
        <childnode refid="5" relation="include">
        </childnode>
        <childnode refid="19" relation="include">
        </childnode>
        <childnode refid="20" relation="include">
        </childnode>
        <childnode refid="21" relation="include">
        </childnode>
        <childnode refid="22" relation="include">
        </childnode>
        <childnode refid="16" relation="include">
        </childnode>
        <childnode refid="17" relation="include">
        </childnode>
        <childnode refid="23" relation="include">
        </childnode>
        <childnode refid="24" relation="include">
        </childnode>
        <childnode refid="3" relation="include">
        </childnode>
        <childnode refid="25" relation="include">
        </childnode>
        <childnode refid="26" relation="include">
        </childnode>
      </node>
      <node id="10">
        <label>statusErrorDefine.h</label>
        <link refid="status_error_define_8h"/>
      </node>
      <node id="12">
        <label>xapOpl.h</label>
        <link refid="xap_opl_8h"/>
        <childnode refid="5" relation="include">
        </childnode>
        <childnode refid="8" relation="include">
        </childnode>
      </node>
      <node id="1">
        <label>C:/Users/Squaria/Documents/openPOWERLINK_V2_CAC/apps/OBC_MN/src/csv.cpp</label>
        <link refid="csv_8cpp"/>
        <childnode refid="2" relation="include">
        </childnode>
      </node>
      <node id="16">
        <label>console/console.h</label>
      </node>
      <node id="7">
        <label>ctype.h</label>
      </node>
      <node id="17">
        <label>eventlog/eventlog.h</label>
      </node>
      <node id="23">
        <label>firmwaremanager/firmwaremanager.h</label>
      </node>
      <node id="22">
        <label>getopt/getopt.h</label>
      </node>
      <node id="25">
        <label>limits.h</label>
      </node>
      <node id="24">
        <label>netselect/netselect.h</label>
      </node>
      <node id="21">
        <label>obdcreate/obdcreate.h</label>
      </node>
      <node id="18">
        <label>obdpi.h</label>
      </node>
      <node id="15">
        <label>oplk/debugstr.h</label>
      </node>
      <node id="14">
        <label>oplk/oplk.h</label>
      </node>
      <node id="19">
        <label>stdbool.h</label>
      </node>
      <node id="5">
        <label>stdint.h</label>
      </node>
      <node id="3">
        <label>stdio.h</label>
      </node>
      <node id="4">
        <label>stdlib.h</label>
      </node>
      <node id="6">
        <label>string</label>
      </node>
      <node id="26">
        <label>string.h</label>
      </node>
      <node id="20">
        <label>system/system.h</label>
      </node>
    </incdepgraph>
    <sectiondef kind="var">
      <memberdef kind="variable" id="csv_8cpp_1a6d01cb64bb5d3e9ccda826e7b892ae18" prot="public" static="no" mutable="no">
        <type>struct <ref refid="struct_ligne_activation" kindref="compound">LigneActivation</ref> *</type>
        <definition>struct LigneActivation* dataActivation</definition>
        <argsstring></argsstring>
        <name>dataActivation</name>
        <briefdescription>
        </briefdescription>
        <detaileddescription>
        </detaileddescription>
        <inbodydescription>
        </inbodydescription>
        <location file="C:/Users/Squaria/Documents/openPOWERLINK_V2_CAC/apps/OBC_MN/src/csv.cpp" line="19" column="23" bodyfile="C:/Users/Squaria/Documents/openPOWERLINK_V2_CAC/apps/OBC_MN/src/csv.cpp" bodystart="19" bodyend="-1"/>
      </memberdef>
      <memberdef kind="variable" id="csv_8cpp_1ac119725e56f891ac0af277ad61a9eaf4" prot="public" static="no" mutable="no">
        <type>struct <ref refid="struct_ligne_e_g" kindref="compound">LigneEG</ref> *</type>
        <definition>struct LigneEG* dataEG</definition>
        <argsstring></argsstring>
        <name>dataEG</name>
        <briefdescription>
        </briefdescription>
        <detaileddescription>
        </detaileddescription>
        <inbodydescription>
        </inbodydescription>
        <location file="C:/Users/Squaria/Documents/openPOWERLINK_V2_CAC/apps/OBC_MN/src/csv.cpp" line="27" column="15" bodyfile="C:/Users/Squaria/Documents/openPOWERLINK_V2_CAC/apps/OBC_MN/src/csv.cpp" bodystart="27" bodyend="-1"/>
      </memberdef>
    </sectiondef>
    <sectiondef kind="func">
      <memberdef kind="function" id="csv_8cpp_1a57ce52f959b46f63b41ea53578833174" prot="public" static="no" const="no" explicit="no" inline="no" virt="non-virtual">
        <type><ref refid="status_error_define_8h_1adf0c44f8de9b8e78b0e56caacfa1ac94" kindref="member">statusErrDef</ref></type>
        <definition>statusErrDef initCSV</definition>
        <argsstring>()</argsstring>
        <name>initCSV</name>
        <briefdescription>
<para>function to initialize the struct containing the values and read the the activation CSV file. </para>
        </briefdescription>
        <detaileddescription>
<para><simplesect kind="return"><para>statusErrDef that values errAllocDataPhysValves, errAllocDataPhysSensors, errAllocDataActivation in case of a malloc allocation error or noError when the function exits successfully. </para>
</simplesect>
</para>
        </detaileddescription>
        <inbodydescription>
        </inbodydescription>
        <location file="C:/Users/Squaria/Documents/openPOWERLINK_V2_CAC/apps/OBC_MN/src/csv.cpp" line="37" column="14" bodyfile="C:/Users/Squaria/Documents/openPOWERLINK_V2_CAC/apps/OBC_MN/src/csv.cpp" bodystart="37" bodyend="71"/>
        <references refid="config_define_8h_1af03b9ef4da5daeff7665f07931101fdb" compoundref="config_define_8h" startline="94">COMMON_PHYSICAL_CONFIG_DIRECTORY</references>
        <references refid="config_define_8h_1a4714f9212329c04dc628e204388611a1" compoundref="config_define_8h" startline="95">EG_ETAT_DIRECTORY</references>
        <references refid="status_error_define_8h_1adf0c44f8de9b8e78b0e56caacfa1ac94aa748b576dd63269692bf94745ebde592" compoundref="status_error_define_8h" startline="66">errAllocDataActivation</references>
        <references refid="status_error_define_8h_1adf0c44f8de9b8e78b0e56caacfa1ac94a7f5fa8b07e851d30728b48a6706f3406" compoundref="status_error_define_8h" startline="62">errAllocDataEG</references>
        <references refid="csv_8cpp_1a2e7bd32b81cf14bdd3867119fe4c75c2" compoundref="csv_8cpp" startline="96" endline="116">lireFichierActivation</references>
        <references refid="csv_8cpp_1a6c7104900937bff943d7f36f4f9cb7f0" compoundref="csv_8cpp" startline="127" endline="148">lireFichierEG</references>
        <references refid="status_error_define_8h_1adf0c44f8de9b8e78b0e56caacfa1ac94ab22416d928134d1c6c7b2e8d2c31f20b" compoundref="status_error_define_8h" startline="22">noError</references>
        <referencedby refid="main_8cpp_1ae66f6b31b5ad750f1fe042a706a4e3d4" compoundref="main_8cpp" startline="25" endline="161">main</referencedby>
      </memberdef>
      <memberdef kind="function" id="csv_8cpp_1a39604608c86deb3e5925261c5a9413ca" prot="public" static="no" const="no" explicit="no" inline="no" virt="non-virtual">
        <type><ref refid="status_error_define_8h_1adf0c44f8de9b8e78b0e56caacfa1ac94" kindref="member">statusErrDef</ref></type>
        <definition>statusErrDef extinctCSV</definition>
        <argsstring>()</argsstring>
        <name>extinctCSV</name>
        <briefdescription>
<para>function to free the 5 structs </para>
        </briefdescription>
        <detaileddescription>
<para><simplesect kind="return"><para>statusErrDef noError when the function exits successfully. </para>
</simplesect>
</para>
        </detaileddescription>
        <inbodydescription>
        </inbodydescription>
        <location file="C:/Users/Squaria/Documents/openPOWERLINK_V2_CAC/apps/OBC_MN/src/csv.cpp" line="79" column="14" bodyfile="C:/Users/Squaria/Documents/openPOWERLINK_V2_CAC/apps/OBC_MN/src/csv.cpp" bodystart="79" bodyend="85"/>
        <references refid="status_error_define_8h_1adf0c44f8de9b8e78b0e56caacfa1ac94ab22416d928134d1c6c7b2e8d2c31f20b" compoundref="status_error_define_8h" startline="22">noError</references>
        <referencedby refid="main_8cpp_1ae66f6b31b5ad750f1fe042a706a4e3d4" compoundref="main_8cpp" startline="25" endline="161">main</referencedby>
      </memberdef>
      <memberdef kind="function" id="csv_8cpp_1a2e7bd32b81cf14bdd3867119fe4c75c2" prot="public" static="no" const="no" explicit="no" inline="no" virt="non-virtual">
        <type><ref refid="status_error_define_8h_1adf0c44f8de9b8e78b0e56caacfa1ac94" kindref="member">statusErrDef</ref></type>
        <definition>statusErrDef lireFichierActivation</definition>
        <argsstring>(const char *fileName)</argsstring>
        <name>lireFichierActivation</name>
        <param>
          <type>const char *</type>
          <declname>fileName</declname>
        </param>
        <briefdescription>
<para>function to read &quot;activation.csv&quot; until the end of the file. </para>
        </briefdescription>
        <detaileddescription>
<para><parameterlist kind="param"><parameteritem>
<parameternamelist>
<parametername>fileName</parametername>
</parameternamelist>
<parameterdescription>
<para>location and name of the CSV file to read </para>
</parameterdescription>
</parameteritem>
</parameterlist>
<simplesect kind="return"><para>statusErrDef errOpenPhysSensorsFile when the file fails to open, noError when the function exits successfully. </para>
</simplesect>
</para>
        </detaileddescription>
        <inbodydescription>
        </inbodydescription>
        <location file="C:/Users/Squaria/Documents/openPOWERLINK_V2_CAC/apps/OBC_MN/src/csv.cpp" line="96" column="14" bodyfile="C:/Users/Squaria/Documents/openPOWERLINK_V2_CAC/apps/OBC_MN/src/csv.cpp" bodystart="96" bodyend="116"/>
        <references refid="status_error_define_8h_1adf0c44f8de9b8e78b0e56caacfa1ac94aa8dbde321e31e69aeaa49dc7f37bbc16" compoundref="status_error_define_8h" startline="72">errOpenActivationFile</references>
        <references refid="config_define_8h_1a706068f562dd5c64a8b7bbd4b2298dd1" compoundref="config_define_8h" startline="80">MAX_LINE_SIZE</references>
        <references refid="status_error_define_8h_1adf0c44f8de9b8e78b0e56caacfa1ac94ab22416d928134d1c6c7b2e8d2c31f20b" compoundref="status_error_define_8h" startline="22">noError</references>
        <references refid="csv_8cpp_1ab2ab3ac11ce7f23bde4ddf923050b533" compoundref="csv_8cpp" startline="156" endline="168">remplirStructureCommon</references>
        <referencedby refid="csv_8cpp_1a57ce52f959b46f63b41ea53578833174" compoundref="csv_8cpp" startline="37" endline="71">initCSV</referencedby>
      </memberdef>
      <memberdef kind="function" id="csv_8cpp_1a6c7104900937bff943d7f36f4f9cb7f0" prot="public" static="no" const="no" explicit="no" inline="no" virt="non-virtual">
        <type><ref refid="status_error_define_8h_1adf0c44f8de9b8e78b0e56caacfa1ac94" kindref="member">statusErrDef</ref></type>
        <definition>statusErrDef lireFichierEG</definition>
        <argsstring>(const char *fileName)</argsstring>
        <name>lireFichierEG</name>
        <param>
          <type>const char *</type>
          <declname>fileName</declname>
        </param>
        <briefdescription>
<para>function to read &quot;liaisonEGEtat.csv&quot; until the end of the file. </para>
        </briefdescription>
        <detaileddescription>
<para><parameterlist kind="param"><parameteritem>
<parameternamelist>
<parametername>fileName</parametername>
</parameternamelist>
<parameterdescription>
<para>location and name of the CSV file to read </para>
</parameterdescription>
</parameteritem>
</parameterlist>
<simplesect kind="return"><para>statusErrDef errOpenEGFile when the file fails to open, noError when the function exits successfully. </para>
</simplesect>
</para>
        </detaileddescription>
        <inbodydescription>
        </inbodydescription>
        <location file="C:/Users/Squaria/Documents/openPOWERLINK_V2_CAC/apps/OBC_MN/src/csv.cpp" line="127" column="14" bodyfile="C:/Users/Squaria/Documents/openPOWERLINK_V2_CAC/apps/OBC_MN/src/csv.cpp" bodystart="127" bodyend="148"/>
        <references refid="status_error_define_8h_1adf0c44f8de9b8e78b0e56caacfa1ac94a30f34309a812bd0a316489459b8bb55d" compoundref="status_error_define_8h" startline="67">errOpenEGFile</references>
        <references refid="config_define_8h_1a706068f562dd5c64a8b7bbd4b2298dd1" compoundref="config_define_8h" startline="80">MAX_LINE_SIZE</references>
        <references refid="status_error_define_8h_1adf0c44f8de9b8e78b0e56caacfa1ac94ab22416d928134d1c6c7b2e8d2c31f20b" compoundref="status_error_define_8h" startline="22">noError</references>
        <references refid="csv_8cpp_1acbc16f61c722ba86bac4676c366b09bb" compoundref="csv_8cpp" startline="176" endline="198">remplirEG</references>
        <referencedby refid="csv_8cpp_1a57ce52f959b46f63b41ea53578833174" compoundref="csv_8cpp" startline="37" endline="71">initCSV</referencedby>
      </memberdef>
      <memberdef kind="function" id="csv_8cpp_1ab2ab3ac11ce7f23bde4ddf923050b533" prot="public" static="no" const="no" explicit="no" inline="no" virt="non-virtual">
        <type>void</type>
        <definition>void remplirStructureCommon</definition>
        <argsstring>(char *ligne, int id)</argsstring>
        <name>remplirStructureCommon</name>
        <param>
          <type>char *</type>
          <declname>ligne</declname>
        </param>
        <param>
          <type>int</type>
          <declname>id</declname>
        </param>
        <briefdescription>
<para>function to fill in the activation CSV structure. </para>
        </briefdescription>
        <detaileddescription>
<para><parameterlist kind="param"><parameteritem>
<parameternamelist>
<parametername>ligne</parametername>
</parameternamelist>
<parameterdescription>
<para>the CSV line to read. </para>
</parameterdescription>
</parameteritem>
<parameteritem>
<parameternamelist>
<parametername>id</parametername>
</parameternamelist>
<parameterdescription>
<para>the position of the line in the CSV file. </para>
</parameterdescription>
</parameteritem>
</parameterlist>
</para>
        </detaileddescription>
        <inbodydescription>
        </inbodydescription>
        <location file="C:/Users/Squaria/Documents/openPOWERLINK_V2_CAC/apps/OBC_MN/src/csv.cpp" line="156" column="6" bodyfile="C:/Users/Squaria/Documents/openPOWERLINK_V2_CAC/apps/OBC_MN/src/csv.cpp" bodystart="156" bodyend="168"/>
        <referencedby refid="csv_8cpp_1a2e7bd32b81cf14bdd3867119fe4c75c2" compoundref="csv_8cpp" startline="96" endline="116">lireFichierActivation</referencedby>
      </memberdef>
      <memberdef kind="function" id="csv_8cpp_1acbc16f61c722ba86bac4676c366b09bb" prot="public" static="no" const="no" explicit="no" inline="no" virt="non-virtual">
        <type>void</type>
        <definition>void remplirEG</definition>
        <argsstring>(char *ligne, int id)</argsstring>
        <name>remplirEG</name>
        <param>
          <type>char *</type>
          <declname>ligne</declname>
        </param>
        <param>
          <type>int</type>
          <declname>id</declname>
        </param>
        <briefdescription>
<para>function to fill in the link between EG and CSV file name structure. </para>
        </briefdescription>
        <detaileddescription>
<para><parameterlist kind="param"><parameteritem>
<parameternamelist>
<parametername>ligne</parametername>
</parameternamelist>
<parameterdescription>
<para>the CSV line to read. </para>
</parameterdescription>
</parameteritem>
<parameteritem>
<parameternamelist>
<parametername>id</parametername>
</parameternamelist>
<parameterdescription>
<para>the position of the line in the CSV file. </para>
</parameterdescription>
</parameteritem>
</parameterlist>
</para>
        </detaileddescription>
        <inbodydescription>
        </inbodydescription>
        <location file="C:/Users/Squaria/Documents/openPOWERLINK_V2_CAC/apps/OBC_MN/src/csv.cpp" line="176" column="6" bodyfile="C:/Users/Squaria/Documents/openPOWERLINK_V2_CAC/apps/OBC_MN/src/csv.cpp" bodystart="176" bodyend="198"/>
        <references refid="csv_8cpp_1a12cdfbd8ea531195d20d46386535a300" compoundref="csv_8cpp" startline="226" endline="238">removeCarriageReturn</references>
        <referencedby refid="csv_8cpp_1a6c7104900937bff943d7f36f4f9cb7f0" compoundref="csv_8cpp" startline="127" endline="148">lireFichierEG</referencedby>
      </memberdef>
      <memberdef kind="function" id="csv_8cpp_1a59b3cd375160ea778a774e62c7c64f7d" prot="public" static="no" const="no" explicit="no" inline="no" virt="non-virtual">
        <type>uint8_t</type>
        <definition>uint8_t getActivation</definition>
        <argsstring>(int ligne)</argsstring>
        <name>getActivation</name>
        <param>
          <type>int</type>
          <declname>ligne</declname>
        </param>
        <briefdescription>
<para>function getter of the activation of a sensor or a valve from &quot;activation.csv&quot; </para>
        </briefdescription>
        <detaileddescription>
<para><parameterlist kind="param"><parameteritem>
<parameternamelist>
<parametername>ligne</parametername>
</parameternamelist>
<parameterdescription>
<para>the line in the CSV file </para>
</parameterdescription>
</parameteritem>
</parameterlist>
<simplesect kind="return"><para>uint8_t the activation of a sensor or a valve (1 if activated or 0 if not) </para>
</simplesect>
</para>
        </detaileddescription>
        <inbodydescription>
        </inbodydescription>
        <location file="C:/Users/Squaria/Documents/openPOWERLINK_V2_CAC/apps/OBC_MN/src/csv.cpp" line="206" column="9" bodyfile="C:/Users/Squaria/Documents/openPOWERLINK_V2_CAC/apps/OBC_MN/src/csv.cpp" bodystart="206" bodyend="208"/>
        <referencedby refid="opl_8cpp_1a49a4367dee21b29ba4289959d09bdbfc" compoundref="opl_8cpp" startline="117" endline="123">setActivated_In_MN</referencedby>
      </memberdef>
      <memberdef kind="function" id="csv_8cpp_1a70bcd737e5a40f36e1cccaf3a7f63379" prot="public" static="no" const="no" explicit="no" inline="no" virt="non-virtual">
        <type>int16_t</type>
        <definition>int16_t getEGcsv</definition>
        <argsstring>(int ligne)</argsstring>
        <name>getEGcsv</name>
        <param>
          <type>int</type>
          <declname>ligne</declname>
        </param>
        <briefdescription>
<para>function getter of the general state from &quot;liaisonEGEtat.csv&quot; </para>
        </briefdescription>
        <detaileddescription>
<para><parameterlist kind="param"><parameteritem>
<parameternamelist>
<parametername>ligne</parametername>
</parameternamelist>
<parameterdescription>
<para>the line in the CSV file </para>
</parameterdescription>
</parameteritem>
</parameterlist>
<simplesect kind="return"><para>uint16_t the value of the general state of a specific line </para>
</simplesect>
</para>
        </detaileddescription>
        <inbodydescription>
        </inbodydescription>
        <location file="C:/Users/Squaria/Documents/openPOWERLINK_V2_CAC/apps/OBC_MN/src/csv.cpp" line="216" column="9" bodyfile="C:/Users/Squaria/Documents/openPOWERLINK_V2_CAC/apps/OBC_MN/src/csv.cpp" bodystart="216" bodyend="219"/>
        <referencedby refid="opl_8cpp_1a42ffa874fd1654b63c707c7444c5f5a7" compoundref="opl_8cpp" startline="204" endline="217">changeEG</referencedby>
      </memberdef>
      <memberdef kind="function" id="csv_8cpp_1a12cdfbd8ea531195d20d46386535a300" prot="public" static="no" const="no" explicit="no" inline="no" virt="non-virtual">
        <type>void</type>
        <definition>void removeCarriageReturn</definition>
        <argsstring>(char *str)</argsstring>
        <name>removeCarriageReturn</name>
        <param>
          <type>char *</type>
          <declname>str</declname>
        </param>
        <briefdescription>
<para>function that removes the carriage return from the end a line of a general state CSV file before strdup is called. </para>
        </briefdescription>
        <detaileddescription>
<para><parameterlist kind="param"><parameteritem>
<parameternamelist>
<parametername>str</parametername>
</parameternamelist>
<parameterdescription>
<para>the line in the CSV file </para>
</parameterdescription>
</parameteritem>
</parameterlist>
</para>
        </detaileddescription>
        <inbodydescription>
        </inbodydescription>
        <location file="C:/Users/Squaria/Documents/openPOWERLINK_V2_CAC/apps/OBC_MN/src/csv.cpp" line="226" column="6" bodyfile="C:/Users/Squaria/Documents/openPOWERLINK_V2_CAC/apps/OBC_MN/src/csv.cpp" bodystart="226" bodyend="238"/>
        <referencedby refid="csv_8cpp_1acbc16f61c722ba86bac4676c366b09bb" compoundref="csv_8cpp" startline="176" endline="198">remplirEG</referencedby>
      </memberdef>
    </sectiondef>
    <briefdescription>
<para>Module to read CSV configuration files. </para>
    </briefdescription>
    <detaileddescription>
<para><simplesect kind="author"><para>Mael Parot, Benoit Brice </para>
</simplesect>
<simplesect kind="version"><para>1.2 </para>
</simplesect>
<simplesect kind="date"><para>11/04/2024</para>
</simplesect>
Contains all functions related to reading CSV files and writing the content into structures. </para>
    </detaileddescription>
    <programlisting>
<codeline lineno="1"></codeline>
<codeline lineno="12"><highlight class="normal"></highlight><highlight class="preprocessor">#include<sp/>&quot;<ref refid="csv_8h" kindref="compound">csv.h</ref>&quot;</highlight><highlight class="normal"></highlight></codeline>
<codeline lineno="13"><highlight class="normal"></highlight></codeline>
<codeline lineno="19" refid="csv_8cpp_1a6d01cb64bb5d3e9ccda826e7b892ae18" refkind="member"><highlight class="normal"></highlight><highlight class="keyword">struct<sp/></highlight><highlight class="normal"><ref refid="struct_ligne_activation" kindref="compound">LigneActivation</ref>*<sp/><ref refid="csv_8cpp_1a6d01cb64bb5d3e9ccda826e7b892ae18" kindref="member">dataActivation</ref>;</highlight></codeline>
<codeline lineno="20"><highlight class="normal"></highlight></codeline>
<codeline lineno="27" refid="csv_8cpp_1ac119725e56f891ac0af277ad61a9eaf4" refkind="member"><highlight class="normal"></highlight><highlight class="keyword">struct<sp/></highlight><highlight class="normal"><ref refid="struct_ligne_e_g" kindref="compound">LigneEG</ref>*<sp/><ref refid="csv_8cpp_1ac119725e56f891ac0af277ad61a9eaf4" kindref="member">dataEG</ref>;</highlight></codeline>
<codeline lineno="28"><highlight class="normal"></highlight></codeline>
<codeline lineno="37" refid="csv_8cpp_1a57ce52f959b46f63b41ea53578833174" refkind="member"><highlight class="normal"><ref refid="status_error_define_8h_1adf0c44f8de9b8e78b0e56caacfa1ac94" kindref="member">statusErrDef</ref><sp/><ref refid="csv_8cpp_1a57ce52f959b46f63b41ea53578833174" kindref="member">initCSV</ref>()<sp/>{</highlight></codeline>
<codeline lineno="38"><highlight class="normal"><sp/><sp/><sp/><sp/><ref refid="status_error_define_8h_1adf0c44f8de9b8e78b0e56caacfa1ac94" kindref="member">statusErrDef</ref><sp/>res<sp/>=<sp/><ref refid="status_error_define_8h_1adf0c44f8de9b8e78b0e56caacfa1ac94ab22416d928134d1c6c7b2e8d2c31f20b" kindref="member">noError</ref>;</highlight></codeline>
<codeline lineno="39"><highlight class="normal"></highlight></codeline>
<codeline lineno="40"><highlight class="normal"></highlight><highlight class="comment"><sp/><sp/><sp/><sp/>/********************Partie_PhysicalConfig_Activation********************/</highlight><highlight class="normal"></highlight></codeline>
<codeline lineno="41"><highlight class="normal"></highlight></codeline>
<codeline lineno="42"><highlight class="normal"><sp/><sp/><sp/><sp/><ref refid="structdata_activation" kindref="compound">dataActivation</ref><sp/>=<sp/>(</highlight><highlight class="keyword">struct<sp/></highlight><highlight class="normal"><ref refid="struct_ligne_activation" kindref="compound">LigneActivation</ref>*)malloc(</highlight><highlight class="keyword">sizeof</highlight><highlight class="normal">(</highlight><highlight class="keyword">struct</highlight><highlight class="normal"><sp/><ref refid="struct_ligne_activation" kindref="compound">LigneActivation</ref>));</highlight></codeline>
<codeline lineno="43"><highlight class="normal"><sp/><sp/><sp/><sp/></highlight><highlight class="keywordflow">if</highlight><highlight class="normal"><sp/>(<ref refid="structdata_activation" kindref="compound">dataActivation</ref><sp/>==<sp/>NULL)</highlight></codeline>
<codeline lineno="44"><highlight class="normal"><sp/><sp/><sp/><sp/>{</highlight></codeline>
<codeline lineno="45"><highlight class="normal"><sp/><sp/><sp/><sp/><sp/><sp/><sp/><sp/>perror(</highlight><highlight class="stringliteral">&quot;Error<sp/>allocating<sp/>memory&quot;</highlight><highlight class="normal">);</highlight></codeline>
<codeline lineno="46"><highlight class="normal"><sp/><sp/><sp/><sp/><sp/><sp/><sp/><sp/></highlight><highlight class="keywordflow">return</highlight><highlight class="normal"><sp/><ref refid="status_error_define_8h_1adf0c44f8de9b8e78b0e56caacfa1ac94aa748b576dd63269692bf94745ebde592" kindref="member">errAllocDataActivation</ref>;</highlight></codeline>
<codeline lineno="47"><highlight class="normal"><sp/><sp/><sp/><sp/>}</highlight></codeline>
<codeline lineno="48"><highlight class="normal"></highlight></codeline>
<codeline lineno="49"><highlight class="normal"><sp/><sp/><sp/><sp/>memset(<ref refid="structdata_activation" kindref="compound">dataActivation</ref>,<sp/>0,<sp/></highlight><highlight class="keyword">sizeof</highlight><highlight class="normal">(</highlight><highlight class="keyword">struct</highlight><highlight class="normal"><sp/><ref refid="struct_ligne_activation" kindref="compound">LigneActivation</ref>));</highlight></codeline>
<codeline lineno="50"><highlight class="normal"></highlight></codeline>
<codeline lineno="51"><highlight class="normal"><sp/><sp/><sp/><sp/>res<sp/>=<sp/><ref refid="csv_8cpp_1a2e7bd32b81cf14bdd3867119fe4c75c2" kindref="member">lireFichierActivation</ref>(<ref refid="config_define_8h_1af03b9ef4da5daeff7665f07931101fdb" kindref="member">COMMON_PHYSICAL_CONFIG_DIRECTORY</ref>);</highlight></codeline>
<codeline lineno="52"><highlight class="normal"><sp/><sp/><sp/><sp/></highlight><highlight class="keywordflow">if</highlight><highlight class="normal"><sp/>(res<sp/>!=<sp/><ref refid="status_error_define_8h_1adf0c44f8de9b8e78b0e56caacfa1ac94ab22416d928134d1c6c7b2e8d2c31f20b" kindref="member">noError</ref>)</highlight></codeline>
<codeline lineno="53"><highlight class="normal"><sp/><sp/><sp/><sp/><sp/><sp/><sp/><sp/></highlight><highlight class="keywordflow">return</highlight><highlight class="normal"><sp/>res;</highlight></codeline>
<codeline lineno="54"><highlight class="normal"></highlight></codeline>
<codeline lineno="55"><highlight class="normal"></highlight><highlight class="comment"><sp/><sp/><sp/><sp/>/********************Partie_EG_Etat********************/</highlight><highlight class="normal"></highlight></codeline>
<codeline lineno="56"><highlight class="normal"></highlight></codeline>
<codeline lineno="57"><highlight class="normal"><sp/><sp/><sp/><sp/><ref refid="structdata_e_g" kindref="compound">dataEG</ref><sp/>=<sp/>(</highlight><highlight class="keyword">struct<sp/></highlight><highlight class="normal"><ref refid="struct_ligne_e_g" kindref="compound">LigneEG</ref>*)malloc(</highlight><highlight class="keyword">sizeof</highlight><highlight class="normal">(</highlight><highlight class="keyword">struct</highlight><highlight class="normal"><sp/><ref refid="struct_ligne_e_g" kindref="compound">LigneEG</ref>));</highlight></codeline>
<codeline lineno="58"><highlight class="normal"><sp/><sp/><sp/><sp/></highlight><highlight class="keywordflow">if</highlight><highlight class="normal"><sp/>(<ref refid="structdata_e_g" kindref="compound">dataEG</ref><sp/>==<sp/>NULL)</highlight></codeline>
<codeline lineno="59"><highlight class="normal"><sp/><sp/><sp/><sp/>{</highlight></codeline>
<codeline lineno="60"><highlight class="normal"><sp/><sp/><sp/><sp/><sp/><sp/><sp/><sp/>perror(</highlight><highlight class="stringliteral">&quot;Error<sp/>allocating<sp/>memory&quot;</highlight><highlight class="normal">);</highlight></codeline>
<codeline lineno="61"><highlight class="normal"><sp/><sp/><sp/><sp/><sp/><sp/><sp/><sp/></highlight><highlight class="keywordflow">return</highlight><highlight class="normal"><sp/><ref refid="status_error_define_8h_1adf0c44f8de9b8e78b0e56caacfa1ac94a7f5fa8b07e851d30728b48a6706f3406" kindref="member">errAllocDataEG</ref>;</highlight></codeline>
<codeline lineno="62"><highlight class="normal"><sp/><sp/><sp/><sp/>}</highlight></codeline>
<codeline lineno="63"><highlight class="normal"></highlight></codeline>
<codeline lineno="64"><highlight class="normal"><sp/><sp/><sp/><sp/>memset(<ref refid="structdata_e_g" kindref="compound">dataEG</ref>,<sp/>0,<sp/></highlight><highlight class="keyword">sizeof</highlight><highlight class="normal">(</highlight><highlight class="keyword">struct</highlight><highlight class="normal"><sp/><ref refid="struct_ligne_e_g" kindref="compound">LigneEG</ref>));</highlight></codeline>
<codeline lineno="65"><highlight class="normal"></highlight></codeline>
<codeline lineno="66"><highlight class="normal"><sp/><sp/><sp/><sp/>res<sp/>=<sp/><ref refid="csv_8cpp_1a6c7104900937bff943d7f36f4f9cb7f0" kindref="member">lireFichierEG</ref>(<ref refid="config_define_8h_1a4714f9212329c04dc628e204388611a1" kindref="member">EG_ETAT_DIRECTORY</ref>);</highlight></codeline>
<codeline lineno="67"><highlight class="normal"><sp/><sp/><sp/><sp/></highlight><highlight class="keywordflow">if</highlight><highlight class="normal"><sp/>(res<sp/>!=<sp/><ref refid="status_error_define_8h_1adf0c44f8de9b8e78b0e56caacfa1ac94ab22416d928134d1c6c7b2e8d2c31f20b" kindref="member">noError</ref>)</highlight></codeline>
<codeline lineno="68"><highlight class="normal"><sp/><sp/><sp/><sp/><sp/><sp/><sp/><sp/></highlight><highlight class="keywordflow">return</highlight><highlight class="normal"><sp/>res;</highlight></codeline>
<codeline lineno="69"><highlight class="normal"></highlight></codeline>
<codeline lineno="70"><highlight class="normal"><sp/><sp/><sp/><sp/></highlight><highlight class="keywordflow">return</highlight><highlight class="normal"><sp/><ref refid="status_error_define_8h_1adf0c44f8de9b8e78b0e56caacfa1ac94ab22416d928134d1c6c7b2e8d2c31f20b" kindref="member">noError</ref>;</highlight></codeline>
<codeline lineno="71"><highlight class="normal">}</highlight></codeline>
<codeline lineno="72"><highlight class="normal"></highlight></codeline>
<codeline lineno="79" refid="csv_8cpp_1a39604608c86deb3e5925261c5a9413ca" refkind="member"><highlight class="normal"><ref refid="status_error_define_8h_1adf0c44f8de9b8e78b0e56caacfa1ac94" kindref="member">statusErrDef</ref><sp/><ref refid="csv_8cpp_1a39604608c86deb3e5925261c5a9413ca" kindref="member">extinctCSV</ref>()</highlight></codeline>
<codeline lineno="80"><highlight class="normal">{</highlight></codeline>
<codeline lineno="81"><highlight class="normal"><sp/><sp/><sp/><sp/>free(<ref refid="structdata_activation" kindref="compound">dataActivation</ref>);</highlight></codeline>
<codeline lineno="82"><highlight class="normal"><sp/><sp/><sp/><sp/>free(<ref refid="structdata_e_g" kindref="compound">dataEG</ref>);</highlight></codeline>
<codeline lineno="83"><highlight class="normal"></highlight></codeline>
<codeline lineno="84"><highlight class="normal"><sp/><sp/><sp/><sp/></highlight><highlight class="keywordflow">return</highlight><highlight class="normal"><sp/><ref refid="status_error_define_8h_1adf0c44f8de9b8e78b0e56caacfa1ac94ab22416d928134d1c6c7b2e8d2c31f20b" kindref="member">noError</ref>;</highlight></codeline>
<codeline lineno="85"><highlight class="normal">}</highlight></codeline>
<codeline lineno="86"><highlight class="normal"></highlight></codeline>
<codeline lineno="96" refid="csv_8cpp_1a2e7bd32b81cf14bdd3867119fe4c75c2" refkind="member"><highlight class="normal"><ref refid="status_error_define_8h_1adf0c44f8de9b8e78b0e56caacfa1ac94" kindref="member">statusErrDef</ref><sp/><ref refid="csv_8cpp_1a2e7bd32b81cf14bdd3867119fe4c75c2" kindref="member">lireFichierActivation</ref>(</highlight><highlight class="keyword">const</highlight><highlight class="normal"><sp/></highlight><highlight class="keywordtype">char</highlight><highlight class="normal">*<sp/>fileName)</highlight></codeline>
<codeline lineno="97"><highlight class="normal">{</highlight></codeline>
<codeline lineno="98"><highlight class="normal"><sp/><sp/><sp/><sp/>FILE*<sp/><ref refid="classfile" kindref="compound">file</ref><sp/>=<sp/>fopen(fileName,<sp/></highlight><highlight class="stringliteral">&quot;r&quot;</highlight><highlight class="normal">);</highlight></codeline>
<codeline lineno="99"><highlight class="normal"><sp/><sp/><sp/><sp/></highlight><highlight class="keywordflow">if</highlight><highlight class="normal"><sp/>(<ref refid="classfile" kindref="compound">file</ref><sp/>==<sp/>NULL)</highlight></codeline>
<codeline lineno="100"><highlight class="normal"><sp/><sp/><sp/><sp/>{</highlight></codeline>
<codeline lineno="101"><highlight class="normal"><sp/><sp/><sp/><sp/><sp/><sp/><sp/><sp/>perror(</highlight><highlight class="stringliteral">&quot;Erreur<sp/>lors<sp/>de<sp/>l&apos;ouverture<sp/>du<sp/>fichier<sp/>lireFichierActivation&quot;</highlight><highlight class="normal">);</highlight></codeline>
<codeline lineno="102"><highlight class="normal"><sp/><sp/><sp/><sp/><sp/><sp/><sp/><sp/></highlight><highlight class="keywordflow">return</highlight><highlight class="normal"><sp/><ref refid="status_error_define_8h_1adf0c44f8de9b8e78b0e56caacfa1ac94aa8dbde321e31e69aeaa49dc7f37bbc16" kindref="member">errOpenActivationFile</ref>;</highlight></codeline>
<codeline lineno="103"><highlight class="normal"><sp/><sp/><sp/><sp/>}</highlight></codeline>
<codeline lineno="104"><highlight class="normal"><sp/><sp/><sp/><sp/></highlight><highlight class="keywordtype">int</highlight><highlight class="normal"><sp/></highlight><highlight class="keywordtype">id</highlight><highlight class="normal"><sp/>=<sp/>0;</highlight></codeline>
<codeline lineno="105"><highlight class="normal"></highlight></codeline>
<codeline lineno="106"><highlight class="normal"><sp/><sp/><sp/><sp/></highlight><highlight class="keywordtype">char</highlight><highlight class="normal"><sp/>ligne[<ref refid="config_define_8h_1a706068f562dd5c64a8b7bbd4b2298dd1" kindref="member">MAX_LINE_SIZE</ref>];</highlight></codeline>
<codeline lineno="107"><highlight class="normal"><sp/><sp/><sp/><sp/></highlight><highlight class="keywordflow">while</highlight><highlight class="normal"><sp/>(fgets(ligne,<sp/></highlight><highlight class="keyword">sizeof</highlight><highlight class="normal">(ligne),<sp/><ref refid="classfile" kindref="compound">file</ref>)<sp/>!=<sp/>NULL)</highlight></codeline>
<codeline lineno="108"><highlight class="normal"><sp/><sp/><sp/><sp/>{</highlight></codeline>
<codeline lineno="109"><highlight class="normal"><sp/><sp/><sp/><sp/><sp/><sp/><sp/><sp/>ligne[strcspn(ligne,<sp/></highlight><highlight class="stringliteral">&quot;\n&quot;</highlight><highlight class="normal">)]<sp/>=<sp/>0;</highlight></codeline>
<codeline lineno="110"><highlight class="normal"><sp/><sp/><sp/><sp/><sp/><sp/><sp/><sp/><ref refid="csv_8cpp_1ab2ab3ac11ce7f23bde4ddf923050b533" kindref="member">remplirStructureCommon</ref>(ligne,<sp/></highlight><highlight class="keywordtype">id</highlight><highlight class="normal">);</highlight></codeline>
<codeline lineno="111"><highlight class="normal"><sp/><sp/><sp/><sp/><sp/><sp/><sp/><sp/></highlight><highlight class="keywordtype">id</highlight><highlight class="normal">++;</highlight></codeline>
<codeline lineno="112"><highlight class="normal"><sp/><sp/><sp/><sp/>}</highlight></codeline>
<codeline lineno="113"><highlight class="normal"></highlight></codeline>
<codeline lineno="114"><highlight class="normal"><sp/><sp/><sp/><sp/>fclose(<ref refid="classfile" kindref="compound">file</ref>);</highlight></codeline>
<codeline lineno="115"><highlight class="normal"><sp/><sp/><sp/><sp/></highlight><highlight class="keywordflow">return</highlight><highlight class="normal"><sp/><ref refid="status_error_define_8h_1adf0c44f8de9b8e78b0e56caacfa1ac94ab22416d928134d1c6c7b2e8d2c31f20b" kindref="member">noError</ref>;</highlight></codeline>
<codeline lineno="116"><highlight class="normal">}</highlight></codeline>
<codeline lineno="117"><highlight class="normal"></highlight></codeline>
<codeline lineno="127" refid="csv_8cpp_1a6c7104900937bff943d7f36f4f9cb7f0" refkind="member"><highlight class="normal"><ref refid="status_error_define_8h_1adf0c44f8de9b8e78b0e56caacfa1ac94" kindref="member">statusErrDef</ref><sp/><ref refid="csv_8cpp_1a6c7104900937bff943d7f36f4f9cb7f0" kindref="member">lireFichierEG</ref>(</highlight><highlight class="keyword">const</highlight><highlight class="normal"><sp/></highlight><highlight class="keywordtype">char</highlight><highlight class="normal">*<sp/>fileName)</highlight></codeline>
<codeline lineno="128"><highlight class="normal">{</highlight></codeline>
<codeline lineno="129"><highlight class="normal"><sp/><sp/><sp/><sp/>FILE*<sp/><ref refid="classfile" kindref="compound">file</ref><sp/>=<sp/>fopen(fileName,<sp/></highlight><highlight class="stringliteral">&quot;r&quot;</highlight><highlight class="normal">);</highlight></codeline>
<codeline lineno="130"><highlight class="normal"><sp/><sp/><sp/><sp/></highlight><highlight class="keywordflow">if</highlight><highlight class="normal"><sp/>(<ref refid="classfile" kindref="compound">file</ref><sp/>==<sp/>NULL)</highlight></codeline>
<codeline lineno="131"><highlight class="normal"><sp/><sp/><sp/><sp/>{</highlight></codeline>
<codeline lineno="132"><highlight class="normal"><sp/><sp/><sp/><sp/><sp/><sp/><sp/><sp/>perror(</highlight><highlight class="stringliteral">&quot;Erreur<sp/>lors<sp/>de<sp/>l&apos;ouverture<sp/>du<sp/>fichier<sp/>lireFichierEG&quot;</highlight><highlight class="normal">);</highlight></codeline>
<codeline lineno="133"><highlight class="normal"><sp/><sp/><sp/><sp/><sp/><sp/><sp/><sp/></highlight><highlight class="keywordflow">return</highlight><highlight class="normal"><sp/><ref refid="status_error_define_8h_1adf0c44f8de9b8e78b0e56caacfa1ac94a30f34309a812bd0a316489459b8bb55d" kindref="member">errOpenEGFile</ref>;</highlight></codeline>
<codeline lineno="134"><highlight class="normal"><sp/><sp/><sp/><sp/>}</highlight></codeline>
<codeline lineno="135"><highlight class="normal"><sp/><sp/><sp/><sp/></highlight><highlight class="keywordtype">int</highlight><highlight class="normal"><sp/></highlight><highlight class="keywordtype">id</highlight><highlight class="normal"><sp/>=<sp/>0;</highlight></codeline>
<codeline lineno="136"><highlight class="normal"></highlight></codeline>
<codeline lineno="137"><highlight class="normal"><sp/><sp/><sp/><sp/></highlight><highlight class="keywordtype">char</highlight><highlight class="normal"><sp/>ligne[<ref refid="config_define_8h_1a706068f562dd5c64a8b7bbd4b2298dd1" kindref="member">MAX_LINE_SIZE</ref>];</highlight></codeline>
<codeline lineno="138"><highlight class="normal"><sp/><sp/><sp/><sp/></highlight><highlight class="keywordflow">while</highlight><highlight class="normal"><sp/>(fgets(ligne,<sp/></highlight><highlight class="keyword">sizeof</highlight><highlight class="normal">(ligne),<sp/><ref refid="classfile" kindref="compound">file</ref>)<sp/>!=<sp/>NULL)</highlight></codeline>
<codeline lineno="139"><highlight class="normal"><sp/><sp/><sp/><sp/>{</highlight></codeline>
<codeline lineno="140"><highlight class="normal"><sp/><sp/><sp/><sp/><sp/><sp/><sp/><sp/>ligne[strcspn(ligne,<sp/></highlight><highlight class="stringliteral">&quot;\n&quot;</highlight><highlight class="normal">)]<sp/>=<sp/>0;</highlight></codeline>
<codeline lineno="141"><highlight class="normal"><sp/><sp/><sp/><sp/><sp/><sp/><sp/><sp/><ref refid="csv_8cpp_1acbc16f61c722ba86bac4676c366b09bb" kindref="member">remplirEG</ref>(ligne,<sp/></highlight><highlight class="keywordtype">id</highlight><highlight class="normal">);</highlight></codeline>
<codeline lineno="142"><highlight class="normal"><sp/><sp/><sp/><sp/><sp/><sp/><sp/><sp/></highlight><highlight class="keywordtype">id</highlight><highlight class="normal">++;</highlight></codeline>
<codeline lineno="143"><highlight class="normal"><sp/><sp/><sp/><sp/>}</highlight></codeline>
<codeline lineno="144"><highlight class="normal"></highlight></codeline>
<codeline lineno="145"><highlight class="normal"><sp/><sp/><sp/><sp/>fclose(<ref refid="classfile" kindref="compound">file</ref>);</highlight></codeline>
<codeline lineno="146"><highlight class="normal"></highlight></codeline>
<codeline lineno="147"><highlight class="normal"><sp/><sp/><sp/><sp/></highlight><highlight class="keywordflow">return</highlight><highlight class="normal"><sp/><ref refid="status_error_define_8h_1adf0c44f8de9b8e78b0e56caacfa1ac94ab22416d928134d1c6c7b2e8d2c31f20b" kindref="member">noError</ref>;</highlight></codeline>
<codeline lineno="148"><highlight class="normal">}</highlight></codeline>
<codeline lineno="149"><highlight class="normal"></highlight></codeline>
<codeline lineno="156" refid="csv_8cpp_1ab2ab3ac11ce7f23bde4ddf923050b533" refkind="member"><highlight class="normal"></highlight><highlight class="keywordtype">void</highlight><highlight class="normal"><sp/><ref refid="csv_8cpp_1ab2ab3ac11ce7f23bde4ddf923050b533" kindref="member">remplirStructureCommon</ref>(</highlight><highlight class="keywordtype">char</highlight><highlight class="normal">*<sp/>ligne,<sp/></highlight><highlight class="keywordtype">int</highlight><highlight class="normal"><sp/></highlight><highlight class="keywordtype">id</highlight><highlight class="normal">)</highlight></codeline>
<codeline lineno="157"><highlight class="normal">{</highlight></codeline>
<codeline lineno="158"><highlight class="normal"><sp/><sp/><sp/><sp/></highlight><highlight class="keywordtype">char</highlight><highlight class="normal">*<sp/>token<sp/>=<sp/>strtok(ligne,<sp/></highlight><highlight class="stringliteral">&quot;;&quot;</highlight><highlight class="normal">);</highlight></codeline>
<codeline lineno="159"><highlight class="normal"><sp/><sp/><sp/><sp/></highlight><highlight class="keywordtype">int</highlight><highlight class="normal"><sp/>colonne<sp/>=<sp/>0;</highlight></codeline>
<codeline lineno="160"><highlight class="normal"></highlight></codeline>
<codeline lineno="161"><highlight class="normal"><sp/><sp/><sp/><sp/></highlight><highlight class="keywordflow">while</highlight><highlight class="normal"><sp/>(token<sp/>!=<sp/>NULL)</highlight></codeline>
<codeline lineno="162"><highlight class="normal"><sp/><sp/><sp/><sp/>{</highlight></codeline>
<codeline lineno="163"><highlight class="normal"><sp/><sp/><sp/><sp/><sp/><sp/><sp/><sp/></highlight><highlight class="keywordflow">if</highlight><highlight class="normal"><sp/>(colonne<sp/>==<sp/>2)</highlight></codeline>
<codeline lineno="164"><highlight class="normal"><sp/><sp/><sp/><sp/><sp/><sp/><sp/><sp/><sp/><sp/><sp/><sp/><ref refid="structdata_activation" kindref="compound">dataActivation</ref>-&gt;activation[id]<sp/>=<sp/>atoi(token);</highlight></codeline>
<codeline lineno="165"><highlight class="normal"><sp/><sp/><sp/><sp/><sp/><sp/><sp/><sp/>colonne++;</highlight></codeline>
<codeline lineno="166"><highlight class="normal"><sp/><sp/><sp/><sp/><sp/><sp/><sp/><sp/>token<sp/>=<sp/>strtok(NULL,<sp/></highlight><highlight class="stringliteral">&quot;;&quot;</highlight><highlight class="normal">);</highlight></codeline>
<codeline lineno="167"><highlight class="normal"><sp/><sp/><sp/><sp/>}</highlight></codeline>
<codeline lineno="168"><highlight class="normal">}</highlight></codeline>
<codeline lineno="169"><highlight class="normal"></highlight></codeline>
<codeline lineno="176" refid="csv_8cpp_1acbc16f61c722ba86bac4676c366b09bb" refkind="member"><highlight class="normal"></highlight><highlight class="keywordtype">void</highlight><highlight class="normal"><sp/><ref refid="csv_8cpp_1acbc16f61c722ba86bac4676c366b09bb" kindref="member">remplirEG</ref>(</highlight><highlight class="keywordtype">char</highlight><highlight class="normal">*<sp/>ligne,<sp/></highlight><highlight class="keywordtype">int</highlight><highlight class="normal"><sp/></highlight><highlight class="keywordtype">id</highlight><highlight class="normal">)</highlight></codeline>
<codeline lineno="177"><highlight class="normal">{</highlight></codeline>
<codeline lineno="178"><highlight class="normal"><sp/><sp/><sp/><sp/></highlight><highlight class="keywordtype">char</highlight><highlight class="normal">*<sp/>token<sp/>=<sp/>strtok(ligne,<sp/></highlight><highlight class="stringliteral">&quot;;&quot;</highlight><highlight class="normal">);</highlight></codeline>
<codeline lineno="179"><highlight class="normal"><sp/><sp/><sp/><sp/></highlight><highlight class="keywordtype">int</highlight><highlight class="normal"><sp/>colonne<sp/>=<sp/>0;</highlight></codeline>
<codeline lineno="180"><highlight class="normal"></highlight></codeline>
<codeline lineno="181"><highlight class="normal"><sp/><sp/><sp/><sp/></highlight><highlight class="keywordflow">while</highlight><highlight class="normal"><sp/>(token<sp/>!=<sp/>NULL)</highlight></codeline>
<codeline lineno="182"><highlight class="normal"><sp/><sp/><sp/><sp/>{</highlight></codeline>
<codeline lineno="183"><highlight class="normal"><sp/><sp/><sp/><sp/><sp/><sp/><sp/><sp/></highlight><highlight class="keywordflow">switch</highlight><highlight class="normal"><sp/>(colonne)</highlight></codeline>
<codeline lineno="184"><highlight class="normal"><sp/><sp/><sp/><sp/><sp/><sp/><sp/><sp/>{</highlight></codeline>
<codeline lineno="185"><highlight class="normal"><sp/><sp/><sp/><sp/><sp/><sp/><sp/><sp/></highlight><highlight class="keywordflow">case</highlight><highlight class="normal"><sp/>0:</highlight></codeline>
<codeline lineno="186"><highlight class="normal"><sp/><sp/><sp/><sp/><sp/><sp/><sp/><sp/><sp/><sp/><sp/><sp/><ref refid="structdata_e_g" kindref="compound">dataEG</ref>-&gt;EG[id]<sp/>=<sp/>(int16_t)strtol(token,<sp/>NULL,<sp/>0);</highlight></codeline>
<codeline lineno="187"><highlight class="normal"><sp/><sp/><sp/><sp/><sp/><sp/><sp/><sp/><sp/><sp/><sp/><sp/></highlight><highlight class="keywordflow">break</highlight><highlight class="normal">;</highlight></codeline>
<codeline lineno="188"><highlight class="normal"><sp/><sp/><sp/><sp/><sp/><sp/><sp/><sp/></highlight><highlight class="keywordflow">case</highlight><highlight class="normal"><sp/>1:</highlight></codeline>
<codeline lineno="189"><highlight class="normal"><sp/><sp/><sp/><sp/><sp/><sp/><sp/><sp/><sp/><sp/><sp/><sp/><ref refid="csv_8cpp_1a12cdfbd8ea531195d20d46386535a300" kindref="member">removeCarriageReturn</ref>(token);</highlight></codeline>
<codeline lineno="190"><highlight class="normal"><sp/><sp/><sp/><sp/><sp/><sp/><sp/><sp/><sp/><sp/><sp/><sp/><ref refid="structdata_e_g" kindref="compound">dataEG</ref>-&gt;nom[id]<sp/>=<sp/>strdup(token);</highlight></codeline>
<codeline lineno="191"><highlight class="normal"><sp/><sp/><sp/><sp/><sp/><sp/><sp/><sp/><sp/><sp/><sp/><sp/></highlight><highlight class="keywordflow">break</highlight><highlight class="normal">;</highlight></codeline>
<codeline lineno="192"><highlight class="normal"><sp/><sp/><sp/><sp/><sp/><sp/><sp/><sp/></highlight><highlight class="keywordflow">default</highlight><highlight class="normal">:</highlight></codeline>
<codeline lineno="193"><highlight class="normal"><sp/><sp/><sp/><sp/><sp/><sp/><sp/><sp/><sp/><sp/><sp/><sp/></highlight><highlight class="keywordflow">break</highlight><highlight class="normal">;</highlight></codeline>
<codeline lineno="194"><highlight class="normal"><sp/><sp/><sp/><sp/><sp/><sp/><sp/><sp/>}</highlight></codeline>
<codeline lineno="195"><highlight class="normal"><sp/><sp/><sp/><sp/><sp/><sp/><sp/><sp/>colonne++;</highlight></codeline>
<codeline lineno="196"><highlight class="normal"><sp/><sp/><sp/><sp/><sp/><sp/><sp/><sp/>token<sp/>=<sp/>strtok(NULL,<sp/></highlight><highlight class="stringliteral">&quot;;&quot;</highlight><highlight class="normal">);</highlight></codeline>
<codeline lineno="197"><highlight class="normal"><sp/><sp/><sp/><sp/>}</highlight></codeline>
<codeline lineno="198"><highlight class="normal">}</highlight></codeline>
<codeline lineno="199"><highlight class="normal"></highlight></codeline>
<codeline lineno="206" refid="csv_8cpp_1a59b3cd375160ea778a774e62c7c64f7d" refkind="member"><highlight class="normal">uint8_t<sp/><ref refid="csv_8cpp_1a59b3cd375160ea778a774e62c7c64f7d" kindref="member">getActivation</ref>(</highlight><highlight class="keywordtype">int</highlight><highlight class="normal"><sp/>ligne)<sp/>{</highlight></codeline>
<codeline lineno="207"><highlight class="normal"><sp/><sp/><sp/><sp/></highlight><highlight class="keywordflow">return</highlight><highlight class="normal"><sp/><ref refid="structdata_activation" kindref="compound">dataActivation</ref>-&gt;activation[ligne];</highlight></codeline>
<codeline lineno="208"><highlight class="normal">}</highlight></codeline>
<codeline lineno="209"><highlight class="normal"></highlight></codeline>
<codeline lineno="216" refid="csv_8cpp_1a70bcd737e5a40f36e1cccaf3a7f63379" refkind="member"><highlight class="normal">int16_t<sp/><ref refid="csv_8cpp_1a70bcd737e5a40f36e1cccaf3a7f63379" kindref="member">getEGcsv</ref>(</highlight><highlight class="keywordtype">int</highlight><highlight class="normal"><sp/>ligne)</highlight></codeline>
<codeline lineno="217"><highlight class="normal">{</highlight></codeline>
<codeline lineno="218"><highlight class="normal"><sp/><sp/><sp/><sp/></highlight><highlight class="keywordflow">return</highlight><highlight class="normal"><sp/><ref refid="structdata_e_g" kindref="compound">dataEG</ref>-&gt;EG[ligne];</highlight></codeline>
<codeline lineno="219"><highlight class="normal">}</highlight></codeline>
<codeline lineno="220"><highlight class="normal"></highlight></codeline>
<codeline lineno="226" refid="csv_8cpp_1a12cdfbd8ea531195d20d46386535a300" refkind="member"><highlight class="normal"></highlight><highlight class="keywordtype">void</highlight><highlight class="normal"><sp/><ref refid="csv_8cpp_1a12cdfbd8ea531195d20d46386535a300" kindref="member">removeCarriageReturn</ref>(</highlight><highlight class="keywordtype">char</highlight><highlight class="normal">*<sp/>str)</highlight></codeline>
<codeline lineno="227"><highlight class="normal">{</highlight></codeline>
<codeline lineno="228"><highlight class="normal"><sp/><sp/><sp/><sp/></highlight><highlight class="keywordtype">int</highlight><highlight class="normal"><sp/>i<sp/>=<sp/>0;</highlight></codeline>
<codeline lineno="229"><highlight class="normal"><sp/><sp/><sp/><sp/></highlight><highlight class="keywordflow">while</highlight><highlight class="normal"><sp/>(str[i]<sp/>!=<sp/></highlight><highlight class="charliteral">&apos;\0&apos;</highlight><highlight class="normal">)</highlight></codeline>
<codeline lineno="230"><highlight class="normal"><sp/><sp/><sp/><sp/>{</highlight></codeline>
<codeline lineno="231"><highlight class="normal"><sp/><sp/><sp/><sp/><sp/><sp/><sp/><sp/></highlight><highlight class="keywordflow">if</highlight><highlight class="normal"><sp/>(str[i]<sp/>==<sp/></highlight><highlight class="charliteral">&apos;\r&apos;</highlight><highlight class="normal">)</highlight></codeline>
<codeline lineno="232"><highlight class="normal"><sp/><sp/><sp/><sp/><sp/><sp/><sp/><sp/>{</highlight></codeline>
<codeline lineno="233"><highlight class="normal"><sp/><sp/><sp/><sp/><sp/><sp/><sp/><sp/><sp/><sp/><sp/><sp/>str[i]<sp/>=<sp/></highlight><highlight class="charliteral">&apos;\0&apos;</highlight><highlight class="normal">;<sp/></highlight><highlight class="comment">//<sp/>Replace<sp/>carriage<sp/>return<sp/>with<sp/>null<sp/>terminator</highlight><highlight class="normal"></highlight></codeline>
<codeline lineno="234"><highlight class="normal"><sp/><sp/><sp/><sp/><sp/><sp/><sp/><sp/><sp/><sp/><sp/><sp/></highlight><highlight class="keywordflow">break</highlight><highlight class="normal">;<sp/></highlight><highlight class="comment">//<sp/>Stop<sp/>after<sp/>the<sp/>first<sp/>carriage<sp/>return</highlight><highlight class="normal"></highlight></codeline>
<codeline lineno="235"><highlight class="normal"><sp/><sp/><sp/><sp/><sp/><sp/><sp/><sp/>}</highlight></codeline>
<codeline lineno="236"><highlight class="normal"><sp/><sp/><sp/><sp/><sp/><sp/><sp/><sp/>i++;</highlight></codeline>
<codeline lineno="237"><highlight class="normal"><sp/><sp/><sp/><sp/>}</highlight></codeline>
<codeline lineno="238"><highlight class="normal">}</highlight></codeline>
    </programlisting>
    <location file="C:/Users/Squaria/Documents/openPOWERLINK_V2_CAC/apps/OBC_MN/src/csv.cpp"/>
  </compounddef>
</doxygen>
