<?xml version='1.0' encoding='UTF-8' standalone='no'?>
<doxygenindex xmlns:xsi="http://www.w3.org/2001/XMLSchema-instance" xsi:noNamespaceSchemaLocation="index.xsd" version="1.10.0" xml:lang="en-US">
  <compound refid="structdata_activation" kind="struct"><name>dataActivation</name>
  </compound>
  <compound refid="structdata_e_g" kind="struct"><name>dataEG</name>
  </compound>
  <compound refid="classfile" kind="class"><name>file</name>
    <member refid="classfile_1a483afd9f96538c51735fb686edd2cc25" kind="variable"><name>pathFile</name></member>
    <member refid="classfile_1a60c20221b3650d600b0e10c300a66faa" kind="variable"><name>dataFile</name></member>
    <member refid="classfile_1a32d4e3f75b05cec4881a282bf92617cd" kind="variable"><name>nameFiles</name></member>
    <member refid="classfile_1a3bca228e2cfb8cd254e4770f8d1f058b" kind="variable"><name>year_month_day</name></member>
    <member refid="classfile_1abcaf2953711c9b12908a0858523b1265" kind="variable"><name>hour_minute_second</name></member>
    <member refid="classfile_1a22090815b0614f552f2cb2cc8f170572" kind="function"><name>file</name></member>
    <member refid="classfile_1a7174566303bcda6dc7d47cc0997c8c42" kind="function"><name>~file</name></member>
    <member refid="classfile_1ac0354d5b8c38714c335bed66f1a5368c" kind="function"><name>initFile</name></member>
    <member refid="classfile_1af0da4dcb7aa1111b0858eca8efc1ec30" kind="function"><name>testWriteFile</name></member>
    <member refid="classfile_1a5eabb45d2518c4ad1391be6d5205cfdf" kind="function"><name>openFile</name></member>
    <member refid="classfile_1a86ce3c36d7e87f24600c8755d8601e7c" kind="function"><name>closeFile</name></member>
    <member refid="classfile_1a873fcc71c11302b9e65f54f165cc1236" kind="function"><name>writeTelem</name></member>
    <member refid="classfile_1af8c8b22309c8efd3fb87a567a74c16b5" kind="function"><name>writeError</name></member>
  </compound>
  <compound refid="struct_ligne_activation" kind="struct"><name>LigneActivation</name>
    <member refid="struct_ligne_activation_1a75f37006d60ba54e0cc20b3cf0e6c449" kind="variable"><name>activation</name></member>
  </compound>
  <compound refid="struct_ligne_e_g" kind="struct"><name>LigneEG</name>
    <member refid="struct_ligne_e_g_1a798f7a58703288236d76c6fb141f5756" kind="variable"><name>EG</name></member>
    <member refid="struct_ligne_e_g_1a466c1a46947d19a6cb596d48f8726c92" kind="variable"><name>nom</name></member>
  </compound>
  <compound refid="classopl" kind="class"><name>opl</name>
    <member refid="classopl_1a43a83ace00cba207a89cf65e3b995d7e" kind="function"><name>opl</name></member>
    <member refid="classopl_1a8d5d5db31b3d8150af42d2bb000d94fa" kind="function"><name>~opl</name></member>
  </compound>
  <compound refid="struct_p_i___i_n" kind="struct"><name>PI_IN</name>
    <member refid="struct_p_i___i_n_1a1f35f6ce611fe3bb17297507b7c76428" kind="variable"><name>in_MN_array</name></member>
  </compound>
  <compound refid="struct_p_i___o_u_t" kind="struct"><name>PI_OUT</name>
    <member refid="struct_p_i___o_u_t_1a694b2a7f1ee5ed56e399348bb5c7649d" kind="variable"><name>out_MN_array</name></member>
  </compound>
  <compound refid="structt_demo_node_info" kind="struct"><name>tDemoNodeInfo</name>
    <member refid="structt_demo_node_info_1a60bbcadab2d687ca6352dd70c3d92804" kind="variable"><name>nodeState</name></member>
  </compound>
  <compound refid="structt_event_config" kind="struct"><name>tEventConfig</name>
    <member refid="structt_event_config_1a5baa11deb2b8d39e42178a4a72100292" kind="variable"><name>pfGsOff</name></member>
    <member refid="structt_event_config_1a210224e651107b9afb21698ad40d9ad0" kind="variable"><name>pfnFirmwareManagerCallback</name></member>
  </compound>
  <compound refid="structt_event_instance" kind="struct"><name>tEventInstance</name>
    <member refid="structt_event_instance_1a43a0e58094120d407660a8a246fdfff0" kind="variable"><name>config</name></member>
  </compound>
  <compound refid="structt_options" kind="struct"><name>tOptions</name>
    <member refid="structt_options_1a6ddddbecf7127a1d2a9b9f8e430ce72e" kind="variable"><name>cdcFile</name></member>
    <member refid="structt_options_1a32813633c4fc364b2354b34c93af6d5c" kind="variable"><name>fwInfoFile</name></member>
    <member refid="structt_options_1a7d8b6a0dc8e19d43ed48e2a7f0b47da8" kind="variable"><name>pLogFile</name></member>
    <member refid="structt_options_1ad4dfda079fb51a7c23ff0321a2fc920e" kind="variable"><name>logFormat</name></member>
    <member refid="structt_options_1ac41ac397dd5398c735a7845a023e7877" kind="variable"><name>logLevel</name></member>
    <member refid="structt_options_1ac2d0a48a3d2ed344da01233e48372775" kind="variable"><name>logCategory</name></member>
    <member refid="structt_options_1a675c269016681a9bf07a16d975c20963" kind="variable"><name>devName</name></member>
  </compound>
  <compound refid="namespacestd" kind="namespace"><name>std</name>
  </compound>
  <compound refid="config_define_8h" kind="file"><name>configDefine.h</name>
    <member refid="config_define_8h_1ac9ac8ba41c4385306791b6640b1d51dc" kind="define"><name>CYCLE_LEN</name></member>
    <member refid="config_define_8h_1a2f7945514ea8b2c7145cf68d47c96a08" kind="define"><name>NODEID</name></member>
    <member refid="config_define_8h_1a14b0a7da8cf3edbfec9630c2ec290148" kind="define"><name>IP_ADDR</name></member>
    <member refid="config_define_8h_1a2277cfa773d618a987524fc0590fe253" kind="define"><name>SUBNET_MASK</name></member>
    <member refid="config_define_8h_1ab0092e2619bef8d5375800f507d3080c" kind="define"><name>DEFAULT_GATEWAY</name></member>
    <member refid="config_define_8h_1abd2aacdca9cb2a1a30f3392256b96ea3" kind="define"><name>MAX_NODES</name></member>
    <member refid="config_define_8h_1a563cad7e347a704508920c0c59f74808" kind="define"><name>DEVNAME</name></member>
    <member refid="config_define_8h_1aa8a09c72ec4b0fb08add063f03dec883" kind="define"><name>CDCFILE</name></member>
    <member refid="config_define_8h_1ab5cbebecab98e4234ae1b2e5ff94ccbc" kind="define"><name>SIZE_OUT</name></member>
    <member refid="config_define_8h_1ac072f7043a3fb31b4fc2d1bcb687c157" kind="define"><name>SIZE_IN</name></member>
    <member refid="config_define_8h_1a4e49face896c52c0f543cd14338d503d" kind="define"><name>COMPUTED_PI_OUT_SIZE</name></member>
    <member refid="config_define_8h_1a14557d5857db9a5a599b852033ce8de5" kind="define"><name>COMPUTED_PI_IN_SIZE</name></member>
    <member refid="config_define_8h_1a9eb6992d76f02128388ae95c0415604a" kind="define"><name>MAX_PATH_LENGTH</name></member>
    <member refid="config_define_8h_1a706068f562dd5c64a8b7bbd4b2298dd1" kind="define"><name>MAX_LINE_SIZE</name></member>
    <member refid="config_define_8h_1af03b9ef4da5daeff7665f07931101fdb" kind="define"><name>COMMON_PHYSICAL_CONFIG_DIRECTORY</name></member>
    <member refid="config_define_8h_1a4714f9212329c04dc628e204388611a1" kind="define"><name>EG_ETAT_DIRECTORY</name></member>
    <member refid="config_define_8h_1aeead33868b09a953457fd5235525bd39" kind="define"><name>TELEMFILES_DIRECTORY</name></member>
    <member refid="config_define_8h_1a33e0ce62bb48bae39a3086aa66f18abf" kind="define"><name>EVENTLOG_MAX_LENGTH</name></member>
    <member refid="config_define_8h_1a2c15aa6025df557ee17f49ec0de3ca3e" kind="define"><name>DELAYMSINIT</name></member>
    <member refid="config_define_8h_1a0cb3b08249c5a31d756d998565ed6a35" kind="define"><name>DELAYMSCONTROL</name></member>
  </compound>
  <compound refid="csv_8h" kind="file"><name>csv.h</name>
    <member refid="csv_8h_1a6d01cb64bb5d3e9ccda826e7b892ae18" kind="variable"><name>dataActivation</name></member>
    <member refid="csv_8h_1ac119725e56f891ac0af277ad61a9eaf4" kind="variable"><name>dataEG</name></member>
    <member refid="csv_8h_1a57ce52f959b46f63b41ea53578833174" kind="function"><name>initCSV</name></member>
    <member refid="csv_8h_1a39604608c86deb3e5925261c5a9413ca" kind="function"><name>extinctCSV</name></member>
    <member refid="csv_8h_1a2e7bd32b81cf14bdd3867119fe4c75c2" kind="function"><name>lireFichierActivation</name></member>
    <member refid="csv_8h_1a6c7104900937bff943d7f36f4f9cb7f0" kind="function"><name>lireFichierEG</name></member>
    <member refid="csv_8h_1ab2ab3ac11ce7f23bde4ddf923050b533" kind="function"><name>remplirStructureCommon</name></member>
    <member refid="csv_8h_1acbc16f61c722ba86bac4676c366b09bb" kind="function"><name>remplirEG</name></member>
    <member refid="csv_8h_1a59b3cd375160ea778a774e62c7c64f7d" kind="function"><name>getActivation</name></member>
    <member refid="csv_8h_1a70bcd737e5a40f36e1cccaf3a7f63379" kind="function"><name>getEGcsv</name></member>
    <member refid="csv_8h_1a12cdfbd8ea531195d20d46386535a300" kind="function"><name>removeCarriageReturn</name></member>
  </compound>
  <compound refid="event_opl_8h" kind="file"><name>eventOpl.h</name>
    <member refid="event_opl_8h_1a708072d52104add21873311bb5ad111a" kind="function"><name>initEvents</name></member>
    <member refid="event_opl_8h_1ad6f574bee28d3a8f66b5885f365a8df2" kind="function"><name>processEvents</name></member>
  </compound>
  <compound refid="file_8h" kind="file"><name>file.h</name>
  </compound>
  <compound refid="nb_nodes_8h" kind="file"><name>nbNodes.h</name>
    <member refid="nb_nodes_8h_1a6206026f72c671f64485c7be7f4288d2" kind="define"><name>NB_NODES</name></member>
  </compound>
  <compound refid="opl_8h" kind="file"><name>opl.h</name>
    <member refid="opl_8h_1a8dd1817cec0b1c38e0b7eb2470855b25" kind="variable"><name>nbValuesCN_Out</name></member>
    <member refid="opl_8h_1a38621a01003975db3d4d97d7c7b5c874" kind="variable"><name>nbValuesCN_In</name></member>
    <member refid="opl_8h_1a79db23e985d7f28a067c6a822761b5f9" kind="function"><name>initPowerlink</name></member>
    <member refid="opl_8h_1ac31969ba716dc382cc1e4c9fcf8f06cc" kind="function"><name>initOplThread</name></member>
    <member refid="opl_8h_1a6928095e76089df62d549c72bf870b44" kind="function"><name>initProcessImage</name></member>
    <member refid="opl_8h_1aaf99cd726620ac95ff0d54f65485fb2a" kind="function"><name>shutdownOplImage</name></member>
    <member refid="opl_8h_1a6113e17ab32811ea2704cbfbb967c64f" kind="function"><name>checkStateOpl</name></member>
    <member refid="opl_8h_1aaf3f45fd8772392506e2cd143b46a455" kind="function"><name>shutdownPowerlink</name></member>
    <member refid="opl_8h_1ac86056da77ac48c34bffd6a85f4567fe" kind="function"><name>processSync</name></member>
    <member refid="opl_8h_1abff5ae651c9c5931bdf8dfcb7e64d689" kind="function"><name>initApp</name></member>
    <member refid="opl_8h_1a670c5cd6fdf306df596560ec23f0cd2f" kind="function"><name>initOPL</name></member>
    <member refid="opl_8h_1a43f9337be3f9efa2653d87b1f95af44c" kind="function"><name>extinctOPL</name></member>
    <member refid="opl_8h_1a623d3409941338243e5504c2d9e10b74" kind="function"><name>getValues_In_MN</name></member>
    <member refid="opl_8h_1ab19dffb79a3af5e336923b27bd441780" kind="function"><name>setValues_Out_MN</name></member>
    <member refid="opl_8h_1a49a4367dee21b29ba4289959d09bdbfc" kind="function"><name>setActivated_In_MN</name></member>
    <member refid="opl_8h_1a0e626359c6d8f3e0bc7e7c19c01fa820" kind="function"><name>affValeursIn</name></member>
    <member refid="opl_8h_1a7f68cfdc214d014a4d8676853a577e31" kind="function"><name>affValeursOut</name></member>
    <member refid="opl_8h_1a4f204b11f6909d44c14be101d4d01055" kind="function"><name>affValeursInProcess</name></member>
    <member refid="opl_8h_1a4694c875ca4b6710094a1116cb75aea0" kind="function"><name>affValeursOutProcess</name></member>
    <member refid="opl_8h_1a42ffa874fd1654b63c707c7444c5f5a7" kind="function"><name>changeEG</name></member>
    <member refid="opl_8h_1aa811a9aae2371f56969a0f49d2fb6a01" kind="function"><name>setEGToManualMode</name></member>
    <member refid="opl_8h_1a2d1d0692ab49f35acb65290d9ffdc46e" kind="function"><name>manualActivation</name></member>
    <member refid="opl_8h_1a70d6c24319699ddf386b7ed176641580" kind="function"><name>setEG</name></member>
  </compound>
  <compound refid="status_error_define_8h" kind="file"><name>statusErrorDefine.h</name>
    <member refid="status_error_define_8h_1adf0c44f8de9b8e78b0e56caacfa1ac94" kind="enum"><name>statusErrDef</name></member>
    <member refid="status_error_define_8h_1adf0c44f8de9b8e78b0e56caacfa1ac94ab22416d928134d1c6c7b2e8d2c31f20b" kind="enumvalue"><name>noError</name></member>
    <member refid="status_error_define_8h_1adf0c44f8de9b8e78b0e56caacfa1ac94a8b992258cae8775371242263b1b63c08" kind="enumvalue"><name>infoInitCSV</name></member>
    <member refid="status_error_define_8h_1adf0c44f8de9b8e78b0e56caacfa1ac94a33282492c0682ba4272d206c0c76a476" kind="enumvalue"><name>infoCSVChanged</name></member>
    <member refid="status_error_define_8h_1adf0c44f8de9b8e78b0e56caacfa1ac94a3e92293429589d611d781d83a0c14864" kind="enumvalue"><name>infoShutdownCSV</name></member>
    <member refid="status_error_define_8h_1adf0c44f8de9b8e78b0e56caacfa1ac94a9ef364ca76717a6e880992c611f4567f" kind="enumvalue"><name>infoInitOPL</name></member>
    <member refid="status_error_define_8h_1adf0c44f8de9b8e78b0e56caacfa1ac94a999c5392645c39b07e6b15445143cb58" kind="enumvalue"><name>infoEGNotChanged</name></member>
    <member refid="status_error_define_8h_1adf0c44f8de9b8e78b0e56caacfa1ac94acd2d81872afb7b452fdc7e9a11d13d79" kind="enumvalue"><name>infoStopOrderReceived</name></member>
    <member refid="status_error_define_8h_1adf0c44f8de9b8e78b0e56caacfa1ac94a7aa913f5c87b2f9c4bec8e180721e199" kind="enumvalue"><name>infoNoStopOrder</name></member>
    <member refid="status_error_define_8h_1adf0c44f8de9b8e78b0e56caacfa1ac94a8b055c6b5a03623894e2735710fdfaca" kind="enumvalue"><name>infoShutdownOPL</name></member>
    <member refid="status_error_define_8h_1adf0c44f8de9b8e78b0e56caacfa1ac94a53171600fab70738553b593c6c3db77d" kind="enumvalue"><name>infoInitValve</name></member>
    <member refid="status_error_define_8h_1adf0c44f8de9b8e78b0e56caacfa1ac94a80338adb7be3d180e1333815812d274d" kind="enumvalue"><name>infoVerifDependSucess</name></member>
    <member refid="status_error_define_8h_1adf0c44f8de9b8e78b0e56caacfa1ac94a9ae1f6622501f46a2c7dbcf1217a700b" kind="enumvalue"><name>infoNoDepend</name></member>
    <member refid="status_error_define_8h_1adf0c44f8de9b8e78b0e56caacfa1ac94adcffca0fc897e7e44bc66c6f47ae8a1e" kind="enumvalue"><name>infoValveAlreadyActivated</name></member>
    <member refid="status_error_define_8h_1adf0c44f8de9b8e78b0e56caacfa1ac94aa0f22b79ff1056e5dbd2add0afba892c" kind="enumvalue"><name>infoAllDependNotActivated</name></member>
    <member refid="status_error_define_8h_1adf0c44f8de9b8e78b0e56caacfa1ac94ab3077fec19fccfeb9d807e656556c75e" kind="enumvalue"><name>infoShutdownValve</name></member>
    <member refid="status_error_define_8h_1adf0c44f8de9b8e78b0e56caacfa1ac94afd0bd927b473d07ca7ce9723666b3d7a" kind="enumvalue"><name>infoInitSensor</name></member>
    <member refid="status_error_define_8h_1adf0c44f8de9b8e78b0e56caacfa1ac94ae90bcc7ae0a81f0d17f0620649cffe06" kind="enumvalue"><name>infoReadChannels</name></member>
    <member refid="status_error_define_8h_1adf0c44f8de9b8e78b0e56caacfa1ac94ace6949520e27cb5384ef035c68693375" kind="enumvalue"><name>infoShutdownSensor</name></member>
    <member refid="status_error_define_8h_1adf0c44f8de9b8e78b0e56caacfa1ac94ae2d916991a99ff8e3b05605063b91b78" kind="enumvalue"><name>infoStateToInit</name></member>
    <member refid="status_error_define_8h_1adf0c44f8de9b8e78b0e56caacfa1ac94a4f8af5104200cbeec9dd2664b09db5fb" kind="enumvalue"><name>infoStateToControl</name></member>
    <member refid="status_error_define_8h_1adf0c44f8de9b8e78b0e56caacfa1ac94a07e3be144c2a7d4c69691470f0bcd261" kind="enumvalue"><name>infoStateToManualMode</name></member>
    <member refid="status_error_define_8h_1adf0c44f8de9b8e78b0e56caacfa1ac94a01e41b59bd1914b962c2219c0eeca685" kind="enumvalue"><name>infoStateToShutdown</name></member>
    <member refid="status_error_define_8h_1adf0c44f8de9b8e78b0e56caacfa1ac94ae7bf9a86fbf981c6e4caf5912790bd4a" kind="enumvalue"><name>errOpenTelemFile</name></member>
    <member refid="status_error_define_8h_1adf0c44f8de9b8e78b0e56caacfa1ac94ad8e0328b57f4daa9a6a29519f1d8558a" kind="enumvalue"><name>errTestWriteFile</name></member>
    <member refid="status_error_define_8h_1adf0c44f8de9b8e78b0e56caacfa1ac94a2a9edd04aaa6fed4564c1a9018a287f5" kind="enumvalue"><name>errCloseTelemFile</name></member>
    <member refid="status_error_define_8h_1adf0c44f8de9b8e78b0e56caacfa1ac94a7f5fa8b07e851d30728b48a6706f3406" kind="enumvalue"><name>errAllocDataEG</name></member>
    <member refid="status_error_define_8h_1adf0c44f8de9b8e78b0e56caacfa1ac94aa17dee312ce9f8b84311bcfeeea687e4" kind="enumvalue"><name>errAllocDataEtats</name></member>
    <member refid="status_error_define_8h_1adf0c44f8de9b8e78b0e56caacfa1ac94a52c0a0dc9ef385f587dda867044b4643" kind="enumvalue"><name>errAllocDataPhysValves</name></member>
    <member refid="status_error_define_8h_1adf0c44f8de9b8e78b0e56caacfa1ac94ae97856e69e4799dd26242af002ea490d" kind="enumvalue"><name>errAllocDataPhysSensors</name></member>
    <member refid="status_error_define_8h_1adf0c44f8de9b8e78b0e56caacfa1ac94aa748b576dd63269692bf94745ebde592" kind="enumvalue"><name>errAllocDataActivation</name></member>
    <member refid="status_error_define_8h_1adf0c44f8de9b8e78b0e56caacfa1ac94a30f34309a812bd0a316489459b8bb55d" kind="enumvalue"><name>errOpenEGFile</name></member>
    <member refid="status_error_define_8h_1adf0c44f8de9b8e78b0e56caacfa1ac94a14f3c6267c7217f788ac3ce46bd60835" kind="enumvalue"><name>errEGNotFoundInFile</name></member>
    <member refid="status_error_define_8h_1adf0c44f8de9b8e78b0e56caacfa1ac94a12741a8473115ee22c636b93fbef02a4" kind="enumvalue"><name>errOpenEtatsFile</name></member>
    <member refid="status_error_define_8h_1adf0c44f8de9b8e78b0e56caacfa1ac94aec51d52bd267e359598a1910f12b65b4" kind="enumvalue"><name>errOpenPhysValvesFile</name></member>
    <member refid="status_error_define_8h_1adf0c44f8de9b8e78b0e56caacfa1ac94a9883c20b0333d35a1a7b2342627a536c" kind="enumvalue"><name>errOpenPhysSensorsFile</name></member>
    <member refid="status_error_define_8h_1adf0c44f8de9b8e78b0e56caacfa1ac94aa8dbde321e31e69aeaa49dc7f37bbc16" kind="enumvalue"><name>errOpenActivationFile</name></member>
    <member refid="status_error_define_8h_1adf0c44f8de9b8e78b0e56caacfa1ac94ae1a5bbac3235cbdf4dfdaf395813d328" kind="enumvalue"><name>errOPLSystemInit</name></member>
    <member refid="status_error_define_8h_1adf0c44f8de9b8e78b0e56caacfa1ac94a3ccc2755005e3b8f7aedd3787bef4869" kind="enumvalue"><name>errSelNetInterface</name></member>
    <member refid="status_error_define_8h_1adf0c44f8de9b8e78b0e56caacfa1ac94a3ebf20f82ef4ab6c130e48091c95cba7" kind="enumvalue"><name>errInitObjDictionary</name></member>
    <member refid="status_error_define_8h_1adf0c44f8de9b8e78b0e56caacfa1ac94a93dde49c48ef9bb619348e72d664c43d" kind="enumvalue"><name>errOplkInit</name></member>
    <member refid="status_error_define_8h_1adf0c44f8de9b8e78b0e56caacfa1ac94ae58a341d48e59f97d21886e8e27b0db8" kind="enumvalue"><name>errOplkCreate</name></member>
    <member refid="status_error_define_8h_1adf0c44f8de9b8e78b0e56caacfa1ac94aeea752eff283031109152c89cad12c40" kind="enumvalue"><name>errOplkAllocProcessImage</name></member>
    <member refid="status_error_define_8h_1adf0c44f8de9b8e78b0e56caacfa1ac94a6f6e0379e57e89a0eb4d33299a5716d3" kind="enumvalue"><name>errLinkPDOout</name></member>
    <member refid="status_error_define_8h_1adf0c44f8de9b8e78b0e56caacfa1ac94a34c4ba48af587dadc519d4b49f773fbb" kind="enumvalue"><name>errLinkPDOEGin</name></member>
    <member refid="status_error_define_8h_1adf0c44f8de9b8e78b0e56caacfa1ac94a2d71b8bf78bab50fc7914c15391b7e4c" kind="enumvalue"><name>errLinkPDOin</name></member>
    <member refid="status_error_define_8h_1adf0c44f8de9b8e78b0e56caacfa1ac94adc47549c3ae339d7b2b8d77ac0ad63bf" kind="enumvalue"><name>errSendNMTResetCommand</name></member>
    <member refid="status_error_define_8h_1adf0c44f8de9b8e78b0e56caacfa1ac94acb7ab15cc47c08906b755f31f53b39b3" kind="enumvalue"><name>errOplkFreeProcessImage</name></member>
    <member refid="status_error_define_8h_1adf0c44f8de9b8e78b0e56caacfa1ac94a577af9c3c84d95925e05d66000b3d411" kind="enumvalue"><name>errSystemSendTerminate</name></member>
    <member refid="status_error_define_8h_1adf0c44f8de9b8e78b0e56caacfa1ac94a34e5cf990e434aa370892b7d204206c8" kind="enumvalue"><name>errOplKernelStackDown</name></member>
    <member refid="status_error_define_8h_1adf0c44f8de9b8e78b0e56caacfa1ac94a0d3760066c986a1d218efcd7a8144ce5" kind="enumvalue"><name>errInitFirmwareManager</name></member>
    <member refid="status_error_define_8h_1adf0c44f8de9b8e78b0e56caacfa1ac94a8de9d8ff43159f5a2951d00c9e67ceaa" kind="enumvalue"><name>errOplkSetCDCFileName</name></member>
    <member refid="status_error_define_8h_1adf0c44f8de9b8e78b0e56caacfa1ac94ac1fba758bf7bd388901dff034ab55ab3" kind="enumvalue"><name>errSetupProcessImage</name></member>
    <member refid="status_error_define_8h_1adf0c44f8de9b8e78b0e56caacfa1ac94aebbac86c9dfcf75f2812d9ef1e93693b" kind="enumvalue"><name>errGPIOPathEmpty</name></member>
    <member refid="status_error_define_8h_1adf0c44f8de9b8e78b0e56caacfa1ac94a19ac259774bb0891cc3bad74473984c5" kind="enumvalue"><name>errOpenGPIO</name></member>
    <member refid="status_error_define_8h_1adf0c44f8de9b8e78b0e56caacfa1ac94ad601b41162c91eaf13e62a938db42636" kind="enumvalue"><name>errGPIOGetLine</name></member>
    <member refid="status_error_define_8h_1adf0c44f8de9b8e78b0e56caacfa1ac94a2485272769a6cfdbf6f91340bb741092" kind="enumvalue"><name>errGPIORequestOutput</name></member>
    <member refid="status_error_define_8h_1adf0c44f8de9b8e78b0e56caacfa1ac94a49c48509a2e506bb1cdbf57f6638dbe2" kind="enumvalue"><name>errGetValveInitValue</name></member>
    <member refid="status_error_define_8h_1adf0c44f8de9b8e78b0e56caacfa1ac94aec2040d37c7bf6607456c056344f6c42" kind="enumvalue"><name>errValueInitIsNotBinary</name></member>
    <member refid="status_error_define_8h_1adf0c44f8de9b8e78b0e56caacfa1ac94a763d85cc76cf1596ee353e9fb1b38903" kind="enumvalue"><name>errGPIOSetInitValue</name></member>
    <member refid="status_error_define_8h_1adf0c44f8de9b8e78b0e56caacfa1ac94ab6044186bf03edb2f4ae79d23c664644" kind="enumvalue"><name>errGPIOGetValue</name></member>
    <member refid="status_error_define_8h_1adf0c44f8de9b8e78b0e56caacfa1ac94af034509b765efa4ee9fc365cc6db4943" kind="enumvalue"><name>errGPIODependValue</name></member>
    <member refid="status_error_define_8h_1adf0c44f8de9b8e78b0e56caacfa1ac94a214fda571451d3d8b705490f276a81ce" kind="enumvalue"><name>errDependOutsideOfRange</name></member>
    <member refid="status_error_define_8h_1adf0c44f8de9b8e78b0e56caacfa1ac94a9a1dd444c2528ae6922e7fdec7f37611" kind="enumvalue"><name>errValueIsNotBinary</name></member>
    <member refid="status_error_define_8h_1adf0c44f8de9b8e78b0e56caacfa1ac94a5c2c18ec122e2cca417baf06cc784129" kind="enumvalue"><name>errGPIOSetValue</name></member>
    <member refid="status_error_define_8h_1adf0c44f8de9b8e78b0e56caacfa1ac94a117109c04d16b697e197f21a45362fec" kind="enumvalue"><name>errGPIORelease</name></member>
    <member refid="status_error_define_8h_1adf0c44f8de9b8e78b0e56caacfa1ac94abb3be0d1d4505ac1644533c725c8652d" kind="enumvalue"><name>errOpenAdc</name></member>
    <member refid="status_error_define_8h_1adf0c44f8de9b8e78b0e56caacfa1ac94a853bb660c03c4d6dbdf70e139b46600d" kind="enumvalue"><name>errReadAdc</name></member>
    <member refid="status_error_define_8h_1adf0c44f8de9b8e78b0e56caacfa1ac94a282120158405e4a34ce8e365c3684fb8" kind="enumvalue"><name>errCloseAdc</name></member>
    <member refid="status_error_define_8h_1a46c8a310cf4c094f8c80e1cb8dc1f911" kind="enum"><name>Mode</name></member>
    <member refid="status_error_define_8h_1a46c8a310cf4c094f8c80e1cb8dc1f911a9761086e420b925e438327ad385b304d" kind="enumvalue"><name>automatic</name></member>
    <member refid="status_error_define_8h_1a46c8a310cf4c094f8c80e1cb8dc1f911af2ff5ec687c78928f81c2842750e3f67" kind="enumvalue"><name>manual</name></member>
    <member refid="status_error_define_8h_1a8a5ff9e57db5d201dadd5d4dcacafd50" kind="enum"><name>stateDef</name></member>
    <member refid="status_error_define_8h_1a8a5ff9e57db5d201dadd5d4dcacafd50a2e804b7c8163d212e6231f5228f73ce9" kind="enumvalue"><name>init</name></member>
    <member refid="status_error_define_8h_1a8a5ff9e57db5d201dadd5d4dcacafd50a5d8add8effb2a9964dbebfd27c9ddd31" kind="enumvalue"><name>control</name></member>
    <member refid="status_error_define_8h_1a8a5ff9e57db5d201dadd5d4dcacafd50a806a2e610a79f2c33cb4d122a0f0f877" kind="enumvalue"><name>shutdown</name></member>
    <member refid="status_error_define_8h_1a8a5ff9e57db5d201dadd5d4dcacafd50a6135603307626f48d62e2faa86a1d255" kind="enumvalue"><name>ending</name></member>
    <member refid="status_error_define_8h_1a2618e89b4c26dc851feae865df3a1a49" kind="variable"><name>mode</name></member>
  </compound>
  <compound refid="xap_opl_8h" kind="file"><name>xapOpl.h</name>
  </compound>
  <compound refid="csv_8cpp" kind="file"><name>csv.cpp</name>
    <member refid="csv_8cpp_1a6d01cb64bb5d3e9ccda826e7b892ae18" kind="variable"><name>dataActivation</name></member>
    <member refid="csv_8cpp_1ac119725e56f891ac0af277ad61a9eaf4" kind="variable"><name>dataEG</name></member>
    <member refid="csv_8cpp_1a57ce52f959b46f63b41ea53578833174" kind="function"><name>initCSV</name></member>
    <member refid="csv_8cpp_1a39604608c86deb3e5925261c5a9413ca" kind="function"><name>extinctCSV</name></member>
    <member refid="csv_8cpp_1a2e7bd32b81cf14bdd3867119fe4c75c2" kind="function"><name>lireFichierActivation</name></member>
    <member refid="csv_8cpp_1a6c7104900937bff943d7f36f4f9cb7f0" kind="function"><name>lireFichierEG</name></member>
    <member refid="csv_8cpp_1ab2ab3ac11ce7f23bde4ddf923050b533" kind="function"><name>remplirStructureCommon</name></member>
    <member refid="csv_8cpp_1acbc16f61c722ba86bac4676c366b09bb" kind="function"><name>remplirEG</name></member>
    <member refid="csv_8cpp_1a59b3cd375160ea778a774e62c7c64f7d" kind="function"><name>getActivation</name></member>
    <member refid="csv_8cpp_1a70bcd737e5a40f36e1cccaf3a7f63379" kind="function"><name>getEGcsv</name></member>
    <member refid="csv_8cpp_1a12cdfbd8ea531195d20d46386535a300" kind="function"><name>removeCarriageReturn</name></member>
  </compound>
  <compound refid="event_opl_8c" kind="file"><name>eventOpl.c</name>
    <member refid="event_opl_8c_1a0e1b53cf0cea4698362f22fa97c0ceb4" kind="function"><name>processStateChangeEvent</name></member>
    <member refid="event_opl_8c_1a471f0e4af307e5efc3d9e210cbd55bf3" kind="function"><name>processErrorWarningEvent</name></member>
    <member refid="event_opl_8c_1acc03f0f0fe044e1215cf0fb7dd5dbfab" kind="function"><name>processHistoryEvent</name></member>
    <member refid="event_opl_8c_1ab8eee0c0c8ef3b470b89c2f03151622f" kind="function"><name>processNodeEvent</name></member>
    <member refid="event_opl_8c_1aa2cf6c59fdc9a28d59a00bc8787eec9d" kind="function"><name>processPdoChangeEvent</name></member>
    <member refid="event_opl_8c_1a13fef295b7a62c0e26742595dfd94169" kind="function"><name>processCfmProgressEvent</name></member>
    <member refid="event_opl_8c_1a792464ce63a26909ff7debda8399930d" kind="function"><name>processCfmResultEvent</name></member>
    <member refid="event_opl_8c_1a4779cb6285a203e5b0d37a4fddf64e2b" kind="function"><name>processFirmwareManagerEvents</name></member>
    <member refid="event_opl_8c_1a2e48e96f9ffa5ddea61959e3d669faa3" kind="variable"><name>instance_l</name></member>
    <member refid="event_opl_8c_1a708072d52104add21873311bb5ad111a" kind="function"><name>initEvents</name></member>
    <member refid="event_opl_8c_1ad6f574bee28d3a8f66b5885f365a8df2" kind="function"><name>processEvents</name></member>
  </compound>
  <compound refid="file_8cpp" kind="file"><name>file.cpp</name>
  </compound>
  <compound refid="main_8cpp" kind="file"><name>main.cpp</name>
    <member refid="main_8cpp_1ae66f6b31b5ad750f1fe042a706a4e3d4" kind="function"><name>main</name></member>
  </compound>
  <compound refid="opl_8cpp" kind="file"><name>opl.cpp</name>
    <member refid="opl_8cpp_1a2618e89b4c26dc851feae865df3a1a49" kind="variable"><name>mode</name></member>
    <member refid="opl_8cpp_1a205c320e4549a490660d24878aca4d9e" kind="variable"><name>cmptEG</name></member>
    <member refid="opl_8cpp_1a8dd1817cec0b1c38e0b7eb2470855b25" kind="variable"><name>nbValuesCN_Out</name></member>
    <member refid="opl_8cpp_1a38621a01003975db3d4d97d7c7b5c874" kind="variable"><name>nbValuesCN_In</name></member>
    <member refid="opl_8cpp_1af33cb4a9ced83e8a564a44f95a7c740c" kind="variable"><name>aMacAddr_l</name></member>
    <member refid="opl_8cpp_1a8f25e48b0b5122c1580e0728bcba0244" kind="variable"><name>fGsOff_l</name></member>
    <member refid="opl_8cpp_1ae0e41ea82741f096047404d89c71b4b1" kind="variable"><name>cnt_l</name></member>
    <member refid="opl_8cpp_1ad5746db5390826ccda7b61bc0d3c8af2" kind="variable"><name>pProcessImageIn_l</name></member>
    <member refid="opl_8cpp_1a55f888b6071185bbddd12bc7c6edd372" kind="variable"><name>pProcessImageOut_l</name></member>
    <member refid="opl_8cpp_1af4b594e09b0017400404bcf5415d116d" kind="variable"><name>values_In_MN_l</name></member>
    <member refid="opl_8cpp_1a2b050eb987e68b5cfcc0cc906a23d8b5" kind="variable"><name>values_Out_MN_l</name></member>
    <member refid="opl_8cpp_1a0e551e0042317a6798c4be989015e64b" kind="variable"><name>activated_In_MN_l</name></member>
    <member refid="opl_8cpp_1a9e9ba7877384a999a6a22fd08b2ce5a1" kind="function"><name>getValues_In_MN</name></member>
    <member refid="opl_8cpp_1ab19dffb79a3af5e336923b27bd441780" kind="function"><name>setValues_Out_MN</name></member>
    <member refid="opl_8cpp_1a49a4367dee21b29ba4289959d09bdbfc" kind="function"><name>setActivated_In_MN</name></member>
    <member refid="opl_8cpp_1a70d6c24319699ddf386b7ed176641580" kind="function"><name>setEG</name></member>
    <member refid="opl_8cpp_1a0e626359c6d8f3e0bc7e7c19c01fa820" kind="function"><name>affValeursIn</name></member>
    <member refid="opl_8cpp_1a4f204b11f6909d44c14be101d4d01055" kind="function"><name>affValeursInProcess</name></member>
    <member refid="opl_8cpp_1a4694c875ca4b6710094a1116cb75aea0" kind="function"><name>affValeursOutProcess</name></member>
    <member refid="opl_8cpp_1a7f68cfdc214d014a4d8676853a577e31" kind="function"><name>affValeursOut</name></member>
    <member refid="opl_8cpp_1a42ffa874fd1654b63c707c7444c5f5a7" kind="function"><name>changeEG</name></member>
    <member refid="opl_8cpp_1aa811a9aae2371f56969a0f49d2fb6a01" kind="function"><name>setEGToManualMode</name></member>
    <member refid="opl_8cpp_1a2d1d0692ab49f35acb65290d9ffdc46e" kind="function"><name>manualActivation</name></member>
    <member refid="opl_8cpp_1a670c5cd6fdf306df596560ec23f0cd2f" kind="function"><name>initOPL</name></member>
    <member refid="opl_8cpp_1abff5ae651c9c5931bdf8dfcb7e64d689" kind="function"><name>initApp</name></member>
    <member refid="opl_8cpp_1a79db23e985d7f28a067c6a822761b5f9" kind="function"><name>initPowerlink</name></member>
    <member refid="opl_8cpp_1a6113e17ab32811ea2704cbfbb967c64f" kind="function"><name>checkStateOpl</name></member>
    <member refid="opl_8cpp_1a5f36f28eb56f576908d03b70ebc711f0" kind="function"><name>initOplThread</name></member>
    <member refid="opl_8cpp_1ac86056da77ac48c34bffd6a85f4567fe" kind="function"><name>processSync</name></member>
    <member refid="opl_8cpp_1a6928095e76089df62d549c72bf870b44" kind="function"><name>initProcessImage</name></member>
    <member refid="opl_8cpp_1a43f9337be3f9efa2653d87b1f95af44c" kind="function"><name>extinctOPL</name></member>
    <member refid="opl_8cpp_1a85847c888fe35030de14eb5c3190336c" kind="function"><name>shutdownOplImage</name></member>
    <member refid="opl_8cpp_1aaf3f45fd8772392506e2cd143b46a455" kind="function"><name>shutdownPowerlink</name></member>
  </compound>
  <compound refid="dir_d44c64559bbebec7f509842c48db8b23" kind="dir"><name>C:/Users/Squaria/Documents/openPOWERLINK_V2_CAC/apps/OBC_MN/include</name>
  </compound>
  <compound refid="dir_68267d1309a1af8e8297ef4c3efbcdba" kind="dir"><name>C:/Users/Squaria/Documents/openPOWERLINK_V2_CAC/apps/OBC_MN/src</name>
  </compound>
</doxygenindex>
