<?xml version='1.0' encoding='UTF-8' standalone='no'?>
<doxygen xmlns:xsi="http://www.w3.org/2001/XMLSchema-instance" xsi:noNamespaceSchemaLocation="compound.xsd" version="1.10.0" xml:lang="en-US">
  <compounddef id="status_error_define_8h" kind="file" language="C++">
    <compoundname>statusErrorDefine.h</compoundname>
    <includedby refid="csv_8h" local="yes">C:/Users/Squaria/Documents/openPOWERLINK_V2_CAC/apps/OBC_MN/include/csv.h</includedby>
    <includedby refid="file_8h" local="yes">C:/Users/Squaria/Documents/openPOWERLINK_V2_CAC/apps/OBC_MN/include/file.h</includedby>
    <includedby refid="opl_8h" local="yes">C:/Users/Squaria/Documents/openPOWERLINK_V2_CAC/apps/OBC_MN/include/opl.h</includedby>
    <invincdepgraph>
      <node id="2">
        <label>C:/Users/Squaria/Documents/openPOWERLINK_V2_CAC/apps/OBC_MN/include/csv.h</label>
        <link refid="csv_8h"/>
        <childnode refid="3" relation="include">
        </childnode>
        <childnode refid="6" relation="include">
        </childnode>
        <childnode refid="4" relation="include">
        </childnode>
      </node>
      <node id="7">
        <label>C:/Users/Squaria/Documents/openPOWERLINK_V2_CAC/apps/OBC_MN/include/file.h</label>
        <link refid="file_8h"/>
        <childnode refid="8" relation="include">
        </childnode>
        <childnode refid="4" relation="include">
        </childnode>
      </node>
      <node id="3">
        <label>C:/Users/Squaria/Documents/openPOWERLINK_V2_CAC/apps/OBC_MN/include/opl.h</label>
        <link refid="opl_8h"/>
        <childnode refid="2" relation="include">
        </childnode>
        <childnode refid="4" relation="include">
        </childnode>
        <childnode refid="5" relation="include">
        </childnode>
      </node>
      <node id="1">
        <label>C:/Users/Squaria/Documents/openPOWERLINK_V2_CAC/apps/OBC_MN/include/statusErrorDefine.h</label>
        <link refid="status_error_define_8h"/>
        <childnode refid="2" relation="include">
        </childnode>
        <childnode refid="7" relation="include">
        </childnode>
        <childnode refid="3" relation="include">
        </childnode>
      </node>
      <node id="6">
        <label>C:/Users/Squaria/Documents/openPOWERLINK_V2_CAC/apps/OBC_MN/src/csv.cpp</label>
        <link refid="csv_8cpp"/>
      </node>
      <node id="8">
        <label>C:/Users/Squaria/Documents/openPOWERLINK_V2_CAC/apps/OBC_MN/src/file.cpp</label>
        <link refid="file_8cpp"/>
      </node>
      <node id="4">
        <label>C:/Users/Squaria/Documents/openPOWERLINK_V2_CAC/apps/OBC_MN/src/main.cpp</label>
        <link refid="main_8cpp"/>
      </node>
      <node id="5">
        <label>C:/Users/Squaria/Documents/openPOWERLINK_V2_CAC/apps/OBC_MN/src/opl.cpp</label>
        <link refid="opl_8cpp"/>
      </node>
    </invincdepgraph>
    <sectiondef kind="enum">
      <memberdef kind="enum" id="status_error_define_8h_1adf0c44f8de9b8e78b0e56caacfa1ac94" prot="public" static="no" strong="no">
        <type></type>
        <name>statusErrDef</name>
        <enumvalue id="status_error_define_8h_1adf0c44f8de9b8e78b0e56caacfa1ac94ab22416d928134d1c6c7b2e8d2c31f20b" prot="public">
          <name>noError</name>
          <initializer>= 0x0000</initializer>
          <briefdescription>
          </briefdescription>
          <detaileddescription>
<para>No error has been detected, the function is working. </para>
          </detaileddescription>
        </enumvalue>
        <enumvalue id="status_error_define_8h_1adf0c44f8de9b8e78b0e56caacfa1ac94a8b992258cae8775371242263b1b63c08" prot="public">
          <name>infoInitCSV</name>
          <initializer>= 0x0101</initializer>
          <briefdescription>
          </briefdescription>
          <detaileddescription>
<para>The CSV module has successfully initialized. </para>
          </detaileddescription>
        </enumvalue>
        <enumvalue id="status_error_define_8h_1adf0c44f8de9b8e78b0e56caacfa1ac94a33282492c0682ba4272d206c0c76a476" prot="public">
          <name>infoCSVChanged</name>
          <initializer>= 0x0102</initializer>
          <briefdescription>
          </briefdescription>
          <detaileddescription>
<para>The general state CSV has been changed. </para>
          </detaileddescription>
        </enumvalue>
        <enumvalue id="status_error_define_8h_1adf0c44f8de9b8e78b0e56caacfa1ac94a3e92293429589d611d781d83a0c14864" prot="public">
          <name>infoShutdownCSV</name>
          <initializer>= 0x01FF</initializer>
          <briefdescription>
          </briefdescription>
          <detaileddescription>
<para>The CSV module has successfully shutdown. </para>
          </detaileddescription>
        </enumvalue>
        <enumvalue id="status_error_define_8h_1adf0c44f8de9b8e78b0e56caacfa1ac94a9ef364ca76717a6e880992c611f4567f" prot="public">
          <name>infoInitOPL</name>
          <initializer>= 0x0201</initializer>
          <briefdescription>
          </briefdescription>
          <detaileddescription>
<para>The OpenPOWERLINK module has successfully initialized. </para>
          </detaileddescription>
        </enumvalue>
        <enumvalue id="status_error_define_8h_1adf0c44f8de9b8e78b0e56caacfa1ac94a999c5392645c39b07e6b15445143cb58" prot="public">
          <name>infoEGNotChanged</name>
          <initializer>= 0x0202</initializer>
          <briefdescription>
          </briefdescription>
          <detaileddescription>
<para>The general state from the MN has not changed. </para>
          </detaileddescription>
        </enumvalue>
        <enumvalue id="status_error_define_8h_1adf0c44f8de9b8e78b0e56caacfa1ac94acd2d81872afb7b452fdc7e9a11d13d79" prot="public">
          <name>infoStopOrderReceived</name>
          <initializer>= 0x0203</initializer>
          <briefdescription>
          </briefdescription>
          <detaileddescription>
<para>A stop order from the MN has been received. </para>
          </detaileddescription>
        </enumvalue>
        <enumvalue id="status_error_define_8h_1adf0c44f8de9b8e78b0e56caacfa1ac94a7aa913f5c87b2f9c4bec8e180721e199" prot="public">
          <name>infoNoStopOrder</name>
          <initializer>= 0x0204</initializer>
          <briefdescription>
          </briefdescription>
          <detaileddescription>
<para>No stop order from the MN has been received. </para>
          </detaileddescription>
        </enumvalue>
        <enumvalue id="status_error_define_8h_1adf0c44f8de9b8e78b0e56caacfa1ac94a8b055c6b5a03623894e2735710fdfaca" prot="public">
          <name>infoShutdownOPL</name>
          <initializer>= 0x02FF</initializer>
          <briefdescription>
          </briefdescription>
          <detaileddescription>
<para>The OpenPOWERLINK module has successfully shutdown. </para>
          </detaileddescription>
        </enumvalue>
        <enumvalue id="status_error_define_8h_1adf0c44f8de9b8e78b0e56caacfa1ac94a53171600fab70738553b593c6c3db77d" prot="public">
          <name>infoInitValve</name>
          <initializer>= 0x0301</initializer>
          <briefdescription>
          </briefdescription>
          <detaileddescription>
<para>The valve module has successfully initialized. </para>
          </detaileddescription>
        </enumvalue>
        <enumvalue id="status_error_define_8h_1adf0c44f8de9b8e78b0e56caacfa1ac94a80338adb7be3d180e1333815812d274d" prot="public">
          <name>infoVerifDependSucess</name>
          <initializer>= 0x0302</initializer>
          <briefdescription>
          </briefdescription>
          <detaileddescription>
<para>The verification of valve dependances has succeeded. </para>
          </detaileddescription>
        </enumvalue>
        <enumvalue id="status_error_define_8h_1adf0c44f8de9b8e78b0e56caacfa1ac94a9ae1f6622501f46a2c7dbcf1217a700b" prot="public">
          <name>infoNoDepend</name>
          <initializer>= 0x0303</initializer>
          <briefdescription>
          </briefdescription>
          <detaileddescription>
<para>There is no dependances for this valve. </para>
          </detaileddescription>
        </enumvalue>
        <enumvalue id="status_error_define_8h_1adf0c44f8de9b8e78b0e56caacfa1ac94adcffca0fc897e7e44bc66c6f47ae8a1e" prot="public">
          <name>infoValveAlreadyActivated</name>
          <initializer>= 0x0304</initializer>
          <briefdescription>
          </briefdescription>
          <detaileddescription>
<para>The valve is already activated. </para>
          </detaileddescription>
        </enumvalue>
        <enumvalue id="status_error_define_8h_1adf0c44f8de9b8e78b0e56caacfa1ac94aa0f22b79ff1056e5dbd2add0afba892c" prot="public">
          <name>infoAllDependNotActivated</name>
          <initializer>= 0x0305</initializer>
          <briefdescription>
          </briefdescription>
          <detaileddescription>
<para>All the valve dependances are not yet activated. </para>
          </detaileddescription>
        </enumvalue>
        <enumvalue id="status_error_define_8h_1adf0c44f8de9b8e78b0e56caacfa1ac94ab3077fec19fccfeb9d807e656556c75e" prot="public">
          <name>infoShutdownValve</name>
          <initializer>= 0x03FF</initializer>
          <briefdescription>
          </briefdescription>
          <detaileddescription>
<para>The valve module has successfully shutdown. </para>
          </detaileddescription>
        </enumvalue>
        <enumvalue id="status_error_define_8h_1adf0c44f8de9b8e78b0e56caacfa1ac94afd0bd927b473d07ca7ce9723666b3d7a" prot="public">
          <name>infoInitSensor</name>
          <initializer>= 0x0401</initializer>
          <briefdescription>
          </briefdescription>
          <detaileddescription>
<para>The sensor module has successfully initialized. </para>
          </detaileddescription>
        </enumvalue>
        <enumvalue id="status_error_define_8h_1adf0c44f8de9b8e78b0e56caacfa1ac94ae90bcc7ae0a81f0d17f0620649cffe06" prot="public">
          <name>infoReadChannels</name>
          <initializer>= 0x0402</initializer>
          <briefdescription>
          </briefdescription>
          <detaileddescription>
<para>Reading sensor channels has succeeded. </para>
          </detaileddescription>
        </enumvalue>
        <enumvalue id="status_error_define_8h_1adf0c44f8de9b8e78b0e56caacfa1ac94ace6949520e27cb5384ef035c68693375" prot="public">
          <name>infoShutdownSensor</name>
          <initializer>= 0x04FF</initializer>
          <briefdescription>
          </briefdescription>
          <detaileddescription>
<para>The sensor module has successfully shutdown. </para>
          </detaileddescription>
        </enumvalue>
        <enumvalue id="status_error_define_8h_1adf0c44f8de9b8e78b0e56caacfa1ac94ae2d916991a99ff8e3b05605063b91b78" prot="public">
          <name>infoStateToInit</name>
          <initializer>= 0x7001</initializer>
          <briefdescription>
          </briefdescription>
          <detaileddescription>
<para>The main state has been changed to initialisation. </para>
          </detaileddescription>
        </enumvalue>
        <enumvalue id="status_error_define_8h_1adf0c44f8de9b8e78b0e56caacfa1ac94a4f8af5104200cbeec9dd2664b09db5fb" prot="public">
          <name>infoStateToControl</name>
          <initializer>= 0x7002</initializer>
          <briefdescription>
          </briefdescription>
          <detaileddescription>
<para>The main state has been changed to acquisition and control. </para>
          </detaileddescription>
        </enumvalue>
        <enumvalue id="status_error_define_8h_1adf0c44f8de9b8e78b0e56caacfa1ac94a07e3be144c2a7d4c69691470f0bcd261" prot="public">
          <name>infoStateToManualMode</name>
          <initializer>= 0x7777</initializer>
          <briefdescription>
          </briefdescription>
          <detaileddescription>
<para>The general state has been changed to manual mode. </para>
          </detaileddescription>
        </enumvalue>
        <enumvalue id="status_error_define_8h_1adf0c44f8de9b8e78b0e56caacfa1ac94a01e41b59bd1914b962c2219c0eeca685" prot="public">
          <name>infoStateToShutdown</name>
          <initializer>= 0x7FFF</initializer>
          <briefdescription>
          </briefdescription>
          <detaileddescription>
<para>The main state has been changed to shutdown state. </para>
          </detaileddescription>
        </enumvalue>
        <enumvalue id="status_error_define_8h_1adf0c44f8de9b8e78b0e56caacfa1ac94ae7bf9a86fbf981c6e4caf5912790bd4a" prot="public">
          <name>errOpenTelemFile</name>
          <initializer>= 0xE001</initializer>
          <briefdescription>
          </briefdescription>
          <detaileddescription>
<para>Opening the telemetry file has failed. </para>
          </detaileddescription>
        </enumvalue>
        <enumvalue id="status_error_define_8h_1adf0c44f8de9b8e78b0e56caacfa1ac94ad8e0328b57f4daa9a6a29519f1d8558a" prot="public">
          <name>errTestWriteFile</name>
          <initializer>= 0xE002</initializer>
          <briefdescription>
          </briefdescription>
          <detaileddescription>
<para>Writing in the telemetry file has failed. </para>
          </detaileddescription>
        </enumvalue>
        <enumvalue id="status_error_define_8h_1adf0c44f8de9b8e78b0e56caacfa1ac94a2a9edd04aaa6fed4564c1a9018a287f5" prot="public">
          <name>errCloseTelemFile</name>
          <initializer>= 0xE0FF</initializer>
          <briefdescription>
          </briefdescription>
          <detaileddescription>
<para>Closing the telemetry file has failed. </para>
          </detaileddescription>
        </enumvalue>
        <enumvalue id="status_error_define_8h_1adf0c44f8de9b8e78b0e56caacfa1ac94a7f5fa8b07e851d30728b48a6706f3406" prot="public">
          <name>errAllocDataEG</name>
          <initializer>= 0xE101</initializer>
          <briefdescription>
          </briefdescription>
          <detaileddescription>
<para>Memory allocation failure for the structure <ref refid="struct_ligne_e_g" kindref="compound">LigneEG</ref>. </para>
          </detaileddescription>
        </enumvalue>
        <enumvalue id="status_error_define_8h_1adf0c44f8de9b8e78b0e56caacfa1ac94aa17dee312ce9f8b84311bcfeeea687e4" prot="public">
          <name>errAllocDataEtats</name>
          <initializer>= 0xE102</initializer>
          <briefdescription>
          </briefdescription>
          <detaileddescription>
<para>Memory allocation failure for the structure LigneCSV. </para>
          </detaileddescription>
        </enumvalue>
        <enumvalue id="status_error_define_8h_1adf0c44f8de9b8e78b0e56caacfa1ac94a52c0a0dc9ef385f587dda867044b4643" prot="public">
          <name>errAllocDataPhysValves</name>
          <initializer>= 0xE103</initializer>
          <briefdescription>
          </briefdescription>
          <detaileddescription>
<para>Memory allocation failure for the structure LigneVannes. </para>
          </detaileddescription>
        </enumvalue>
        <enumvalue id="status_error_define_8h_1adf0c44f8de9b8e78b0e56caacfa1ac94ae97856e69e4799dd26242af002ea490d" prot="public">
          <name>errAllocDataPhysSensors</name>
          <initializer>= 0xE104</initializer>
          <briefdescription>
          </briefdescription>
          <detaileddescription>
<para>Memory allocation failure for the structure LigneSensors. </para>
          </detaileddescription>
        </enumvalue>
        <enumvalue id="status_error_define_8h_1adf0c44f8de9b8e78b0e56caacfa1ac94aa748b576dd63269692bf94745ebde592" prot="public">
          <name>errAllocDataActivation</name>
          <initializer>= 0xE105</initializer>
          <briefdescription>
          </briefdescription>
          <detaileddescription>
<para>Memory allocation failure for the structure <ref refid="struct_ligne_activation" kindref="compound">LigneActivation</ref>. </para>
          </detaileddescription>
        </enumvalue>
        <enumvalue id="status_error_define_8h_1adf0c44f8de9b8e78b0e56caacfa1ac94a30f34309a812bd0a316489459b8bb55d" prot="public">
          <name>errOpenEGFile</name>
          <initializer>= 0xE106</initializer>
          <briefdescription>
          </briefdescription>
          <detaileddescription>
<para>The &quot;liaisonEGEtat.csv&quot; CSV file has failed to open. </para>
          </detaileddescription>
        </enumvalue>
        <enumvalue id="status_error_define_8h_1adf0c44f8de9b8e78b0e56caacfa1ac94a14f3c6267c7217f788ac3ce46bd60835" prot="public">
          <name>errEGNotFoundInFile</name>
          <initializer>= 0xE107</initializer>
          <briefdescription>
          </briefdescription>
          <detaileddescription>
<para>The general state was not found in &quot;liaisonEGEtat.csv&quot;. </para>
          </detaileddescription>
        </enumvalue>
        <enumvalue id="status_error_define_8h_1adf0c44f8de9b8e78b0e56caacfa1ac94a12741a8473115ee22c636b93fbef02a4" prot="public">
          <name>errOpenEtatsFile</name>
          <initializer>= 0xE108</initializer>
          <briefdescription>
          </briefdescription>
          <detaileddescription>
<para>A general state CSV file has failed to open. </para>
          </detaileddescription>
        </enumvalue>
        <enumvalue id="status_error_define_8h_1adf0c44f8de9b8e78b0e56caacfa1ac94aec51d52bd267e359598a1910f12b65b4" prot="public">
          <name>errOpenPhysValvesFile</name>
          <initializer>= 0xE109</initializer>
          <briefdescription>
          </briefdescription>
          <detaileddescription>
<para>The &quot;physicalCONFIG_valves.csv&quot; CSV file has failed to open. </para>
          </detaileddescription>
        </enumvalue>
        <enumvalue id="status_error_define_8h_1adf0c44f8de9b8e78b0e56caacfa1ac94a9883c20b0333d35a1a7b2342627a536c" prot="public">
          <name>errOpenPhysSensorsFile</name>
          <initializer>= 0xE10A</initializer>
          <briefdescription>
          </briefdescription>
          <detaileddescription>
<para>The &quot;physicalCONFIG_sensors.csv&quot; CSV file has failed to open. </para>
          </detaileddescription>
        </enumvalue>
        <enumvalue id="status_error_define_8h_1adf0c44f8de9b8e78b0e56caacfa1ac94aa8dbde321e31e69aeaa49dc7f37bbc16" prot="public">
          <name>errOpenActivationFile</name>
          <initializer>= 0xE10B</initializer>
          <briefdescription>
          </briefdescription>
          <detaileddescription>
<para>The &quot;activation.csv&quot; CSV file has failed to open. </para>
          </detaileddescription>
        </enumvalue>
        <enumvalue id="status_error_define_8h_1adf0c44f8de9b8e78b0e56caacfa1ac94ae1a5bbac3235cbdf4dfdaf395813d328" prot="public">
          <name>errOPLSystemInit</name>
          <initializer>= 0xE201</initializer>
          <briefdescription>
          </briefdescription>
          <detaileddescription>
<para>OpenPOWERLINK fails to set the correct configuration for the current operating system. </para>
          </detaileddescription>
        </enumvalue>
        <enumvalue id="status_error_define_8h_1adf0c44f8de9b8e78b0e56caacfa1ac94a3ccc2755005e3b8f7aedd3787bef4869" prot="public">
          <name>errSelNetInterface</name>
          <initializer>= 0xE202</initializer>
          <briefdescription>
          </briefdescription>
          <detaileddescription>
<para>The selection of the network interface fails when in a Windows machine. Can be caused by the absence of WinPcap. </para>
          </detaileddescription>
        </enumvalue>
        <enumvalue id="status_error_define_8h_1adf0c44f8de9b8e78b0e56caacfa1ac94a3ebf20f82ef4ab6c130e48091c95cba7" prot="public">
          <name>errInitObjDictionary</name>
          <initializer>= 0xE203</initializer>
          <briefdescription>
          </briefdescription>
          <detaileddescription>
<para>The object dictionary header file (objdict.h) has incorrect values or syntax. </para>
          </detaileddescription>
        </enumvalue>
        <enumvalue id="status_error_define_8h_1adf0c44f8de9b8e78b0e56caacfa1ac94a93dde49c48ef9bb619348e72d664c43d" prot="public">
          <name>errOplkInit</name>
          <initializer>= 0xE204</initializer>
          <briefdescription>
          </briefdescription>
          <detaileddescription>
<para>The OpenPOWERLINK stack fails to initialize. Main cause: the stack is not found by the application, check the CN .lib files. </para>
          </detaileddescription>
        </enumvalue>
        <enumvalue id="status_error_define_8h_1adf0c44f8de9b8e78b0e56caacfa1ac94ae58a341d48e59f97d21886e8e27b0db8" prot="public">
          <name>errOplkCreate</name>
          <initializer>= 0xE205</initializer>
          <briefdescription>
          </briefdescription>
          <detaileddescription>
<para>The OpenPOWERLINK stack fails to create a new instance. </para>
          </detaileddescription>
        </enumvalue>
        <enumvalue id="status_error_define_8h_1adf0c44f8de9b8e78b0e56caacfa1ac94aeea752eff283031109152c89cad12c40" prot="public">
          <name>errOplkAllocProcessImage</name>
          <initializer>= 0xE206</initializer>
          <briefdescription>
          </briefdescription>
          <detaileddescription>
<para>The allocation of the input and/or output structure fails because parts of the structure doesn&apos;t exist in the objdict.h file. </para>
          </detaileddescription>
        </enumvalue>
        <enumvalue id="status_error_define_8h_1adf0c44f8de9b8e78b0e56caacfa1ac94a6f6e0379e57e89a0eb4d33299a5716d3" prot="public">
          <name>errLinkPDOout</name>
          <initializer>= 0xE207</initializer>
          <briefdescription>
          </briefdescription>
          <detaileddescription>
<para>The linking of an output object (TPDO) fails because the object doesn&apos;t exist in the objdict.h file. </para>
          </detaileddescription>
        </enumvalue>
        <enumvalue id="status_error_define_8h_1adf0c44f8de9b8e78b0e56caacfa1ac94a34c4ba48af587dadc519d4b49f773fbb" prot="public">
          <name>errLinkPDOEGin</name>
          <initializer>= 0xE208</initializer>
          <briefdescription>
          </briefdescription>
          <detaileddescription>
<para>The linking of the input general state fails because the object doesn&apos;t exist in the objdict.h file. </para>
          </detaileddescription>
        </enumvalue>
        <enumvalue id="status_error_define_8h_1adf0c44f8de9b8e78b0e56caacfa1ac94a2d71b8bf78bab50fc7914c15391b7e4c" prot="public">
          <name>errLinkPDOin</name>
          <initializer>= 0xE209</initializer>
          <briefdescription>
          </briefdescription>
          <detaileddescription>
<para>The linking of an input object (RPDO) fails because the object doesn&apos;t exist in the objdict.h file. </para>
          </detaileddescription>
        </enumvalue>
        <enumvalue id="status_error_define_8h_1adf0c44f8de9b8e78b0e56caacfa1ac94adc47549c3ae339d7b2b8d77ac0ad63bf" prot="public">
          <name>errSendNMTResetCommand</name>
          <initializer>= 0xE20A</initializer>
          <briefdescription>
          </briefdescription>
          <detaileddescription>
<para>The OpenPOWERLINK reset command fails. </para>
          </detaileddescription>
        </enumvalue>
        <enumvalue id="status_error_define_8h_1adf0c44f8de9b8e78b0e56caacfa1ac94acb7ab15cc47c08906b755f31f53b39b3" prot="public">
          <name>errOplkFreeProcessImage</name>
          <initializer>= 0xE20B</initializer>
          <briefdescription>
          </briefdescription>
          <detaileddescription>
<para>The freeing of memory of the OpenPOWERLINK stack fails. </para>
          </detaileddescription>
        </enumvalue>
        <enumvalue id="status_error_define_8h_1adf0c44f8de9b8e78b0e56caacfa1ac94a577af9c3c84d95925e05d66000b3d411" prot="public">
          <name>errSystemSendTerminate</name>
          <initializer>= 0xE20C</initializer>
          <briefdescription>
          </briefdescription>
          <detaileddescription>
<para>A termination signal from the operating system has been received. </para>
          </detaileddescription>
        </enumvalue>
        <enumvalue id="status_error_define_8h_1adf0c44f8de9b8e78b0e56caacfa1ac94a34e5cf990e434aa370892b7d204206c8" prot="public">
          <name>errOplKernelStackDown</name>
          <initializer>= 0xE20D</initializer>
          <briefdescription>
          </briefdescription>
          <detaileddescription>
<para>The OpenPOWERLINK kernel is down. </para>
          </detaileddescription>
        </enumvalue>
        <enumvalue id="status_error_define_8h_1adf0c44f8de9b8e78b0e56caacfa1ac94a0d3760066c986a1d218efcd7a8144ce5" prot="public">
          <name>errInitFirmwareManager</name>
          <initializer>= 0xE20E</initializer>
          <briefdescription>
          </briefdescription>
          <detaileddescription>
<para>The firmware manager to check dependances of the operating system fails to initialize. </para>
          </detaileddescription>
        </enumvalue>
        <enumvalue id="status_error_define_8h_1adf0c44f8de9b8e78b0e56caacfa1ac94a8de9d8ff43159f5a2951d00c9e67ceaa" prot="public">
          <name>errOplkSetCDCFileName</name>
          <initializer>= 0xE20F</initializer>
          <briefdescription>
          </briefdescription>
          <detaileddescription>
<para>The mnobd.cdc file is not found or is incorrect. </para>
          </detaileddescription>
        </enumvalue>
        <enumvalue id="status_error_define_8h_1adf0c44f8de9b8e78b0e56caacfa1ac94ac1fba758bf7bd388901dff034ab55ab3" prot="public">
          <name>errSetupProcessImage</name>
          <initializer>= 0xE210</initializer>
          <briefdescription>
          </briefdescription>
          <detaileddescription>
<para>The input and/or output structure are not the same with what is inside the mnobd.cdc file. </para>
          </detaileddescription>
        </enumvalue>
        <enumvalue id="status_error_define_8h_1adf0c44f8de9b8e78b0e56caacfa1ac94aebbac86c9dfcf75f2812d9ef1e93693b" prot="public">
          <name>errGPIOPathEmpty</name>
          <initializer>= 0xE301</initializer>
          <briefdescription>
          </briefdescription>
          <detaileddescription>
<para>The gpio chip path is not correctly set. </para>
          </detaileddescription>
        </enumvalue>
        <enumvalue id="status_error_define_8h_1adf0c44f8de9b8e78b0e56caacfa1ac94a19ac259774bb0891cc3bad74473984c5" prot="public">
          <name>errOpenGPIO</name>
          <initializer>= 0xE302</initializer>
          <briefdescription>
          </briefdescription>
          <detaileddescription>
<para>The gpio chip fails to open. </para>
          </detaileddescription>
        </enumvalue>
        <enumvalue id="status_error_define_8h_1adf0c44f8de9b8e78b0e56caacfa1ac94ad601b41162c91eaf13e62a938db42636" prot="public">
          <name>errGPIOGetLine</name>
          <initializer>= 0xE303</initializer>
          <briefdescription>
          </briefdescription>
          <detaileddescription>
<para>The gpio lines are busy, line get fails. </para>
          </detaileddescription>
        </enumvalue>
        <enumvalue id="status_error_define_8h_1adf0c44f8de9b8e78b0e56caacfa1ac94a2485272769a6cfdbf6f91340bb741092" prot="public">
          <name>errGPIORequestOutput</name>
          <initializer>= 0xE304</initializer>
          <briefdescription>
          </briefdescription>
          <detaileddescription>
<para>The gpio lines can&apos;t be set to output mode. </para>
          </detaileddescription>
        </enumvalue>
        <enumvalue id="status_error_define_8h_1adf0c44f8de9b8e78b0e56caacfa1ac94a49c48509a2e506bb1cdbf57f6638dbe2" prot="public">
          <name>errGetValveInitValue</name>
          <initializer>= 0xE305</initializer>
          <briefdescription>
          </briefdescription>
          <detaileddescription>
<para>The getter of the initial values fails. </para>
          </detaileddescription>
        </enumvalue>
        <enumvalue id="status_error_define_8h_1adf0c44f8de9b8e78b0e56caacfa1ac94aec2040d37c7bf6607456c056344f6c42" prot="public">
          <name>errValueInitIsNotBinary</name>
          <initializer>= 0xE306</initializer>
          <briefdescription>
          </briefdescription>
          <detaileddescription>
<para>An initial valve value is not 0 or 1. </para>
          </detaileddescription>
        </enumvalue>
        <enumvalue id="status_error_define_8h_1adf0c44f8de9b8e78b0e56caacfa1ac94a763d85cc76cf1596ee353e9fb1b38903" prot="public">
          <name>errGPIOSetInitValue</name>
          <initializer>= 0xE307</initializer>
          <briefdescription>
          </briefdescription>
          <detaileddescription>
<para>An initial valve value is not set to a line. </para>
          </detaileddescription>
        </enumvalue>
        <enumvalue id="status_error_define_8h_1adf0c44f8de9b8e78b0e56caacfa1ac94ab6044186bf03edb2f4ae79d23c664644" prot="public">
          <name>errGPIOGetValue</name>
          <initializer>= 0xE308</initializer>
          <briefdescription>
          </briefdescription>
          <detaileddescription>
<para>The getter of a gpio line value fails. </para>
          </detaileddescription>
        </enumvalue>
        <enumvalue id="status_error_define_8h_1adf0c44f8de9b8e78b0e56caacfa1ac94af034509b765efa4ee9fc365cc6db4943" prot="public">
          <name>errGPIODependValue</name>
          <initializer>= 0xE309</initializer>
          <briefdescription>
          </briefdescription>
          <detaileddescription>
<para>The getter of a gpio line dependance value fails. </para>
          </detaileddescription>
        </enumvalue>
        <enumvalue id="status_error_define_8h_1adf0c44f8de9b8e78b0e56caacfa1ac94a214fda571451d3d8b705490f276a81ce" prot="public">
          <name>errDependOutsideOfRange</name>
          <initializer>= 0xE30A</initializer>
          <briefdescription>
          </briefdescription>
          <detaileddescription>
<para>A dependance is not among the valves of the same board. </para>
          </detaileddescription>
        </enumvalue>
        <enumvalue id="status_error_define_8h_1adf0c44f8de9b8e78b0e56caacfa1ac94a9a1dd444c2528ae6922e7fdec7f37611" prot="public">
          <name>errValueIsNotBinary</name>
          <initializer>= 0xE30B</initializer>
          <briefdescription>
          </briefdescription>
          <detaileddescription>
<para>A valve value is not 0 or 1. </para>
          </detaileddescription>
        </enumvalue>
        <enumvalue id="status_error_define_8h_1adf0c44f8de9b8e78b0e56caacfa1ac94a5c2c18ec122e2cca417baf06cc784129" prot="public">
          <name>errGPIOSetValue</name>
          <initializer>= 0xE30C</initializer>
          <briefdescription>
          </briefdescription>
          <detaileddescription>
<para>The valve value has not been set to the gpio line. </para>
          </detaileddescription>
        </enumvalue>
        <enumvalue id="status_error_define_8h_1adf0c44f8de9b8e78b0e56caacfa1ac94a117109c04d16b697e197f21a45362fec" prot="public">
          <name>errGPIORelease</name>
          <initializer>= 0xE3FF</initializer>
          <briefdescription>
          </briefdescription>
          <detaileddescription>
<para>A gpio line fails to be released. </para>
          </detaileddescription>
        </enumvalue>
        <enumvalue id="status_error_define_8h_1adf0c44f8de9b8e78b0e56caacfa1ac94abb3be0d1d4505ac1644533c725c8652d" prot="public">
          <name>errOpenAdc</name>
          <initializer>= 0xE401</initializer>
          <briefdescription>
          </briefdescription>
          <detaileddescription>
<para>A sysfs file of the MCP3008 fails to open. </para>
          </detaileddescription>
        </enumvalue>
        <enumvalue id="status_error_define_8h_1adf0c44f8de9b8e78b0e56caacfa1ac94a853bb660c03c4d6dbdf70e139b46600d" prot="public">
          <name>errReadAdc</name>
          <initializer>= 0xE402</initializer>
          <briefdescription>
          </briefdescription>
          <detaileddescription>
<para>A sysfs file read of the MCP3008 fails. </para>
          </detaileddescription>
        </enumvalue>
        <enumvalue id="status_error_define_8h_1adf0c44f8de9b8e78b0e56caacfa1ac94a282120158405e4a34ce8e365c3684fb8" prot="public">
          <name>errCloseAdc</name>
          <initializer>= 0xE4FF</initializer>
          <briefdescription>
          </briefdescription>
          <detaileddescription>
<para>A sysfs file of the MCP3008 fails to close. </para>
          </detaileddescription>
        </enumvalue>
        <briefdescription>
<para>the program status and error codes </para>
        </briefdescription>
        <detaileddescription>
        </detaileddescription>
        <inbodydescription>
        </inbodydescription>
        <location file="C:/Users/Squaria/Documents/openPOWERLINK_V2_CAC/apps/OBC_MN/include/statusErrorDefine.h" line="20" column="1" bodyfile="C:/Users/Squaria/Documents/openPOWERLINK_V2_CAC/apps/OBC_MN/include/statusErrorDefine.h" bodystart="21" bodyend="112"/>
      </memberdef>
      <memberdef kind="enum" id="status_error_define_8h_1a46c8a310cf4c094f8c80e1cb8dc1f911" prot="public" static="no" strong="no">
        <type></type>
        <name>Mode</name>
        <enumvalue id="status_error_define_8h_1a46c8a310cf4c094f8c80e1cb8dc1f911a9761086e420b925e438327ad385b304d" prot="public">
          <name>automatic</name>
          <initializer>= 0x00</initializer>
          <briefdescription>
          </briefdescription>
          <detaileddescription>
<para>The valve values are taken from a general state CSV file. </para>
          </detaileddescription>
        </enumvalue>
        <enumvalue id="status_error_define_8h_1a46c8a310cf4c094f8c80e1cb8dc1f911af2ff5ec687c78928f81c2842750e3f67" prot="public">
          <name>manual</name>
          <initializer>= 0x01</initializer>
          <briefdescription>
          </briefdescription>
          <detaileddescription>
<para>The valve values are taken from from the OpenPOWERLINK input values from the MN. </para>
          </detaileddescription>
        </enumvalue>
        <briefdescription>
<para>the modes of the program </para>
        </briefdescription>
        <detaileddescription>
        </detaileddescription>
        <inbodydescription>
        </inbodydescription>
        <location file="C:/Users/Squaria/Documents/openPOWERLINK_V2_CAC/apps/OBC_MN/include/statusErrorDefine.h" line="118" column="1" bodyfile="C:/Users/Squaria/Documents/openPOWERLINK_V2_CAC/apps/OBC_MN/include/statusErrorDefine.h" bodystart="119" bodyend="123"/>
      </memberdef>
      <memberdef kind="enum" id="status_error_define_8h_1a8a5ff9e57db5d201dadd5d4dcacafd50" prot="public" static="no" strong="no">
        <type></type>
        <name>stateDef</name>
        <enumvalue id="status_error_define_8h_1a8a5ff9e57db5d201dadd5d4dcacafd50a2e804b7c8163d212e6231f5228f73ce9" prot="public">
          <name>init</name>
          <briefdescription>
          </briefdescription>
          <detaileddescription>
<para>Initialize all modules with status and error telemetry. </para>
          </detaileddescription>
        </enumvalue>
        <enumvalue id="status_error_define_8h_1a8a5ff9e57db5d201dadd5d4dcacafd50a5d8add8effb2a9964dbebfd27c9ddd31" prot="public">
          <name>control</name>
          <briefdescription>
          </briefdescription>
          <detaileddescription>
<para>Activate valves and read sensors values. </para>
          </detaileddescription>
        </enumvalue>
        <enumvalue id="status_error_define_8h_1a8a5ff9e57db5d201dadd5d4dcacafd50a806a2e610a79f2c33cb4d122a0f0f877" prot="public">
          <name>shutdown</name>
          <briefdescription>
          </briefdescription>
          <detaileddescription>
<para>Shutdown all modules with status and error telemetry. </para>
          </detaileddescription>
        </enumvalue>
        <enumvalue id="status_error_define_8h_1a8a5ff9e57db5d201dadd5d4dcacafd50a6135603307626f48d62e2faa86a1d255" prot="public">
          <name>ending</name>
          <briefdescription>
          </briefdescription>
          <detaileddescription>
<para>Stop the program. </para>
          </detaileddescription>
        </enumvalue>
        <briefdescription>
<para>list of states for the main state machine </para>
        </briefdescription>
        <detaileddescription>
        </detaileddescription>
        <inbodydescription>
        </inbodydescription>
        <location file="C:/Users/Squaria/Documents/openPOWERLINK_V2_CAC/apps/OBC_MN/include/statusErrorDefine.h" line="131" column="1" bodyfile="C:/Users/Squaria/Documents/openPOWERLINK_V2_CAC/apps/OBC_MN/include/statusErrorDefine.h" bodystart="132" bodyend="137"/>
      </memberdef>
    </sectiondef>
    <sectiondef kind="var">
      <memberdef kind="variable" id="status_error_define_8h_1a2618e89b4c26dc851feae865df3a1a49" prot="public" static="no" extern="yes" mutable="no">
        <type><ref refid="status_error_define_8h_1a46c8a310cf4c094f8c80e1cb8dc1f911" kindref="member">Mode</ref></type>
        <definition>Mode mode</definition>
        <argsstring></argsstring>
        <name>mode</name>
        <briefdescription>
<para>the mode of the program. It is initialized to the automatic mode, the general state CSV files are first used. </para>
        </briefdescription>
        <detaileddescription>
        </detaileddescription>
        <inbodydescription>
        </inbodydescription>
        <location file="C:/Users/Squaria/Documents/openPOWERLINK_V2_CAC/apps/OBC_MN/include/statusErrorDefine.h" line="124" column="13" bodyfile="C:/Users/Squaria/Documents/openPOWERLINK_V2_CAC/apps/OBC_MN/src/opl.cpp" bodystart="19" bodyend="-1" declfile="C:/Users/Squaria/Documents/openPOWERLINK_V2_CAC/apps/OBC_MN/include/statusErrorDefine.h" declline="124" declcolumn="13"/>
        <referencedby refid="opl_8cpp_1abff5ae651c9c5931bdf8dfcb7e64d689" compoundref="opl_8cpp" startline="384" endline="410">initApp</referencedby>
        <referencedby refid="opl_8cpp_1ac86056da77ac48c34bffd6a85f4567fe" compoundref="opl_8cpp" startline="632" endline="679">processSync</referencedby>
        <referencedby refid="opl_8cpp_1aa811a9aae2371f56969a0f49d2fb6a01" compoundref="opl_8cpp" startline="224" endline="238">setEGToManualMode</referencedby>
      </memberdef>
    </sectiondef>
    <briefdescription>
<para>header file containing all of the program enumerations </para>
    </briefdescription>
    <detaileddescription>
<para><simplesect kind="author"><para>Mael Parot </para>
</simplesect>
<simplesect kind="version"><para>1.2 </para>
</simplesect>
<simplesect kind="date"><para>11/04/2024</para>
</simplesect>
Contains all of the program enumerations namely, the program status and error codes, the program modes and the state machine states. </para>
    </detaileddescription>
    <programlisting>
<codeline lineno="1"></codeline>
<codeline lineno="12"><highlight class="normal"></highlight><highlight class="preprocessor">#ifndef<sp/>STATUSERRORDEFINE_H</highlight><highlight class="normal"></highlight></codeline>
<codeline lineno="13"><highlight class="normal"></highlight><highlight class="preprocessor">#define<sp/>STATUSERRORDEFINE_H</highlight><highlight class="normal"></highlight></codeline>
<codeline lineno="14"><highlight class="normal"></highlight></codeline>
<codeline lineno="20" refid="status_error_define_8h_1adf0c44f8de9b8e78b0e56caacfa1ac94" refkind="member"><highlight class="normal"></highlight><highlight class="keyword">typedef</highlight><highlight class="normal"><sp/></highlight><highlight class="keyword">enum</highlight><highlight class="normal"></highlight></codeline>
<codeline lineno="21"><highlight class="normal">{</highlight></codeline>
<codeline lineno="22" refid="status_error_define_8h_1adf0c44f8de9b8e78b0e56caacfa1ac94ab22416d928134d1c6c7b2e8d2c31f20b" refkind="member"><highlight class="normal"><sp/><sp/><sp/><sp/><ref refid="status_error_define_8h_1adf0c44f8de9b8e78b0e56caacfa1ac94ab22416d928134d1c6c7b2e8d2c31f20b" kindref="member">noError</ref><sp/><sp/><sp/><sp/><sp/><sp/><sp/><sp/><sp/><sp/><sp/><sp/><sp/><sp/><sp/><sp/><sp/><sp/><sp/><sp/><sp/>=<sp/>0x0000,<sp/></highlight></codeline>
<codeline lineno="24"><highlight class="normal"><sp/><sp/><sp/><sp/></highlight><highlight class="comment">/*=====INFORMATION<sp/>AND<sp/>SUCCESS=====*/</highlight><highlight class="normal"></highlight></codeline>
<codeline lineno="25"><highlight class="normal"><sp/><sp/><sp/><sp/></highlight><highlight class="comment">//<sp/>CSV</highlight><highlight class="normal"></highlight></codeline>
<codeline lineno="26" refid="status_error_define_8h_1adf0c44f8de9b8e78b0e56caacfa1ac94a8b992258cae8775371242263b1b63c08" refkind="member"><highlight class="normal"><sp/><sp/><sp/><sp/><ref refid="status_error_define_8h_1adf0c44f8de9b8e78b0e56caacfa1ac94a8b992258cae8775371242263b1b63c08" kindref="member">infoInitCSV</ref><sp/><sp/><sp/><sp/><sp/><sp/><sp/><sp/><sp/><sp/><sp/><sp/><sp/><sp/><sp/><sp/><sp/>=<sp/>0x0101,<sp/></highlight></codeline>
<codeline lineno="27" refid="status_error_define_8h_1adf0c44f8de9b8e78b0e56caacfa1ac94a33282492c0682ba4272d206c0c76a476" refkind="member"><highlight class="normal"><sp/><sp/><sp/><sp/><ref refid="status_error_define_8h_1adf0c44f8de9b8e78b0e56caacfa1ac94a33282492c0682ba4272d206c0c76a476" kindref="member">infoCSVChanged</ref><sp/><sp/><sp/><sp/><sp/><sp/><sp/><sp/><sp/><sp/><sp/><sp/><sp/><sp/>=<sp/>0x0102,<sp/></highlight></codeline>
<codeline lineno="28" refid="status_error_define_8h_1adf0c44f8de9b8e78b0e56caacfa1ac94a3e92293429589d611d781d83a0c14864" refkind="member"><highlight class="normal"><sp/><sp/><sp/><sp/><ref refid="status_error_define_8h_1adf0c44f8de9b8e78b0e56caacfa1ac94a3e92293429589d611d781d83a0c14864" kindref="member">infoShutdownCSV</ref><sp/><sp/><sp/><sp/><sp/><sp/><sp/><sp/><sp/><sp/><sp/><sp/><sp/>=<sp/>0x01FF,<sp/></highlight></codeline>
<codeline lineno="30"><highlight class="normal"><sp/><sp/><sp/><sp/></highlight><highlight class="comment">//<sp/>OPL</highlight><highlight class="normal"></highlight></codeline>
<codeline lineno="31" refid="status_error_define_8h_1adf0c44f8de9b8e78b0e56caacfa1ac94a9ef364ca76717a6e880992c611f4567f" refkind="member"><highlight class="normal"><sp/><sp/><sp/><sp/><ref refid="status_error_define_8h_1adf0c44f8de9b8e78b0e56caacfa1ac94a9ef364ca76717a6e880992c611f4567f" kindref="member">infoInitOPL</ref><sp/><sp/><sp/><sp/><sp/><sp/><sp/><sp/><sp/><sp/><sp/><sp/><sp/><sp/><sp/><sp/><sp/>=<sp/>0x0201,<sp/></highlight></codeline>
<codeline lineno="32" refid="status_error_define_8h_1adf0c44f8de9b8e78b0e56caacfa1ac94a999c5392645c39b07e6b15445143cb58" refkind="member"><highlight class="normal"><sp/><sp/><sp/><sp/><ref refid="status_error_define_8h_1adf0c44f8de9b8e78b0e56caacfa1ac94a999c5392645c39b07e6b15445143cb58" kindref="member">infoEGNotChanged</ref><sp/><sp/><sp/><sp/><sp/><sp/><sp/><sp/><sp/><sp/><sp/><sp/>=<sp/>0x0202,<sp/></highlight></codeline>
<codeline lineno="33" refid="status_error_define_8h_1adf0c44f8de9b8e78b0e56caacfa1ac94acd2d81872afb7b452fdc7e9a11d13d79" refkind="member"><highlight class="normal"><sp/><sp/><sp/><sp/><ref refid="status_error_define_8h_1adf0c44f8de9b8e78b0e56caacfa1ac94acd2d81872afb7b452fdc7e9a11d13d79" kindref="member">infoStopOrderReceived</ref><sp/><sp/><sp/><sp/><sp/><sp/><sp/>=<sp/>0x0203,<sp/></highlight></codeline>
<codeline lineno="34" refid="status_error_define_8h_1adf0c44f8de9b8e78b0e56caacfa1ac94a7aa913f5c87b2f9c4bec8e180721e199" refkind="member"><highlight class="normal"><sp/><sp/><sp/><sp/><ref refid="status_error_define_8h_1adf0c44f8de9b8e78b0e56caacfa1ac94a7aa913f5c87b2f9c4bec8e180721e199" kindref="member">infoNoStopOrder</ref><sp/><sp/><sp/><sp/><sp/><sp/><sp/><sp/><sp/><sp/><sp/><sp/><sp/>=<sp/>0x0204,<sp/></highlight></codeline>
<codeline lineno="35" refid="status_error_define_8h_1adf0c44f8de9b8e78b0e56caacfa1ac94a8b055c6b5a03623894e2735710fdfaca" refkind="member"><highlight class="normal"><sp/><sp/><sp/><sp/><ref refid="status_error_define_8h_1adf0c44f8de9b8e78b0e56caacfa1ac94a8b055c6b5a03623894e2735710fdfaca" kindref="member">infoShutdownOPL</ref><sp/><sp/><sp/><sp/><sp/><sp/><sp/><sp/><sp/><sp/><sp/><sp/><sp/>=<sp/>0x02FF,<sp/></highlight></codeline>
<codeline lineno="37"><highlight class="normal"><sp/><sp/><sp/><sp/></highlight><highlight class="comment">//<sp/>Valve</highlight><highlight class="normal"></highlight></codeline>
<codeline lineno="38" refid="status_error_define_8h_1adf0c44f8de9b8e78b0e56caacfa1ac94a53171600fab70738553b593c6c3db77d" refkind="member"><highlight class="normal"><sp/><sp/><sp/><sp/><ref refid="status_error_define_8h_1adf0c44f8de9b8e78b0e56caacfa1ac94a53171600fab70738553b593c6c3db77d" kindref="member">infoInitValve</ref><sp/><sp/><sp/><sp/><sp/><sp/><sp/><sp/><sp/><sp/><sp/><sp/><sp/><sp/><sp/>=<sp/>0x0301,<sp/></highlight></codeline>
<codeline lineno="39" refid="status_error_define_8h_1adf0c44f8de9b8e78b0e56caacfa1ac94a80338adb7be3d180e1333815812d274d" refkind="member"><highlight class="normal"><sp/><sp/><sp/><sp/><ref refid="status_error_define_8h_1adf0c44f8de9b8e78b0e56caacfa1ac94a80338adb7be3d180e1333815812d274d" kindref="member">infoVerifDependSucess</ref><sp/><sp/><sp/><sp/><sp/><sp/><sp/>=<sp/>0x0302,<sp/></highlight></codeline>
<codeline lineno="40" refid="status_error_define_8h_1adf0c44f8de9b8e78b0e56caacfa1ac94a9ae1f6622501f46a2c7dbcf1217a700b" refkind="member"><highlight class="normal"><sp/><sp/><sp/><sp/><ref refid="status_error_define_8h_1adf0c44f8de9b8e78b0e56caacfa1ac94a9ae1f6622501f46a2c7dbcf1217a700b" kindref="member">infoNoDepend</ref><sp/><sp/><sp/><sp/><sp/><sp/><sp/><sp/><sp/><sp/><sp/><sp/><sp/><sp/><sp/><sp/>=<sp/>0x0303,<sp/></highlight></codeline>
<codeline lineno="41" refid="status_error_define_8h_1adf0c44f8de9b8e78b0e56caacfa1ac94adcffca0fc897e7e44bc66c6f47ae8a1e" refkind="member"><highlight class="normal"><sp/><sp/><sp/><sp/><ref refid="status_error_define_8h_1adf0c44f8de9b8e78b0e56caacfa1ac94adcffca0fc897e7e44bc66c6f47ae8a1e" kindref="member">infoValveAlreadyActivated</ref><sp/><sp/><sp/>=<sp/>0x0304,<sp/></highlight></codeline>
<codeline lineno="42" refid="status_error_define_8h_1adf0c44f8de9b8e78b0e56caacfa1ac94aa0f22b79ff1056e5dbd2add0afba892c" refkind="member"><highlight class="normal"><sp/><sp/><sp/><sp/><ref refid="status_error_define_8h_1adf0c44f8de9b8e78b0e56caacfa1ac94aa0f22b79ff1056e5dbd2add0afba892c" kindref="member">infoAllDependNotActivated</ref><sp/><sp/><sp/>=<sp/>0x0305,<sp/></highlight></codeline>
<codeline lineno="43" refid="status_error_define_8h_1adf0c44f8de9b8e78b0e56caacfa1ac94ab3077fec19fccfeb9d807e656556c75e" refkind="member"><highlight class="normal"><sp/><sp/><sp/><sp/><ref refid="status_error_define_8h_1adf0c44f8de9b8e78b0e56caacfa1ac94ab3077fec19fccfeb9d807e656556c75e" kindref="member">infoShutdownValve</ref><sp/><sp/><sp/><sp/><sp/><sp/><sp/><sp/><sp/><sp/><sp/>=<sp/>0x03FF,<sp/></highlight></codeline>
<codeline lineno="45"><highlight class="normal"><sp/><sp/><sp/><sp/></highlight><highlight class="comment">//<sp/>Sensor</highlight><highlight class="normal"></highlight></codeline>
<codeline lineno="46" refid="status_error_define_8h_1adf0c44f8de9b8e78b0e56caacfa1ac94afd0bd927b473d07ca7ce9723666b3d7a" refkind="member"><highlight class="normal"><sp/><sp/><sp/><sp/><ref refid="status_error_define_8h_1adf0c44f8de9b8e78b0e56caacfa1ac94afd0bd927b473d07ca7ce9723666b3d7a" kindref="member">infoInitSensor</ref><sp/><sp/><sp/><sp/><sp/><sp/><sp/><sp/><sp/><sp/><sp/><sp/><sp/><sp/>=<sp/>0x0401,<sp/></highlight></codeline>
<codeline lineno="47" refid="status_error_define_8h_1adf0c44f8de9b8e78b0e56caacfa1ac94ae90bcc7ae0a81f0d17f0620649cffe06" refkind="member"><highlight class="normal"><sp/><sp/><sp/><sp/><ref refid="status_error_define_8h_1adf0c44f8de9b8e78b0e56caacfa1ac94ae90bcc7ae0a81f0d17f0620649cffe06" kindref="member">infoReadChannels</ref><sp/><sp/><sp/><sp/><sp/><sp/><sp/><sp/><sp/><sp/><sp/><sp/>=<sp/>0x0402,<sp/></highlight></codeline>
<codeline lineno="48" refid="status_error_define_8h_1adf0c44f8de9b8e78b0e56caacfa1ac94ace6949520e27cb5384ef035c68693375" refkind="member"><highlight class="normal"><sp/><sp/><sp/><sp/><ref refid="status_error_define_8h_1adf0c44f8de9b8e78b0e56caacfa1ac94ace6949520e27cb5384ef035c68693375" kindref="member">infoShutdownSensor</ref><sp/><sp/><sp/><sp/><sp/><sp/><sp/><sp/><sp/><sp/>=<sp/>0x04FF,<sp/></highlight></codeline>
<codeline lineno="50"><highlight class="normal"><sp/><sp/><sp/><sp/></highlight><highlight class="comment">//<sp/>Main<sp/>state</highlight><highlight class="normal"></highlight></codeline>
<codeline lineno="51" refid="status_error_define_8h_1adf0c44f8de9b8e78b0e56caacfa1ac94ae2d916991a99ff8e3b05605063b91b78" refkind="member"><highlight class="normal"><sp/><sp/><sp/><sp/><ref refid="status_error_define_8h_1adf0c44f8de9b8e78b0e56caacfa1ac94ae2d916991a99ff8e3b05605063b91b78" kindref="member">infoStateToInit</ref><sp/><sp/><sp/><sp/><sp/><sp/><sp/><sp/><sp/><sp/><sp/><sp/><sp/>=<sp/>0x7001,<sp/></highlight></codeline>
<codeline lineno="52" refid="status_error_define_8h_1adf0c44f8de9b8e78b0e56caacfa1ac94a4f8af5104200cbeec9dd2664b09db5fb" refkind="member"><highlight class="normal"><sp/><sp/><sp/><sp/><ref refid="status_error_define_8h_1adf0c44f8de9b8e78b0e56caacfa1ac94a4f8af5104200cbeec9dd2664b09db5fb" kindref="member">infoStateToControl</ref><sp/><sp/><sp/><sp/><sp/><sp/><sp/><sp/><sp/><sp/>=<sp/>0x7002,<sp/></highlight></codeline>
<codeline lineno="53" refid="status_error_define_8h_1adf0c44f8de9b8e78b0e56caacfa1ac94a07e3be144c2a7d4c69691470f0bcd261" refkind="member"><highlight class="normal"><sp/><sp/><sp/><sp/><ref refid="status_error_define_8h_1adf0c44f8de9b8e78b0e56caacfa1ac94a07e3be144c2a7d4c69691470f0bcd261" kindref="member">infoStateToManualMode</ref><sp/><sp/><sp/><sp/><sp/><sp/><sp/>=<sp/>0x7777,<sp/></highlight></codeline>
<codeline lineno="54" refid="status_error_define_8h_1adf0c44f8de9b8e78b0e56caacfa1ac94a01e41b59bd1914b962c2219c0eeca685" refkind="member"><highlight class="normal"><sp/><sp/><sp/><sp/><ref refid="status_error_define_8h_1adf0c44f8de9b8e78b0e56caacfa1ac94a01e41b59bd1914b962c2219c0eeca685" kindref="member">infoStateToShutdown</ref><sp/><sp/><sp/><sp/><sp/><sp/><sp/><sp/><sp/>=<sp/>0x7FFF,<sp/></highlight></codeline>
<codeline lineno="56"><highlight class="normal"><sp/><sp/><sp/><sp/></highlight><highlight class="comment">/*=============ERROR===============*/</highlight><highlight class="normal"></highlight></codeline>
<codeline lineno="57" refid="status_error_define_8h_1adf0c44f8de9b8e78b0e56caacfa1ac94ae7bf9a86fbf981c6e4caf5912790bd4a" refkind="member"><highlight class="normal"><sp/><sp/><sp/><sp/><ref refid="status_error_define_8h_1adf0c44f8de9b8e78b0e56caacfa1ac94ae7bf9a86fbf981c6e4caf5912790bd4a" kindref="member">errOpenTelemFile</ref><sp/><sp/><sp/><sp/><sp/><sp/><sp/><sp/><sp/><sp/><sp/><sp/>=<sp/>0xE001,<sp/></highlight></codeline>
<codeline lineno="58" refid="status_error_define_8h_1adf0c44f8de9b8e78b0e56caacfa1ac94ad8e0328b57f4daa9a6a29519f1d8558a" refkind="member"><highlight class="normal"><sp/><sp/><sp/><sp/><ref refid="status_error_define_8h_1adf0c44f8de9b8e78b0e56caacfa1ac94ad8e0328b57f4daa9a6a29519f1d8558a" kindref="member">errTestWriteFile</ref><sp/><sp/><sp/><sp/><sp/><sp/><sp/><sp/><sp/><sp/><sp/><sp/>=<sp/>0xE002,<sp/></highlight></codeline>
<codeline lineno="59" refid="status_error_define_8h_1adf0c44f8de9b8e78b0e56caacfa1ac94a2a9edd04aaa6fed4564c1a9018a287f5" refkind="member"><highlight class="normal"><sp/><sp/><sp/><sp/><ref refid="status_error_define_8h_1adf0c44f8de9b8e78b0e56caacfa1ac94a2a9edd04aaa6fed4564c1a9018a287f5" kindref="member">errCloseTelemFile</ref><sp/><sp/><sp/><sp/><sp/><sp/><sp/><sp/><sp/><sp/><sp/>=<sp/>0xE0FF,<sp/></highlight></codeline>
<codeline lineno="61"><highlight class="normal"><sp/><sp/><sp/><sp/></highlight><highlight class="comment">//<sp/>CSV</highlight><highlight class="normal"></highlight></codeline>
<codeline lineno="62" refid="status_error_define_8h_1adf0c44f8de9b8e78b0e56caacfa1ac94a7f5fa8b07e851d30728b48a6706f3406" refkind="member"><highlight class="normal"><sp/><sp/><sp/><sp/><ref refid="status_error_define_8h_1adf0c44f8de9b8e78b0e56caacfa1ac94a7f5fa8b07e851d30728b48a6706f3406" kindref="member">errAllocDataEG</ref><sp/><sp/><sp/><sp/><sp/><sp/><sp/><sp/><sp/><sp/><sp/><sp/><sp/><sp/>=<sp/>0xE101,<sp/></highlight></codeline>
<codeline lineno="63" refid="status_error_define_8h_1adf0c44f8de9b8e78b0e56caacfa1ac94aa17dee312ce9f8b84311bcfeeea687e4" refkind="member"><highlight class="normal"><sp/><sp/><sp/><sp/><ref refid="status_error_define_8h_1adf0c44f8de9b8e78b0e56caacfa1ac94aa17dee312ce9f8b84311bcfeeea687e4" kindref="member">errAllocDataEtats</ref><sp/><sp/><sp/><sp/><sp/><sp/><sp/><sp/><sp/><sp/><sp/>=<sp/>0xE102,<sp/></highlight></codeline>
<codeline lineno="64" refid="status_error_define_8h_1adf0c44f8de9b8e78b0e56caacfa1ac94a52c0a0dc9ef385f587dda867044b4643" refkind="member"><highlight class="normal"><sp/><sp/><sp/><sp/><ref refid="status_error_define_8h_1adf0c44f8de9b8e78b0e56caacfa1ac94a52c0a0dc9ef385f587dda867044b4643" kindref="member">errAllocDataPhysValves</ref><sp/><sp/><sp/><sp/><sp/><sp/>=<sp/>0xE103,<sp/></highlight></codeline>
<codeline lineno="65" refid="status_error_define_8h_1adf0c44f8de9b8e78b0e56caacfa1ac94ae97856e69e4799dd26242af002ea490d" refkind="member"><highlight class="normal"><sp/><sp/><sp/><sp/><ref refid="status_error_define_8h_1adf0c44f8de9b8e78b0e56caacfa1ac94ae97856e69e4799dd26242af002ea490d" kindref="member">errAllocDataPhysSensors</ref><sp/><sp/><sp/><sp/><sp/>=<sp/>0xE104,<sp/></highlight></codeline>
<codeline lineno="66" refid="status_error_define_8h_1adf0c44f8de9b8e78b0e56caacfa1ac94aa748b576dd63269692bf94745ebde592" refkind="member"><highlight class="normal"><sp/><sp/><sp/><sp/><ref refid="status_error_define_8h_1adf0c44f8de9b8e78b0e56caacfa1ac94aa748b576dd63269692bf94745ebde592" kindref="member">errAllocDataActivation</ref><sp/><sp/><sp/><sp/><sp/><sp/>=<sp/>0xE105,<sp/></highlight></codeline>
<codeline lineno="67" refid="status_error_define_8h_1adf0c44f8de9b8e78b0e56caacfa1ac94a30f34309a812bd0a316489459b8bb55d" refkind="member"><highlight class="normal"><sp/><sp/><sp/><sp/><ref refid="status_error_define_8h_1adf0c44f8de9b8e78b0e56caacfa1ac94a30f34309a812bd0a316489459b8bb55d" kindref="member">errOpenEGFile</ref><sp/><sp/><sp/><sp/><sp/><sp/><sp/><sp/><sp/><sp/><sp/><sp/><sp/><sp/><sp/>=<sp/>0xE106,<sp/></highlight></codeline>
<codeline lineno="68" refid="status_error_define_8h_1adf0c44f8de9b8e78b0e56caacfa1ac94a14f3c6267c7217f788ac3ce46bd60835" refkind="member"><highlight class="normal"><sp/><sp/><sp/><sp/><ref refid="status_error_define_8h_1adf0c44f8de9b8e78b0e56caacfa1ac94a14f3c6267c7217f788ac3ce46bd60835" kindref="member">errEGNotFoundInFile</ref><sp/><sp/><sp/><sp/><sp/><sp/><sp/><sp/><sp/>=<sp/>0xE107,<sp/></highlight></codeline>
<codeline lineno="69" refid="status_error_define_8h_1adf0c44f8de9b8e78b0e56caacfa1ac94a12741a8473115ee22c636b93fbef02a4" refkind="member"><highlight class="normal"><sp/><sp/><sp/><sp/><ref refid="status_error_define_8h_1adf0c44f8de9b8e78b0e56caacfa1ac94a12741a8473115ee22c636b93fbef02a4" kindref="member">errOpenEtatsFile</ref><sp/><sp/><sp/><sp/><sp/><sp/><sp/><sp/><sp/><sp/><sp/><sp/>=<sp/>0xE108,<sp/></highlight></codeline>
<codeline lineno="70" refid="status_error_define_8h_1adf0c44f8de9b8e78b0e56caacfa1ac94aec51d52bd267e359598a1910f12b65b4" refkind="member"><highlight class="normal"><sp/><sp/><sp/><sp/><ref refid="status_error_define_8h_1adf0c44f8de9b8e78b0e56caacfa1ac94aec51d52bd267e359598a1910f12b65b4" kindref="member">errOpenPhysValvesFile</ref><sp/><sp/><sp/><sp/><sp/><sp/><sp/>=<sp/>0xE109,<sp/></highlight></codeline>
<codeline lineno="71" refid="status_error_define_8h_1adf0c44f8de9b8e78b0e56caacfa1ac94a9883c20b0333d35a1a7b2342627a536c" refkind="member"><highlight class="normal"><sp/><sp/><sp/><sp/><ref refid="status_error_define_8h_1adf0c44f8de9b8e78b0e56caacfa1ac94a9883c20b0333d35a1a7b2342627a536c" kindref="member">errOpenPhysSensorsFile</ref><sp/><sp/><sp/><sp/><sp/><sp/>=<sp/>0xE10A,<sp/></highlight></codeline>
<codeline lineno="72" refid="status_error_define_8h_1adf0c44f8de9b8e78b0e56caacfa1ac94aa8dbde321e31e69aeaa49dc7f37bbc16" refkind="member"><highlight class="normal"><sp/><sp/><sp/><sp/><ref refid="status_error_define_8h_1adf0c44f8de9b8e78b0e56caacfa1ac94aa8dbde321e31e69aeaa49dc7f37bbc16" kindref="member">errOpenActivationFile</ref><sp/><sp/><sp/><sp/><sp/><sp/><sp/>=<sp/>0xE10B,<sp/></highlight></codeline>
<codeline lineno="74"><highlight class="normal"><sp/><sp/><sp/><sp/></highlight><highlight class="comment">//<sp/>OPL</highlight><highlight class="normal"></highlight></codeline>
<codeline lineno="75" refid="status_error_define_8h_1adf0c44f8de9b8e78b0e56caacfa1ac94ae1a5bbac3235cbdf4dfdaf395813d328" refkind="member"><highlight class="normal"><sp/><sp/><sp/><sp/><ref refid="status_error_define_8h_1adf0c44f8de9b8e78b0e56caacfa1ac94ae1a5bbac3235cbdf4dfdaf395813d328" kindref="member">errOPLSystemInit</ref><sp/><sp/><sp/><sp/><sp/><sp/><sp/><sp/><sp/><sp/><sp/><sp/>=<sp/>0xE201,<sp/></highlight></codeline>
<codeline lineno="76" refid="status_error_define_8h_1adf0c44f8de9b8e78b0e56caacfa1ac94a3ccc2755005e3b8f7aedd3787bef4869" refkind="member"><highlight class="normal"><sp/><sp/><sp/><sp/><ref refid="status_error_define_8h_1adf0c44f8de9b8e78b0e56caacfa1ac94a3ccc2755005e3b8f7aedd3787bef4869" kindref="member">errSelNetInterface</ref><sp/><sp/><sp/><sp/><sp/><sp/><sp/><sp/><sp/><sp/>=<sp/>0xE202,<sp/></highlight></codeline>
<codeline lineno="77" refid="status_error_define_8h_1adf0c44f8de9b8e78b0e56caacfa1ac94a3ebf20f82ef4ab6c130e48091c95cba7" refkind="member"><highlight class="normal"><sp/><sp/><sp/><sp/><ref refid="status_error_define_8h_1adf0c44f8de9b8e78b0e56caacfa1ac94a3ebf20f82ef4ab6c130e48091c95cba7" kindref="member">errInitObjDictionary</ref><sp/><sp/><sp/><sp/><sp/><sp/><sp/><sp/>=<sp/>0xE203,<sp/></highlight></codeline>
<codeline lineno="78" refid="status_error_define_8h_1adf0c44f8de9b8e78b0e56caacfa1ac94a93dde49c48ef9bb619348e72d664c43d" refkind="member"><highlight class="normal"><sp/><sp/><sp/><sp/><ref refid="status_error_define_8h_1adf0c44f8de9b8e78b0e56caacfa1ac94a93dde49c48ef9bb619348e72d664c43d" kindref="member">errOplkInit</ref><sp/><sp/><sp/><sp/><sp/><sp/><sp/><sp/><sp/><sp/><sp/><sp/><sp/><sp/><sp/><sp/><sp/>=<sp/>0xE204,<sp/></highlight></codeline>
<codeline lineno="79" refid="status_error_define_8h_1adf0c44f8de9b8e78b0e56caacfa1ac94ae58a341d48e59f97d21886e8e27b0db8" refkind="member"><highlight class="normal"><sp/><sp/><sp/><sp/><ref refid="status_error_define_8h_1adf0c44f8de9b8e78b0e56caacfa1ac94ae58a341d48e59f97d21886e8e27b0db8" kindref="member">errOplkCreate</ref><sp/><sp/><sp/><sp/><sp/><sp/><sp/><sp/><sp/><sp/><sp/><sp/><sp/><sp/><sp/>=<sp/>0xE205,<sp/></highlight></codeline>
<codeline lineno="80" refid="status_error_define_8h_1adf0c44f8de9b8e78b0e56caacfa1ac94aeea752eff283031109152c89cad12c40" refkind="member"><highlight class="normal"><sp/><sp/><sp/><sp/><ref refid="status_error_define_8h_1adf0c44f8de9b8e78b0e56caacfa1ac94aeea752eff283031109152c89cad12c40" kindref="member">errOplkAllocProcessImage</ref><sp/><sp/><sp/><sp/>=<sp/>0xE206,<sp/></highlight></codeline>
<codeline lineno="81" refid="status_error_define_8h_1adf0c44f8de9b8e78b0e56caacfa1ac94a6f6e0379e57e89a0eb4d33299a5716d3" refkind="member"><highlight class="normal"><sp/><sp/><sp/><sp/><ref refid="status_error_define_8h_1adf0c44f8de9b8e78b0e56caacfa1ac94a6f6e0379e57e89a0eb4d33299a5716d3" kindref="member">errLinkPDOout</ref><sp/><sp/><sp/><sp/><sp/><sp/><sp/><sp/><sp/><sp/><sp/><sp/><sp/><sp/><sp/>=<sp/>0xE207,<sp/></highlight></codeline>
<codeline lineno="82" refid="status_error_define_8h_1adf0c44f8de9b8e78b0e56caacfa1ac94a34c4ba48af587dadc519d4b49f773fbb" refkind="member"><highlight class="normal"><sp/><sp/><sp/><sp/><ref refid="status_error_define_8h_1adf0c44f8de9b8e78b0e56caacfa1ac94a34c4ba48af587dadc519d4b49f773fbb" kindref="member">errLinkPDOEGin</ref><sp/><sp/><sp/><sp/><sp/><sp/><sp/><sp/><sp/><sp/><sp/><sp/><sp/><sp/>=<sp/>0xE208,<sp/></highlight></codeline>
<codeline lineno="83" refid="status_error_define_8h_1adf0c44f8de9b8e78b0e56caacfa1ac94a2d71b8bf78bab50fc7914c15391b7e4c" refkind="member"><highlight class="normal"><sp/><sp/><sp/><sp/><ref refid="status_error_define_8h_1adf0c44f8de9b8e78b0e56caacfa1ac94a2d71b8bf78bab50fc7914c15391b7e4c" kindref="member">errLinkPDOin</ref><sp/><sp/><sp/><sp/><sp/><sp/><sp/><sp/><sp/><sp/><sp/><sp/><sp/><sp/><sp/><sp/>=<sp/>0xE209,<sp/></highlight></codeline>
<codeline lineno="84" refid="status_error_define_8h_1adf0c44f8de9b8e78b0e56caacfa1ac94adc47549c3ae339d7b2b8d77ac0ad63bf" refkind="member"><highlight class="normal"><sp/><sp/><sp/><sp/><ref refid="status_error_define_8h_1adf0c44f8de9b8e78b0e56caacfa1ac94adc47549c3ae339d7b2b8d77ac0ad63bf" kindref="member">errSendNMTResetCommand</ref><sp/><sp/><sp/><sp/><sp/><sp/>=<sp/>0xE20A,<sp/></highlight></codeline>
<codeline lineno="85" refid="status_error_define_8h_1adf0c44f8de9b8e78b0e56caacfa1ac94acb7ab15cc47c08906b755f31f53b39b3" refkind="member"><highlight class="normal"><sp/><sp/><sp/><sp/><ref refid="status_error_define_8h_1adf0c44f8de9b8e78b0e56caacfa1ac94acb7ab15cc47c08906b755f31f53b39b3" kindref="member">errOplkFreeProcessImage</ref><sp/><sp/><sp/><sp/><sp/>=<sp/>0xE20B,<sp/></highlight></codeline>
<codeline lineno="86" refid="status_error_define_8h_1adf0c44f8de9b8e78b0e56caacfa1ac94a577af9c3c84d95925e05d66000b3d411" refkind="member"><highlight class="normal"><sp/><sp/><sp/><sp/><ref refid="status_error_define_8h_1adf0c44f8de9b8e78b0e56caacfa1ac94a577af9c3c84d95925e05d66000b3d411" kindref="member">errSystemSendTerminate</ref><sp/><sp/><sp/><sp/><sp/><sp/>=<sp/>0xE20C,<sp/></highlight></codeline>
<codeline lineno="87" refid="status_error_define_8h_1adf0c44f8de9b8e78b0e56caacfa1ac94a34e5cf990e434aa370892b7d204206c8" refkind="member"><highlight class="normal"><sp/><sp/><sp/><sp/><ref refid="status_error_define_8h_1adf0c44f8de9b8e78b0e56caacfa1ac94a34e5cf990e434aa370892b7d204206c8" kindref="member">errOplKernelStackDown</ref><sp/><sp/><sp/><sp/><sp/><sp/><sp/>=<sp/>0xE20D,<sp/></highlight></codeline>
<codeline lineno="88" refid="status_error_define_8h_1adf0c44f8de9b8e78b0e56caacfa1ac94a0d3760066c986a1d218efcd7a8144ce5" refkind="member"><highlight class="normal"><sp/><sp/><sp/><sp/><ref refid="status_error_define_8h_1adf0c44f8de9b8e78b0e56caacfa1ac94a0d3760066c986a1d218efcd7a8144ce5" kindref="member">errInitFirmwareManager</ref><sp/><sp/><sp/><sp/><sp/><sp/>=<sp/>0xE20E,<sp/></highlight></codeline>
<codeline lineno="89" refid="status_error_define_8h_1adf0c44f8de9b8e78b0e56caacfa1ac94a8de9d8ff43159f5a2951d00c9e67ceaa" refkind="member"><highlight class="normal"><sp/><sp/><sp/><sp/><ref refid="status_error_define_8h_1adf0c44f8de9b8e78b0e56caacfa1ac94a8de9d8ff43159f5a2951d00c9e67ceaa" kindref="member">errOplkSetCDCFileName</ref><sp/><sp/><sp/><sp/><sp/><sp/><sp/>=<sp/>0xE20F,<sp/></highlight></codeline>
<codeline lineno="90" refid="status_error_define_8h_1adf0c44f8de9b8e78b0e56caacfa1ac94ac1fba758bf7bd388901dff034ab55ab3" refkind="member"><highlight class="normal"><sp/><sp/><sp/><sp/><ref refid="status_error_define_8h_1adf0c44f8de9b8e78b0e56caacfa1ac94ac1fba758bf7bd388901dff034ab55ab3" kindref="member">errSetupProcessImage</ref><sp/><sp/><sp/><sp/><sp/><sp/><sp/><sp/>=<sp/>0xE210,<sp/></highlight></codeline>
<codeline lineno="92"><highlight class="normal"><sp/><sp/><sp/><sp/></highlight><highlight class="comment">//<sp/>Valve</highlight><highlight class="normal"></highlight></codeline>
<codeline lineno="93" refid="status_error_define_8h_1adf0c44f8de9b8e78b0e56caacfa1ac94aebbac86c9dfcf75f2812d9ef1e93693b" refkind="member"><highlight class="normal"><sp/><sp/><sp/><sp/><ref refid="status_error_define_8h_1adf0c44f8de9b8e78b0e56caacfa1ac94aebbac86c9dfcf75f2812d9ef1e93693b" kindref="member">errGPIOPathEmpty</ref><sp/><sp/><sp/><sp/><sp/><sp/><sp/><sp/><sp/><sp/><sp/><sp/>=<sp/>0xE301,<sp/></highlight></codeline>
<codeline lineno="94" refid="status_error_define_8h_1adf0c44f8de9b8e78b0e56caacfa1ac94a19ac259774bb0891cc3bad74473984c5" refkind="member"><highlight class="normal"><sp/><sp/><sp/><sp/><ref refid="status_error_define_8h_1adf0c44f8de9b8e78b0e56caacfa1ac94a19ac259774bb0891cc3bad74473984c5" kindref="member">errOpenGPIO</ref><sp/><sp/><sp/><sp/><sp/><sp/><sp/><sp/><sp/><sp/><sp/><sp/><sp/><sp/><sp/><sp/><sp/>=<sp/>0xE302,<sp/></highlight></codeline>
<codeline lineno="95" refid="status_error_define_8h_1adf0c44f8de9b8e78b0e56caacfa1ac94ad601b41162c91eaf13e62a938db42636" refkind="member"><highlight class="normal"><sp/><sp/><sp/><sp/><ref refid="status_error_define_8h_1adf0c44f8de9b8e78b0e56caacfa1ac94ad601b41162c91eaf13e62a938db42636" kindref="member">errGPIOGetLine</ref><sp/><sp/><sp/><sp/><sp/><sp/><sp/><sp/><sp/><sp/><sp/><sp/><sp/><sp/>=<sp/>0xE303,<sp/></highlight></codeline>
<codeline lineno="96" refid="status_error_define_8h_1adf0c44f8de9b8e78b0e56caacfa1ac94a2485272769a6cfdbf6f91340bb741092" refkind="member"><highlight class="normal"><sp/><sp/><sp/><sp/><ref refid="status_error_define_8h_1adf0c44f8de9b8e78b0e56caacfa1ac94a2485272769a6cfdbf6f91340bb741092" kindref="member">errGPIORequestOutput</ref><sp/><sp/><sp/><sp/><sp/><sp/><sp/><sp/>=<sp/>0xE304,<sp/></highlight></codeline>
<codeline lineno="97" refid="status_error_define_8h_1adf0c44f8de9b8e78b0e56caacfa1ac94a49c48509a2e506bb1cdbf57f6638dbe2" refkind="member"><highlight class="normal"><sp/><sp/><sp/><sp/><ref refid="status_error_define_8h_1adf0c44f8de9b8e78b0e56caacfa1ac94a49c48509a2e506bb1cdbf57f6638dbe2" kindref="member">errGetValveInitValue</ref><sp/><sp/><sp/><sp/><sp/><sp/><sp/><sp/>=<sp/>0xE305,<sp/></highlight></codeline>
<codeline lineno="98" refid="status_error_define_8h_1adf0c44f8de9b8e78b0e56caacfa1ac94aec2040d37c7bf6607456c056344f6c42" refkind="member"><highlight class="normal"><sp/><sp/><sp/><sp/><ref refid="status_error_define_8h_1adf0c44f8de9b8e78b0e56caacfa1ac94aec2040d37c7bf6607456c056344f6c42" kindref="member">errValueInitIsNotBinary</ref><sp/><sp/><sp/><sp/><sp/>=<sp/>0xE306,<sp/></highlight></codeline>
<codeline lineno="99" refid="status_error_define_8h_1adf0c44f8de9b8e78b0e56caacfa1ac94a763d85cc76cf1596ee353e9fb1b38903" refkind="member"><highlight class="normal"><sp/><sp/><sp/><sp/><ref refid="status_error_define_8h_1adf0c44f8de9b8e78b0e56caacfa1ac94a763d85cc76cf1596ee353e9fb1b38903" kindref="member">errGPIOSetInitValue</ref><sp/><sp/><sp/><sp/><sp/><sp/><sp/><sp/><sp/>=<sp/>0xE307,<sp/></highlight></codeline>
<codeline lineno="100" refid="status_error_define_8h_1adf0c44f8de9b8e78b0e56caacfa1ac94ab6044186bf03edb2f4ae79d23c664644" refkind="member"><highlight class="normal"><sp/><sp/><sp/><sp/><ref refid="status_error_define_8h_1adf0c44f8de9b8e78b0e56caacfa1ac94ab6044186bf03edb2f4ae79d23c664644" kindref="member">errGPIOGetValue</ref><sp/><sp/><sp/><sp/><sp/><sp/><sp/><sp/><sp/><sp/><sp/><sp/><sp/>=<sp/>0xE308,<sp/></highlight></codeline>
<codeline lineno="101" refid="status_error_define_8h_1adf0c44f8de9b8e78b0e56caacfa1ac94af034509b765efa4ee9fc365cc6db4943" refkind="member"><highlight class="normal"><sp/><sp/><sp/><sp/><ref refid="status_error_define_8h_1adf0c44f8de9b8e78b0e56caacfa1ac94af034509b765efa4ee9fc365cc6db4943" kindref="member">errGPIODependValue</ref><sp/><sp/><sp/><sp/><sp/><sp/><sp/><sp/><sp/><sp/>=<sp/>0xE309,<sp/></highlight></codeline>
<codeline lineno="102" refid="status_error_define_8h_1adf0c44f8de9b8e78b0e56caacfa1ac94a214fda571451d3d8b705490f276a81ce" refkind="member"><highlight class="normal"><sp/><sp/><sp/><sp/><ref refid="status_error_define_8h_1adf0c44f8de9b8e78b0e56caacfa1ac94a214fda571451d3d8b705490f276a81ce" kindref="member">errDependOutsideOfRange</ref><sp/><sp/><sp/><sp/><sp/>=<sp/>0xE30A,<sp/></highlight></codeline>
<codeline lineno="103" refid="status_error_define_8h_1adf0c44f8de9b8e78b0e56caacfa1ac94a9a1dd444c2528ae6922e7fdec7f37611" refkind="member"><highlight class="normal"><sp/><sp/><sp/><sp/><ref refid="status_error_define_8h_1adf0c44f8de9b8e78b0e56caacfa1ac94a9a1dd444c2528ae6922e7fdec7f37611" kindref="member">errValueIsNotBinary</ref><sp/><sp/><sp/><sp/><sp/><sp/><sp/><sp/><sp/>=<sp/>0xE30B,<sp/></highlight></codeline>
<codeline lineno="104" refid="status_error_define_8h_1adf0c44f8de9b8e78b0e56caacfa1ac94a5c2c18ec122e2cca417baf06cc784129" refkind="member"><highlight class="normal"><sp/><sp/><sp/><sp/><ref refid="status_error_define_8h_1adf0c44f8de9b8e78b0e56caacfa1ac94a5c2c18ec122e2cca417baf06cc784129" kindref="member">errGPIOSetValue</ref><sp/><sp/><sp/><sp/><sp/><sp/><sp/><sp/><sp/><sp/><sp/><sp/><sp/>=<sp/>0xE30C,<sp/></highlight></codeline>
<codeline lineno="105" refid="status_error_define_8h_1adf0c44f8de9b8e78b0e56caacfa1ac94a117109c04d16b697e197f21a45362fec" refkind="member"><highlight class="normal"><sp/><sp/><sp/><sp/><ref refid="status_error_define_8h_1adf0c44f8de9b8e78b0e56caacfa1ac94a117109c04d16b697e197f21a45362fec" kindref="member">errGPIORelease</ref><sp/><sp/><sp/><sp/><sp/><sp/><sp/><sp/><sp/><sp/><sp/><sp/><sp/><sp/>=<sp/>0xE3FF,<sp/></highlight></codeline>
<codeline lineno="107"><highlight class="normal"><sp/><sp/><sp/><sp/></highlight><highlight class="comment">//<sp/>Sensor</highlight><highlight class="normal"></highlight></codeline>
<codeline lineno="108" refid="status_error_define_8h_1adf0c44f8de9b8e78b0e56caacfa1ac94abb3be0d1d4505ac1644533c725c8652d" refkind="member"><highlight class="normal"><sp/><sp/><sp/><sp/><ref refid="status_error_define_8h_1adf0c44f8de9b8e78b0e56caacfa1ac94abb3be0d1d4505ac1644533c725c8652d" kindref="member">errOpenAdc</ref><sp/><sp/><sp/><sp/><sp/><sp/><sp/><sp/><sp/><sp/><sp/><sp/><sp/><sp/><sp/><sp/><sp/><sp/>=<sp/>0xE401,<sp/></highlight></codeline>
<codeline lineno="109" refid="status_error_define_8h_1adf0c44f8de9b8e78b0e56caacfa1ac94a853bb660c03c4d6dbdf70e139b46600d" refkind="member"><highlight class="normal"><sp/><sp/><sp/><sp/><ref refid="status_error_define_8h_1adf0c44f8de9b8e78b0e56caacfa1ac94a853bb660c03c4d6dbdf70e139b46600d" kindref="member">errReadAdc</ref><sp/><sp/><sp/><sp/><sp/><sp/><sp/><sp/><sp/><sp/><sp/><sp/><sp/><sp/><sp/><sp/><sp/><sp/>=<sp/>0xE402,<sp/></highlight></codeline>
<codeline lineno="110" refid="status_error_define_8h_1adf0c44f8de9b8e78b0e56caacfa1ac94a282120158405e4a34ce8e365c3684fb8" refkind="member"><highlight class="normal"><sp/><sp/><sp/><sp/><ref refid="status_error_define_8h_1adf0c44f8de9b8e78b0e56caacfa1ac94a282120158405e4a34ce8e365c3684fb8" kindref="member">errCloseAdc</ref><sp/><sp/><sp/><sp/><sp/><sp/><sp/><sp/><sp/><sp/><sp/><sp/><sp/><sp/><sp/><sp/><sp/>=<sp/>0xE4FF,<sp/></highlight></codeline>
<codeline lineno="112"><highlight class="normal">}<sp/><ref refid="status_error_define_8h_1adf0c44f8de9b8e78b0e56caacfa1ac94" kindref="member">statusErrDef</ref>;</highlight></codeline>
<codeline lineno="113"><highlight class="normal"></highlight></codeline>
<codeline lineno="118" refid="status_error_define_8h_1a46c8a310cf4c094f8c80e1cb8dc1f911" refkind="member"><highlight class="normal"></highlight><highlight class="keyword">typedef</highlight><highlight class="normal"><sp/></highlight><highlight class="keyword">enum</highlight><highlight class="normal"></highlight></codeline>
<codeline lineno="119"><highlight class="normal">{</highlight></codeline>
<codeline lineno="120" refid="status_error_define_8h_1a46c8a310cf4c094f8c80e1cb8dc1f911a9761086e420b925e438327ad385b304d" refkind="member"><highlight class="normal"><sp/><sp/><sp/><sp/><ref refid="status_error_define_8h_1a46c8a310cf4c094f8c80e1cb8dc1f911a9761086e420b925e438327ad385b304d" kindref="member">automatic</ref><sp/><sp/><sp/><sp/><sp/><sp/><sp/><sp/><sp/><sp/><sp/><sp/><sp/><sp/><sp/><sp/><sp/><sp/><sp/>=<sp/>0x00,<sp/></highlight></codeline>
<codeline lineno="121" refid="status_error_define_8h_1a46c8a310cf4c094f8c80e1cb8dc1f911af2ff5ec687c78928f81c2842750e3f67" refkind="member"><highlight class="normal"><sp/><sp/><sp/><sp/><ref refid="status_error_define_8h_1a46c8a310cf4c094f8c80e1cb8dc1f911af2ff5ec687c78928f81c2842750e3f67" kindref="member">manual</ref><sp/><sp/><sp/><sp/><sp/><sp/><sp/><sp/><sp/><sp/><sp/><sp/><sp/><sp/><sp/><sp/><sp/><sp/><sp/><sp/><sp/><sp/>=<sp/>0x01,<sp/></highlight></codeline>
<codeline lineno="123"><highlight class="normal">}<sp/><ref refid="status_error_define_8h_1a46c8a310cf4c094f8c80e1cb8dc1f911" kindref="member">Mode</ref>;</highlight></codeline>
<codeline lineno="124"><highlight class="normal"></highlight><highlight class="keyword">extern</highlight><highlight class="normal"><sp/><ref refid="status_error_define_8h_1a46c8a310cf4c094f8c80e1cb8dc1f911" kindref="member">Mode</ref><sp/><ref refid="status_error_define_8h_1a2618e89b4c26dc851feae865df3a1a49" kindref="member">mode</ref>;</highlight></codeline>
<codeline lineno="125"><highlight class="normal"></highlight></codeline>
<codeline lineno="131" refid="status_error_define_8h_1a8a5ff9e57db5d201dadd5d4dcacafd50" refkind="member"><highlight class="normal"></highlight><highlight class="keyword">typedef</highlight><highlight class="normal"><sp/></highlight><highlight class="keyword">enum</highlight><highlight class="normal"></highlight></codeline>
<codeline lineno="132"><highlight class="normal">{</highlight></codeline>
<codeline lineno="133" refid="status_error_define_8h_1a8a5ff9e57db5d201dadd5d4dcacafd50a2e804b7c8163d212e6231f5228f73ce9" refkind="member"><highlight class="normal"><sp/><sp/><sp/><sp/><ref refid="status_error_define_8h_1a8a5ff9e57db5d201dadd5d4dcacafd50a2e804b7c8163d212e6231f5228f73ce9" kindref="member">init</ref>,<sp/><sp/><sp/><sp/><sp/><sp/><sp/><sp/><sp/><sp/><sp/><sp/><sp/><sp/><sp/><sp/><sp/><sp/><sp/><sp/><sp/><sp/><sp/><sp/><sp/><sp/><sp/><sp/><sp/><sp/><sp/></highlight></codeline>
<codeline lineno="134" refid="status_error_define_8h_1a8a5ff9e57db5d201dadd5d4dcacafd50a5d8add8effb2a9964dbebfd27c9ddd31" refkind="member"><highlight class="normal"><sp/><sp/><sp/><sp/><ref refid="status_error_define_8h_1a8a5ff9e57db5d201dadd5d4dcacafd50a5d8add8effb2a9964dbebfd27c9ddd31" kindref="member">control</ref>,<sp/><sp/><sp/><sp/><sp/><sp/><sp/><sp/><sp/><sp/><sp/><sp/><sp/><sp/><sp/><sp/><sp/><sp/><sp/><sp/><sp/><sp/><sp/><sp/><sp/><sp/><sp/><sp/></highlight></codeline>
<codeline lineno="135" refid="status_error_define_8h_1a8a5ff9e57db5d201dadd5d4dcacafd50a806a2e610a79f2c33cb4d122a0f0f877" refkind="member"><highlight class="normal"><sp/><sp/><sp/><sp/><ref refid="status_error_define_8h_1a8a5ff9e57db5d201dadd5d4dcacafd50a806a2e610a79f2c33cb4d122a0f0f877" kindref="member">shutdown</ref>,<sp/><sp/><sp/><sp/><sp/><sp/><sp/><sp/><sp/><sp/><sp/><sp/><sp/><sp/><sp/><sp/><sp/><sp/><sp/><sp/><sp/><sp/><sp/><sp/><sp/><sp/><sp/></highlight></codeline>
<codeline lineno="136" refid="status_error_define_8h_1a8a5ff9e57db5d201dadd5d4dcacafd50a6135603307626f48d62e2faa86a1d255" refkind="member"><highlight class="normal"><sp/><sp/><sp/><sp/><ref refid="status_error_define_8h_1a8a5ff9e57db5d201dadd5d4dcacafd50a6135603307626f48d62e2faa86a1d255" kindref="member">ending</ref>,<sp/><sp/><sp/><sp/><sp/><sp/><sp/><sp/><sp/><sp/><sp/><sp/><sp/><sp/><sp/><sp/><sp/><sp/><sp/><sp/><sp/><sp/><sp/><sp/><sp/><sp/><sp/><sp/><sp/></highlight></codeline>
<codeline lineno="137"><highlight class="normal">}<sp/><ref refid="status_error_define_8h_1a8a5ff9e57db5d201dadd5d4dcacafd50" kindref="member">stateDef</ref>;</highlight></codeline>
<codeline lineno="138"><highlight class="normal"></highlight></codeline>
<codeline lineno="139"><highlight class="normal"></highlight><highlight class="preprocessor">#endif</highlight></codeline>
    </programlisting>
    <location file="C:/Users/Squaria/Documents/openPOWERLINK_V2_CAC/apps/OBC_MN/include/statusErrorDefine.h"/>
  </compounddef>
</doxygen>
