<?xml version='1.0' encoding='UTF-8' standalone='no'?>
<doxygen xmlns:xsi="http://www.w3.org/2001/XMLSchema-instance" xsi:noNamespaceSchemaLocation="compound.xsd" version="1.10.0" xml:lang="en-US">
  <compounddef id="structdata_activation" kind="struct" language="C++" prot="public">
    <compoundname>dataActivation</compoundname>
    <briefdescription>
<para>struct containing the boolean values taken from &quot;activation.csv&quot; </para>
    </briefdescription>
    <detaileddescription>
    </detaileddescription>
    <location file="C:/Users/Squaria/Documents/openPOWERLINK_V2_CAC/apps/OBC_MN/src/csv.cpp" line="15" column="1"/>
    <listofallmembers>
    </listofallmembers>
  </compounddef>
</doxygen>
