<?xml version='1.0' encoding='UTF-8' standalone='no'?>
<doxygen xmlns:xsi="http://www.w3.org/2001/XMLSchema-instance" xsi:noNamespaceSchemaLocation="compound.xsd" version="1.10.0" xml:lang="en-US">
  <compounddef id="structt_options" kind="struct" language="C++" prot="public">
    <compoundname>tOptions</compoundname>
    <includes refid="opl_8h" local="no">opl.h</includes>
    <sectiondef kind="public-attrib">
      <memberdef kind="variable" id="structt_options_1a6ddddbecf7127a1d2a9b9f8e430ce72e" prot="public" static="no" mutable="no">
        <type>char</type>
        <definition>char tOptions::cdcFile[256]</definition>
        <argsstring>[256]</argsstring>
        <name>cdcFile</name>
        <qualifiedname>tOptions::cdcFile</qualifiedname>
        <briefdescription>
        </briefdescription>
        <detaileddescription>
<para>The OpenPOWERLINK binary file name </para>
        </detaileddescription>
        <inbodydescription>
        </inbodydescription>
        <location file="C:/Users/Squaria/Documents/openPOWERLINK_V2_CAC/apps/OBC_MN/include/opl.h" line="63" column="25" bodyfile="C:/Users/Squaria/Documents/openPOWERLINK_V2_CAC/apps/OBC_MN/include/opl.h" bodystart="63" bodyend="-1"/>
        <referencedby refid="opl_8cpp_1a670c5cd6fdf306df596560ec23f0cd2f" compoundref="opl_8cpp" startline="284" endline="370">initOPL</referencedby>
      </memberdef>
      <memberdef kind="variable" id="structt_options_1a32813633c4fc364b2354b34c93af6d5c" prot="public" static="no" mutable="no">
        <type>char</type>
        <definition>char tOptions::fwInfoFile[256]</definition>
        <argsstring>[256]</argsstring>
        <name>fwInfoFile</name>
        <qualifiedname>tOptions::fwInfoFile</qualifiedname>
        <briefdescription>
        </briefdescription>
        <detaileddescription>
<para>The OpenPOWERLINK info file name </para>
        </detaileddescription>
        <inbodydescription>
        </inbodydescription>
        <location file="C:/Users/Squaria/Documents/openPOWERLINK_V2_CAC/apps/OBC_MN/include/opl.h" line="64" column="25" bodyfile="C:/Users/Squaria/Documents/openPOWERLINK_V2_CAC/apps/OBC_MN/include/opl.h" bodystart="64" bodyend="-1"/>
        <referencedby refid="opl_8cpp_1a670c5cd6fdf306df596560ec23f0cd2f" compoundref="opl_8cpp" startline="284" endline="370">initOPL</referencedby>
      </memberdef>
      <memberdef kind="variable" id="structt_options_1a7d8b6a0dc8e19d43ed48e2a7f0b47da8" prot="public" static="no" mutable="no">
        <type>char *</type>
        <definition>char* tOptions::pLogFile</definition>
        <argsstring></argsstring>
        <name>pLogFile</name>
        <qualifiedname>tOptions::pLogFile</qualifiedname>
        <briefdescription>
        </briefdescription>
        <detaileddescription>
<para>the custom log file output of OpenPOWERLINK </para>
        </detaileddescription>
        <inbodydescription>
        </inbodydescription>
        <location file="C:/Users/Squaria/Documents/openPOWERLINK_V2_CAC/apps/OBC_MN/include/opl.h" line="65" column="24" bodyfile="C:/Users/Squaria/Documents/openPOWERLINK_V2_CAC/apps/OBC_MN/include/opl.h" bodystart="65" bodyend="-1"/>
        <referencedby refid="opl_8cpp_1a670c5cd6fdf306df596560ec23f0cd2f" compoundref="opl_8cpp" startline="284" endline="370">initOPL</referencedby>
      </memberdef>
      <memberdef kind="variable" id="structt_options_1ad4dfda079fb51a7c23ff0321a2fc920e" prot="public" static="no" mutable="no">
        <type>tEventlogFormat</type>
        <definition>tEventlogFormat tOptions::logFormat</definition>
        <argsstring></argsstring>
        <name>logFormat</name>
        <qualifiedname>tOptions::logFormat</qualifiedname>
        <briefdescription>
        </briefdescription>
        <detaileddescription>
<para>the OpenPOWERLINK log format (see OpenPOWERLINK doc) </para>
        </detaileddescription>
        <inbodydescription>
        </inbodydescription>
        <location file="C:/Users/Squaria/Documents/openPOWERLINK_V2_CAC/apps/OBC_MN/include/opl.h" line="66" column="25" bodyfile="C:/Users/Squaria/Documents/openPOWERLINK_V2_CAC/apps/OBC_MN/include/opl.h" bodystart="66" bodyend="-1"/>
        <referencedby refid="opl_8cpp_1a670c5cd6fdf306df596560ec23f0cd2f" compoundref="opl_8cpp" startline="284" endline="370">initOPL</referencedby>
      </memberdef>
      <memberdef kind="variable" id="structt_options_1ac41ac397dd5398c735a7845a023e7877" prot="public" static="no" mutable="no">
        <type>UINT32</type>
        <definition>UINT32 tOptions::logLevel</definition>
        <argsstring></argsstring>
        <name>logLevel</name>
        <qualifiedname>tOptions::logLevel</qualifiedname>
        <briefdescription>
        </briefdescription>
        <detaileddescription>
<para>the OpenPOWERLINK log level (see OpenPOWERLINK doc) </para>
        </detaileddescription>
        <inbodydescription>
        </inbodydescription>
        <location file="C:/Users/Squaria/Documents/openPOWERLINK_V2_CAC/apps/OBC_MN/include/opl.h" line="67" column="25" bodyfile="C:/Users/Squaria/Documents/openPOWERLINK_V2_CAC/apps/OBC_MN/include/opl.h" bodystart="67" bodyend="-1"/>
        <referencedby refid="opl_8cpp_1a670c5cd6fdf306df596560ec23f0cd2f" compoundref="opl_8cpp" startline="284" endline="370">initOPL</referencedby>
      </memberdef>
      <memberdef kind="variable" id="structt_options_1ac2d0a48a3d2ed344da01233e48372775" prot="public" static="no" mutable="no">
        <type>UINT32</type>
        <definition>UINT32 tOptions::logCategory</definition>
        <argsstring></argsstring>
        <name>logCategory</name>
        <qualifiedname>tOptions::logCategory</qualifiedname>
        <briefdescription>
        </briefdescription>
        <detaileddescription>
<para>the OpenPOWERLINK log category (see OpenPOWERLINK doc) </para>
        </detaileddescription>
        <inbodydescription>
        </inbodydescription>
        <location file="C:/Users/Squaria/Documents/openPOWERLINK_V2_CAC/apps/OBC_MN/include/opl.h" line="68" column="25" bodyfile="C:/Users/Squaria/Documents/openPOWERLINK_V2_CAC/apps/OBC_MN/include/opl.h" bodystart="68" bodyend="-1"/>
        <referencedby refid="opl_8cpp_1a670c5cd6fdf306df596560ec23f0cd2f" compoundref="opl_8cpp" startline="284" endline="370">initOPL</referencedby>
      </memberdef>
      <memberdef kind="variable" id="structt_options_1a675c269016681a9bf07a16d975c20963" prot="public" static="no" mutable="no">
        <type>char</type>
        <definition>char tOptions::devName[200]</definition>
        <argsstring>[200]</argsstring>
        <name>devName</name>
        <qualifiedname>tOptions::devName</qualifiedname>
        <briefdescription>
        </briefdescription>
        <detaileddescription>
<para>the network card device name from the DEVNAME define in &apos;<ref refid="config_define_8h" kindref="compound">configDefine.h</ref>&apos; </para>
        </detaileddescription>
        <inbodydescription>
        </inbodydescription>
        <location file="C:/Users/Squaria/Documents/openPOWERLINK_V2_CAC/apps/OBC_MN/include/opl.h" line="69" column="25" bodyfile="C:/Users/Squaria/Documents/openPOWERLINK_V2_CAC/apps/OBC_MN/include/opl.h" bodystart="69" bodyend="-1"/>
        <referencedby refid="opl_8cpp_1a670c5cd6fdf306df596560ec23f0cd2f" compoundref="opl_8cpp" startline="284" endline="370">initOPL</referencedby>
      </memberdef>
    </sectiondef>
    <briefdescription>
<para>the OpenPOWERLINK initialization parameters </para>
    </briefdescription>
    <detaileddescription>
    </detaileddescription>
    <location file="C:/Users/Squaria/Documents/openPOWERLINK_V2_CAC/apps/OBC_MN/include/opl.h" line="61" column="5" bodyfile="C:/Users/Squaria/Documents/openPOWERLINK_V2_CAC/apps/OBC_MN/include/opl.h" bodystart="62" bodyend="70"/>
    <listofallmembers>
      <member refid="structt_options_1a6ddddbecf7127a1d2a9b9f8e430ce72e" prot="public" virt="non-virtual"><scope>tOptions</scope><name>cdcFile</name></member>
      <member refid="structt_options_1a675c269016681a9bf07a16d975c20963" prot="public" virt="non-virtual"><scope>tOptions</scope><name>devName</name></member>
      <member refid="structt_options_1a32813633c4fc364b2354b34c93af6d5c" prot="public" virt="non-virtual"><scope>tOptions</scope><name>fwInfoFile</name></member>
      <member refid="structt_options_1ac2d0a48a3d2ed344da01233e48372775" prot="public" virt="non-virtual"><scope>tOptions</scope><name>logCategory</name></member>
      <member refid="structt_options_1ad4dfda079fb51a7c23ff0321a2fc920e" prot="public" virt="non-virtual"><scope>tOptions</scope><name>logFormat</name></member>
      <member refid="structt_options_1ac41ac397dd5398c735a7845a023e7877" prot="public" virt="non-virtual"><scope>tOptions</scope><name>logLevel</name></member>
      <member refid="structt_options_1a7d8b6a0dc8e19d43ed48e2a7f0b47da8" prot="public" virt="non-virtual"><scope>tOptions</scope><name>pLogFile</name></member>
    </listofallmembers>
  </compounddef>
</doxygen>
