<?xml version='1.0' encoding='UTF-8' standalone='no'?>
<doxygen xmlns:xsi="http://www.w3.org/2001/XMLSchema-instance" xsi:noNamespaceSchemaLocation="compound.xsd" version="1.10.0" xml:lang="en-US">
  <compounddef id="struct_ligne_activation" kind="struct" language="C++" prot="public">
    <compoundname>LigneActivation</compoundname>
    <includes refid="csv_8h" local="no">csv.h</includes>
    <sectiondef kind="public-attrib">
      <memberdef kind="variable" id="struct_ligne_activation_1a75f37006d60ba54e0cc20b3cf0e6c449" prot="public" static="no" mutable="no">
        <type>uint8_t</type>
        <definition>uint8_t LigneActivation::activation[MAX_LINE_SIZE]</definition>
        <argsstring>[MAX_LINE_SIZE]</argsstring>
        <name>activation</name>
        <qualifiedname>LigneActivation::activation</qualifiedname>
        <briefdescription>
        </briefdescription>
        <detaileddescription>
<para>the activation of a valve, sensor or board state (1 for activated, 0 otherwise) </para>
        </detaileddescription>
        <inbodydescription>
        </inbodydescription>
        <location file="C:/Users/Squaria/Documents/openPOWERLINK_V2_CAC/apps/OBC_MN/include/csv.h" line="44" column="13" bodyfile="C:/Users/Squaria/Documents/openPOWERLINK_V2_CAC/apps/OBC_MN/include/csv.h" bodystart="44" bodyend="-1"/>
      </memberdef>
    </sectiondef>
    <briefdescription>
<para>struct containing the boolean values taken from &quot;activation.csv&quot; </para>
    </briefdescription>
    <detaileddescription>
    </detaileddescription>
    <location file="C:/Users/Squaria/Documents/openPOWERLINK_V2_CAC/apps/OBC_MN/include/csv.h" line="43" column="1" bodyfile="C:/Users/Squaria/Documents/openPOWERLINK_V2_CAC/apps/OBC_MN/include/csv.h" bodystart="43" bodyend="45"/>
    <listofallmembers>
      <member refid="struct_ligne_activation_1a75f37006d60ba54e0cc20b3cf0e6c449" prot="public" virt="non-virtual"><scope>LigneActivation</scope><name>activation</name></member>
    </listofallmembers>
  </compounddef>
</doxygen>
