<?xml version='1.0' encoding='UTF-8' standalone='no'?>
<doxygen xmlns:xsi="http://www.w3.org/2001/XMLSchema-instance" xsi:noNamespaceSchemaLocation="compound.xsd" version="1.10.0" xml:lang="en-US">
  <compounddef id="struct_p_i___i_n" kind="struct" language="C++" prot="public">
    <compoundname>PI_IN</compoundname>
    <includes refid="xap_opl_8h" local="no">xapOpl.h</includes>
    <sectiondef kind="public-attrib">
      <memberdef kind="variable" id="struct_p_i___i_n_1a1f35f6ce611fe3bb17297507b7c76428" prot="public" static="no" mutable="no">
        <type>int16_t</type>
        <definition>int16_t PI_IN::in_MN_array[SIZE_IN]</definition>
        <argsstring>[SIZE_IN]</argsstring>
        <name>in_MN_array</name>
        <qualifiedname>PI_IN::in_MN_array</qualifiedname>
        <briefdescription>
        </briefdescription>
        <detaileddescription>
<para>the array of OpenPOWERLINK values coming from the CNs </para>
        </detaileddescription>
        <inbodydescription>
        </inbodydescription>
        <location file="C:/Users/Squaria/Documents/openPOWERLINK_V2_CAC/apps/OBC_MN/include/xapOpl.h" line="43" column="9" bodyfile="C:/Users/Squaria/Documents/openPOWERLINK_V2_CAC/apps/OBC_MN/include/xapOpl.h" bodystart="43" bodyend="-1"/>
        <referencedby refid="opl_8cpp_1a4694c875ca4b6710094a1116cb75aea0" compoundref="opl_8cpp" startline="174" endline="182">affValeursOutProcess</referencedby>
        <referencedby refid="opl_8cpp_1ac86056da77ac48c34bffd6a85f4567fe" compoundref="opl_8cpp" startline="632" endline="679">processSync</referencedby>
      </memberdef>
    </sectiondef>
    <briefdescription>
<para><ref refid="struct_p_i___i_n" kindref="compound">PI_IN</ref> contains the TPDOs (Transmitted Process Data Object) so the OpenPOWERLINK values coming from the CNs (Controlled Nodes) to the MN. </para>
    </briefdescription>
    <detaileddescription>
    </detaileddescription>
    <location file="C:/Users/Squaria/Documents/openPOWERLINK_V2_CAC/apps/OBC_MN/include/xapOpl.h" line="41" column="1" bodyfile="C:/Users/Squaria/Documents/openPOWERLINK_V2_CAC/apps/OBC_MN/include/xapOpl.h" bodystart="42" bodyend="44"/>
    <listofallmembers>
      <member refid="struct_p_i___i_n_1a1f35f6ce611fe3bb17297507b7c76428" prot="public" virt="non-virtual"><scope>PI_IN</scope><name>in_MN_array</name></member>
    </listofallmembers>
  </compounddef>
</doxygen>
